image_path,rank,color_hex,share
data/latest/images/Balmain_burgundy_runway_2025_f060c1b1a8286a04.jpg,1,#ffffff,0.46643946755144766
data/latest/images/Balmain_burgundy_runway_2025_f060c1b1a8286a04.jpg,2,#180b0b,0.23091250938104832
data/latest/images/Balmain_burgundy_runway_2025_f060c1b1a8286a04.jpg,3,#3d251f,0.17061215783860648
data/latest/images/Balmain_burgundy_runway_2025_f060c1b1a8286a04.jpg,4,#6d4643,0.08064352016431647
data/latest/images/Balmain_burgundy_runway_2025_f060c1b1a8286a04.jpg,5,#b07380,0.05139234506458111
data/latest/images/Gucci_Fall_2013_runway_0b91c3d356e0b167.jpg,1,#060604,0.624199026015635
data/latest/images/Gucci_Fall_2013_runway_0b91c3d356e0b167.jpg,2,#302b24,0.17958637703447392
data/latest/images/Gucci_Fall_2013_runway_0b91c3d356e0b167.jpg,3,#655c4f,0.09974529027297194
data/latest/images/Gucci_Fall_2013_runway_0b91c3d356e0b167.jpg,4,#9d9582,0.056712962962962965
data/latest/images/Gucci_Fall_2013_runway_0b91c3d356e0b167.jpg,5,#e3dbcd,0.03975634371395617
data/latest/images/vogue_runway_emerald_dress_81cd9705c6753f74.jpg,1,#dcdfe4,0.6186609375
data/latest/images/vogue_runway_emerald_dress_81cd9705c6753f74.jpg,2,#cccaca,0.26711875
data/latest/images/vogue_runway_emerald_dress_81cd9705c6753f74.jpg,3,#085144,0.0654875
data/latest/images/vogue_runway_emerald_dress_81cd9705c6753f74.jpg,4,#0b2318,0.033653125
data/latest/images/vogue_runway_emerald_dress_81cd9705c6753f74.jpg,5,#ab8a7a,0.0150796875
data/latest/images/Chanel_haute_couture_2020_449917d0bf148f29.jpg,1,#f5f3f6,0.7848526905283663
data/latest/images/Chanel_haute_couture_2020_449917d0bf148f29.jpg,2,#26222e,0.05998295592890188
data/latest/images/Chanel_haute_couture_2020_449917d0bf148f29.jpg,3,#5f515a,0.05437302167031897
data/latest/images/Chanel_haute_couture_2020_449917d0bf148f29.jpg,4,#cbb3b9,0.05290966642317994
data/latest/images/Chanel_haute_couture_2020_449917d0bf148f29.jpg,5,#9c787f,0.047881665449233016
data/latest/images/Chanel_haute_couture_2020_ef9a8511e49dccb1.jpg,1,#131718,0.3760337253351586
data/latest/images/Chanel_haute_couture_2020_ef9a8511e49dccb1.jpg,2,#37413d,0.2984744530069864
data/latest/images/Chanel_haute_couture_2020_ef9a8511e49dccb1.jpg,3,#646a59,0.15103121754626134
data/latest/images/Chanel_haute_couture_2020_ef9a8511e49dccb1.jpg,4,#a0a4a5,0.09619435658987915
data/latest/images/Chanel_haute_couture_2020_ef9a8511e49dccb1.jpg,5,#cdd6db,0.0782662475217145
data/latest/images/Balmain_burgundy_runway_2025_6e4831fda867c8c5.jpg,1,#d1b8a2,0.4583483818011257
data/latest/images/Balmain_burgundy_runway_2025_6e4831fda867c8c5.jpg,2,#c1aa93,0.23475433864915574
data/latest/images/Balmain_burgundy_runway_2025_6e4831fda867c8c5.jpg,3,#b1947e,0.20002169324577862
data/latest/images/Balmain_burgundy_runway_2025_6e4831fda867c8c5.jpg,4,#3a2829,0.053812734521575985
data/latest/images/Balmain_burgundy_runway_2025_6e4831fda867c8c5.jpg,5,#7b675d,0.05306285178236398
data/latest/images/vogue_runway_emerald_dress_d6a231d6581c6191.jpg,1,#1b1a11,0.31740026773761715
data/latest/images/vogue_runway_emerald_dress_d6a231d6581c6191.jpg,2,#446349,0.21934939759036146
data/latest/images/vogue_runway_emerald_dress_d6a231d6581c6191.jpg,3,#84b38a,0.1583239625167336
data/latest/images/vogue_runway_emerald_dress_d6a231d6581c6191.jpg,4,#f3a165,0.15736010709504686
data/latest/images/vogue_runway_emerald_dress_d6a231d6581c6191.jpg,5,#824a30,0.14756626506024095
data/latest/images/vogue_runway_emerald_dress_357316de8e2d3c32.jpg,1,#0b110c,0.3440052216782577
data/latest/images/vogue_runway_emerald_dress_357316de8e2d3c32.jpg,2,#242f2c,0.2760290366489751
data/latest/images/vogue_runway_emerald_dress_357316de8e2d3c32.jpg,3,#45514d,0.23493763154282576
data/latest/images/vogue_runway_emerald_dress_357316de8e2d3c32.jpg,4,#617477,0.0958957923453514
data/latest/images/vogue_runway_emerald_dress_357316de8e2d3c32.jpg,5,#d9c8ae,0.04913231778459004
data/latest/images/Chanel_haute_couture_2020_6ef5c1b99ed068f1.webp,1,#777582,0.3972236530830281
data/latest/images/Chanel_haute_couture_2020_6ef5c1b99ed068f1.webp,2,#61606c,0.3070639213217338
data/latest/images/Chanel_haute_couture_2020_6ef5c1b99ed068f1.webp,3,#0a0a12,0.17351572039072038
data/latest/images/Chanel_haute_couture_2020_6ef5c1b99ed068f1.webp,4,#3d3c48,0.08131343482905982
data/latest/images/Chanel_haute_couture_2020_6ef5c1b99ed068f1.webp,5,#d0cfd9,0.04088327037545787
data/latest/images/Chanel_haute_couture_2020_2e3be62eca05ffd1.jpg,1,#bab9bd,0.3539366557921245
data/latest/images/Chanel_haute_couture_2020_2e3be62eca05ffd1.jpg,2,#dae3f2,0.24960830185439561
data/latest/images/Chanel_haute_couture_2020_2e3be62eca05ffd1.jpg,3,#9d9893,0.20519295157967032
data/latest/images/Chanel_haute_couture_2020_2e3be62eca05ffd1.jpg,4,#75716c,0.11273859603937729
data/latest/images/Chanel_haute_couture_2020_2e3be62eca05ffd1.jpg,5,#393830,0.07852349473443224
data/latest/images/Chanel_haute_couture_2020_21361c5a33592a14.jpg,1,#151515,0.3891604938271605
data/latest/images/Chanel_haute_couture_2020_21361c5a33592a14.jpg,2,#2f2f2f,0.24502743484224965
data/latest/images/Chanel_haute_couture_2020_21361c5a33592a14.jpg,3,#dfdfdf,0.17195130315500687
data/latest/images/Chanel_haute_couture_2020_21361c5a33592a14.jpg,4,#515151,0.0984286694101509
data/latest/images/Chanel_haute_couture_2020_21361c5a33592a14.jpg,5,#afafaf,0.0954320987654321
data/latest/images/Balmain_burgundy_runway_2025_12a898d0face248d.jpg,1,#171b1b,0.3432652395519151
data/latest/images/Balmain_burgundy_runway_2025_12a898d0face248d.jpg,2,#585659,0.3212609693547615
data/latest/images/Balmain_burgundy_runway_2025_12a898d0face248d.jpg,3,#f8e7e2,0.2378523394978231
data/latest/images/Balmain_burgundy_runway_2025_12a898d0face248d.jpg,4,#9e745e,0.056426482367930075
data/latest/images/Balmain_burgundy_runway_2025_12a898d0face248d.jpg,5,#bfb6b2,0.04119496922757021
data/latest/images/leopard_print_runway_1990s_2a577bc2c8574b06.jpg,1,#090503,0.31798112116212474
data/latest/images/leopard_print_runway_1990s_2a577bc2c8574b06.jpg,2,#373029,0.2058080635679202
data/latest/images/leopard_print_runway_1990s_2a577bc2c8574b06.jpg,3,#8b7b75,0.1824220572338852
data/latest/images/leopard_print_runway_1990s_2a577bc2c8574b06.jpg,4,#b9a799,0.14706780641368455
data/latest/images/leopard_print_runway_1990s_2a577bc2c8574b06.jpg,5,#6a594c,0.14672095162238533
data/latest/images/Balmain_burgundy_runway_2025_9cdabcf428dcd8b2.jpg,1,#dbd4e4,0.400513114071607
data/latest/images/Balmain_burgundy_runway_2025_9cdabcf428dcd8b2.jpg,2,#ede7f3,0.39107514571190677
data/latest/images/Balmain_burgundy_runway_2025_9cdabcf428dcd8b2.jpg,3,#b6392a,0.16067964196502915
data/latest/images/Balmain_burgundy_runway_2025_9cdabcf428dcd8b2.jpg,4,#412c2a,0.038548084929225644
data/latest/images/Balmain_burgundy_runway_2025_9cdabcf428dcd8b2.jpg,5,#b58779,0.009184013322231474
data/latest/images/Balmain_burgundy_runway_2025_54bc7e26686d5059.jpg,1,#c4bab2,0.29673015873015873
data/latest/images/Balmain_burgundy_runway_2025_54bc7e26686d5059.jpg,2,#191410,0.25656349206349205
data/latest/images/Balmain_burgundy_runway_2025_54bc7e26686d5059.jpg,3,#4b3c34,0.20274126984126983
data/latest/images/Balmain_burgundy_runway_2025_54bc7e26686d5059.jpg,4,#716e6f,0.18730952380952381
data/latest/images/Balmain_burgundy_runway_2025_54bc7e26686d5059.jpg,5,#ad6a42,0.056655555555555556
data/latest/images/Gucci_Fall_2013_runway_59c0cac10d0a28b8.jpg,1,#090709,0.6197059461805555
data/latest/images/Gucci_Fall_2013_runway_59c0cac10d0a28b8.jpg,2,#292327,0.16142686631944445
data/latest/images/Gucci_Fall_2013_runway_59c0cac10d0a28b8.jpg,3,#545256,0.11168402777777778
data/latest/images/Gucci_Fall_2013_runway_59c0cac10d0a28b8.jpg,4,#7a7b81,0.1030544704861111
data/latest/images/Gucci_Fall_2013_runway_59c0cac10d0a28b8.jpg,5,#d0cfd6,0.004128689236111111
data/latest/images/Balmain_burgundy_runway_2025_8c3557b3c16a3287.jpg,1,#d6d4d7,0.4155479166666667
data/latest/images/Balmain_burgundy_runway_2025_8c3557b3c16a3287.jpg,2,#e7e5e8,0.36651875
data/latest/images/Balmain_burgundy_runway_2025_8c3557b3c16a3287.jpg,3,#252125,0.12792604166666666
data/latest/images/Balmain_burgundy_runway_2025_8c3557b3c16a3287.jpg,4,#5e4842,0.0823375
data/latest/images/Balmain_burgundy_runway_2025_8c3557b3c16a3287.jpg,5,#d03f49,0.007669791666666667
data/latest/images/Balmain_burgundy_runway_2025_bc35800df9cdcf58.webp,1,#e9e8e9,0.3647054036458333
data/latest/images/Balmain_burgundy_runway_2025_bc35800df9cdcf58.webp,2,#d0cccc,0.2848036024305556
data/latest/images/Balmain_burgundy_runway_2025_bc35800df9cdcf58.webp,3,#171516,0.18169996473524305
data/latest/images/Balmain_burgundy_runway_2025_bc35800df9cdcf58.webp,4,#be8070,0.08910454644097222
data/latest/images/Balmain_burgundy_runway_2025_bc35800df9cdcf58.webp,5,#6e3b34,0.07968648274739583
data/latest/images/Balmain_burgundy_runway_2025_a30608ba40f3b7db.jpg,1,#1c1210,0.2757323232323232
data/latest/images/Balmain_burgundy_runway_2025_a30608ba40f3b7db.jpg,2,#e7dcdd,0.2162052341597796
data/latest/images/Balmain_burgundy_runway_2025_a30608ba40f3b7db.jpg,3,#57493e,0.21242232935414754
data/latest/images/Balmain_burgundy_runway_2025_a30608ba40f3b7db.jpg,4,#7c172a,0.16171793694520967
data/latest/images/Balmain_burgundy_runway_2025_a30608ba40f3b7db.jpg,5,#a7928b,0.13392217630853995
data/latest/images/Chanel_haute_couture_2020_215a0f61b7a446e4.jpg,1,#b0aca9,0.2707291666666667
data/latest/images/Chanel_haute_couture_2020_215a0f61b7a446e4.jpg,2,#191f14,0.250234375
data/latest/images/Chanel_haute_couture_2020_215a0f61b7a446e4.jpg,3,#484e39,0.21332682291666666
data/latest/images/Chanel_haute_couture_2020_215a0f61b7a446e4.jpg,4,#8b867b,0.17675130208333334
data/latest/images/Chanel_haute_couture_2020_215a0f61b7a446e4.jpg,5,#dcdbe2,0.08895833333333333
data/latest/images/Chanel_haute_couture_2020_e40cd89f511a66d3.jpg,1,#c6bba9,0.26207454219745224
data/latest/images/Chanel_haute_couture_2020_e40cd89f511a66d3.jpg,2,#1b1f37,0.24844620820063695
data/latest/images/Chanel_haute_couture_2020_e40cd89f511a66d3.jpg,3,#395799,0.2083685808121019
data/latest/images/Chanel_haute_couture_2020_e40cd89f511a66d3.jpg,4,#f0eeea,0.19015102507961784
data/latest/images/Chanel_haute_couture_2020_e40cd89f511a66d3.jpg,5,#7f6c6b,0.09095964371019108
data/latest/images/Gucci_Fall_2013_runway_8cc6266e9447daf3.jpg,1,#141715,0.7155508391365428
data/latest/images/Gucci_Fall_2013_runway_8cc6266e9447daf3.jpg,2,#373530,0.14186392543694012
data/latest/images/Gucci_Fall_2013_runway_8cc6266e9447daf3.jpg,3,#706a69,0.07155319566760827
data/latest/images/Gucci_Fall_2013_runway_8cc6266e9447daf3.jpg,4,#b0a09a,0.0407068082599435
data/latest/images/Gucci_Fall_2013_runway_8cc6266e9447daf3.jpg,5,#fcfaf9,0.030325231498965242
data/latest/images/Chanel_haute_couture_2020_21410c70fd8aab83.jpg,1,#0c0a0f,0.3339240506329114
data/latest/images/Chanel_haute_couture_2020_21410c70fd8aab83.jpg,2,#332f33,0.28592827004219407
data/latest/images/Chanel_haute_couture_2020_21410c70fd8aab83.jpg,3,#6a6264,0.26004303797468353
data/latest/images/Chanel_haute_couture_2020_21410c70fd8aab83.jpg,4,#e1d7d5,0.060533333333333335
data/latest/images/Chanel_haute_couture_2020_21410c70fd8aab83.jpg,5,#a99895,0.059571308016877635
data/latest/images/Gucci_Fall_2013_runway_a217233149ced9ae.jpg,1,#030404,0.608513715880471
data/latest/images/Gucci_Fall_2013_runway_a217233149ced9ae.jpg,2,#393e44,0.19052481110884215
data/latest/images/Gucci_Fall_2013_runway_a217233149ced9ae.jpg,3,#4c627d,0.10293121639098768
data/latest/images/Gucci_Fall_2013_runway_a217233149ced9ae.jpg,4,#808fa1,0.07615121502960996
data/latest/images/Gucci_Fall_2013_runway_a217233149ced9ae.jpg,5,#c8c4c3,0.02187904159008917
data/latest/images/Chanel_haute_couture_2020_9b4ba97172e5bbda.jpg,1,#c3c9d9,0.30998842975206614
data/latest/images/Chanel_haute_couture_2020_9b4ba97172e5bbda.jpg,2,#a8a8ad,0.2708914600550964
data/latest/images/Chanel_haute_couture_2020_9b4ba97172e5bbda.jpg,3,#8b8787,0.21363085399449036
data/latest/images/Chanel_haute_couture_2020_9b4ba97172e5bbda.jpg,4,#625f5d,0.11381928374655648
data/latest/images/Chanel_haute_couture_2020_9b4ba97172e5bbda.jpg,5,#2a2a27,0.09166997245179064
data/latest/images/Chanel_haute_couture_2020_b2271c8f2ad1e1cc.jpg,1,#3f462d,0.25546145833333334
data/latest/images/Chanel_haute_couture_2020_b2271c8f2ad1e1cc.jpg,2,#1a2012,0.238109375
data/latest/images/Chanel_haute_couture_2020_b2271c8f2ad1e1cc.jpg,3,#a29b92,0.20926666666666666
data/latest/images/Chanel_haute_couture_2020_b2271c8f2ad1e1cc.jpg,4,#6d705a,0.160275
data/latest/images/Chanel_haute_couture_2020_b2271c8f2ad1e1cc.jpg,5,#c7c7ca,0.1368875
data/latest/images/leopard_print_runway_1990s_61678f957132f3fa.jpg,1,#f5f3f7,0.4720083041958042
data/latest/images/leopard_print_runway_1990s_61678f957132f3fa.jpg,2,#9a6b46,0.1632910839160839
data/latest/images/leopard_print_runway_1990s_61678f957132f3fa.jpg,3,#1e140f,0.13403846153846155
data/latest/images/leopard_print_runway_1990s_61678f957132f3fa.jpg,4,#684026,0.12815777972027972
data/latest/images/leopard_print_runway_1990s_61678f957132f3fa.jpg,5,#c19771,0.10250437062937062
data/latest/images/leopard_print_runway_1990s_4c33a16d2be523c9.jpg,1,#503924,0.33118255601280294
data/latest/images/leopard_print_runway_1990s_4c33a16d2be523c9.jpg,2,#ac977f,0.2430727023319616
data/latest/images/leopard_print_runway_1990s_4c33a16d2be523c9.jpg,3,#81674e,0.22186785550983082
data/latest/images/leopard_print_runway_1990s_4c33a16d2be523c9.jpg,4,#221c18,0.12440157750342935
data/latest/images/leopard_print_runway_1990s_4c33a16d2be523c9.jpg,5,#e2e1e1,0.07947530864197531
data/latest/images/vogue_runway_emerald_dress_6542aa8872bd2a86.jpg,1,#151f20,0.3049885200306133
data/latest/images/vogue_runway_emerald_dress_6542aa8872bd2a86.jpg,2,#cdad91,0.24210602105061052
data/latest/images/vogue_runway_emerald_dress_6542aa8872bd2a86.jpg,3,#275157,0.1830848451070797
data/latest/images/vogue_runway_emerald_dress_6542aa8872bd2a86.jpg,4,#8a7060,0.13813563163831563
data/latest/images/vogue_runway_emerald_dress_6542aa8872bd2a86.jpg,5,#f4e3d6,0.13168498217338087
data/latest/images/Gucci_Fall_2013_runway_546df877241bfb98.jpg,1,#0b0d12,0.44542831487920936
data/latest/images/Gucci_Fall_2013_runway_546df877241bfb98.jpg,2,#191921,0.3766743114019034
data/latest/images/Gucci_Fall_2013_runway_546df877241bfb98.jpg,3,#57213f,0.13311454806460468
data/latest/images/Gucci_Fall_2013_runway_546df877241bfb98.jpg,4,#726982,0.030416061379026353
data/latest/images/Gucci_Fall_2013_runway_546df877241bfb98.jpg,5,#d3d4de,0.014366764275256223
data/latest/images/Balmain_burgundy_runway_2025_99bfb5f0d2bcc221.jpg,1,#6b605d,0.2365234375
data/latest/images/Balmain_burgundy_runway_2025_99bfb5f0d2bcc221.jpg,2,#362c26,0.22429578993055554
data/latest/images/Balmain_burgundy_runway_2025_99bfb5f0d2bcc221.jpg,3,#0c0907,0.22208333333333333
data/latest/images/Balmain_burgundy_runway_2025_99bfb5f0d2bcc221.jpg,4,#cbc1ba,0.20961371527777778
data/latest/images/Balmain_burgundy_runway_2025_99bfb5f0d2bcc221.jpg,5,#aa9382,0.10748372395833333
data/latest/images/Chanel_haute_couture_2020_eb1bfd2be5f04b2d.jpg,1,#2b3020,0.2534256335296092
data/latest/images/Chanel_haute_couture_2020_eb1bfd2be5f04b2d.jpg,2,#5f5d48,0.2299185018685274
data/latest/images/Chanel_haute_couture_2020_eb1bfd2be5f04b2d.jpg,3,#e6e0dc,0.19444635970416133
data/latest/images/Chanel_haute_couture_2020_eb1bfd2be5f04b2d.jpg,4,#bcb2a5,0.17592656434583157
data/latest/images/Chanel_haute_couture_2020_eb1bfd2be5f04b2d.jpg,5,#8d887a,0.1462829405518706
data/latest/images/Balmain_burgundy_runway_2025_37ce611271db91f6.jpg,1,#161818,0.355524281744407
data/latest/images/Balmain_burgundy_runway_2025_37ce611271db91f6.jpg,2,#f9e5db,0.2745597073743075
data/latest/images/Balmain_burgundy_runway_2025_37ce611271db91f6.jpg,3,#59585a,0.2546669553480003
data/latest/images/Balmain_burgundy_runway_2025_37ce611271db91f6.jpg,4,#d6c7bf,0.08363594854326684
data/latest/images/Balmain_burgundy_runway_2025_37ce611271db91f6.jpg,5,#a29085,0.03161310699001834
data/latest/images/leopard_print_runway_1990s_961377a67bc18b6e.jpg,1,#030203,0.4790605296343001
data/latest/images/leopard_print_runway_1990s_961377a67bc18b6e.jpg,2,#5c5a59,0.18590479192938208
data/latest/images/leopard_print_runway_1990s_961377a67bc18b6e.jpg,3,#3b2c20,0.11706284153005464
data/latest/images/leopard_print_runway_1990s_961377a67bc18b6e.jpg,4,#947761,0.11023644388398486
data/latest/images/leopard_print_runway_1990s_961377a67bc18b6e.jpg,5,#b89b8a,0.10773539302227826
data/latest/images/leopard_print_runway_1990s_bcc93e40f2ea06bf.jpg,1,#cfc9c6,0.4703768
data/latest/images/leopard_print_runway_1990s_bcc93e40f2ea06bf.jpg,2,#39302b,0.1661936
data/latest/images/leopard_print_runway_1990s_bcc93e40f2ea06bf.jpg,3,#bf9c89,0.1500792
data/latest/images/leopard_print_runway_1990s_bcc93e40f2ea06bf.jpg,4,#765d51,0.1291896
data/latest/images/leopard_print_runway_1990s_bcc93e40f2ea06bf.jpg,5,#110d0c,0.0841608
data/latest/images/leopard_print_runway_1990s_756cf2daa7245caf.jpg,1,#b2adb1,0.3157883785450062
data/latest/images/leopard_print_runway_1990s_756cf2daa7245caf.jpg,2,#8b8480,0.27741163173037403
data/latest/images/leopard_print_runway_1990s_756cf2daa7245caf.jpg,3,#68523a,0.1436171907110563
data/latest/images/leopard_print_runway_1990s_756cf2daa7245caf.jpg,4,#1b130c,0.13427532881216606
data/latest/images/leopard_print_runway_1990s_756cf2daa7245caf.jpg,5,#e7e4e2,0.12890747020139745
data/latest/images/vogue_runway_emerald_dress_ed1a4dab4ec12780.jpg,1,#7e7979,0.5915593766363864
data/latest/images/vogue_runway_emerald_dress_ed1a4dab4ec12780.jpg,2,#bbb2a6,0.15593339480454432
data/latest/images/vogue_runway_emerald_dress_ed1a4dab4ec12780.jpg,3,#21261e,0.10674361951597112
data/latest/images/vogue_runway_emerald_dress_ed1a4dab4ec12780.jpg,4,#bc8b6c,0.09966541826985102
data/latest/images/vogue_runway_emerald_dress_ed1a4dab4ec12780.jpg,5,#7c4d3f,0.04609819077324712
data/latest/images/leopard_print_runway_1990s_63efbde68d3d3b02.jpg,1,#181618,0.35367329889349225
data/latest/images/leopard_print_runway_1990s_63efbde68d3d3b02.jpg,2,#413226,0.239558078870646
data/latest/images/leopard_print_runway_1990s_63efbde68d3d3b02.jpg,3,#cebca4,0.1399178217652976
data/latest/images/leopard_print_runway_1990s_63efbde68d3d3b02.jpg,4,#b48f68,0.13779175830733295
data/latest/images/leopard_print_runway_1990s_63efbde68d3d3b02.jpg,5,#7b6043,0.12905904216323122
data/latest/images/Chanel_haute_couture_2020_765b50fa0492c7a3.jpg,1,#bfbec3,0.50603125
data/latest/images/Chanel_haute_couture_2020_765b50fa0492c7a3.jpg,2,#cfd8e8,0.198978125
data/latest/images/Chanel_haute_couture_2020_765b50fa0492c7a3.jpg,3,#a19c99,0.18321875
data/latest/images/Chanel_haute_couture_2020_765b50fa0492c7a3.jpg,4,#6c6d61,0.0664625
data/latest/images/Chanel_haute_couture_2020_765b50fa0492c7a3.jpg,5,#31342d,0.045309375
data/latest/images/leopard_print_runway_1990s_97658a2e51f24224.jpg,1,#111010,0.4793014898592799
data/latest/images/leopard_print_runway_1990s_97658a2e51f24224.jpg,2,#d2d6c5,0.21830079936292893
data/latest/images/leopard_print_runway_1990s_97658a2e51f24224.jpg,3,#3a382f,0.15745307648885126
data/latest/images/leopard_print_runway_1990s_97658a2e51f24224.jpg,4,#706046,0.08139053532787656
data/latest/images/leopard_print_runway_1990s_97658a2e51f24224.jpg,5,#a4a091,0.0635540989610634
data/latest/images/Chanel_haute_couture_2020_d7fdbdac0c08a099.jpg,1,#431c0a,0.3065607779059336
data/latest/images/Chanel_haute_couture_2020_d7fdbdac0c08a099.jpg,2,#ebe7e3,0.2380694925028835
data/latest/images/Chanel_haute_couture_2020_d7fdbdac0c08a099.jpg,3,#6f4e36,0.22186979366910162
data/latest/images/Chanel_haute_couture_2020_d7fdbdac0c08a099.jpg,4,#8f7b6f,0.1274109316929386
data/latest/images/Chanel_haute_couture_2020_d7fdbdac0c08a099.jpg,5,#c2b5ad,0.10608900422914264
data/latest/images/Balmain_burgundy_runway_2025_b128957c7d0fb4e7.jpg,1,#e1dfe1,0.7779351806640625
data/latest/images/Balmain_burgundy_runway_2025_b128957c7d0fb4e7.jpg,2,#811d27,0.08074635823567708
data/latest/images/Balmain_burgundy_runway_2025_b128957c7d0fb4e7.jpg,3,#251e22,0.06741617838541666
data/latest/images/Balmain_burgundy_runway_2025_b128957c7d0fb4e7.jpg,4,#5a5558,0.047666015625
data/latest/images/Balmain_burgundy_runway_2025_b128957c7d0fb4e7.jpg,5,#bc9277,0.02623626708984375
data/latest/images/Balmain_burgundy_runway_2025_9748bf16b3f19118.jpg,1,#150e0c,0.41505859375
data/latest/images/Balmain_burgundy_runway_2025_9748bf16b3f19118.jpg,2,#4d2b22,0.17999565972222223
data/latest/images/Balmain_burgundy_runway_2025_9748bf16b3f19118.jpg,3,#bf9d86,0.15308051215277776
data/latest/images/Balmain_burgundy_runway_2025_9748bf16b3f19118.jpg,4,#e3d8cd,0.14241319444444445
data/latest/images/Balmain_burgundy_runway_2025_9748bf16b3f19118.jpg,5,#855e4e,0.10945203993055555
data/latest/images/Gucci_Fall_2013_runway_5940c00d2816d925.jpg,1,#070606,0.5629044918621043
data/latest/images/Gucci_Fall_2013_runway_5940c00d2816d925.jpg,2,#3b2925,0.18559368191721132
data/latest/images/Gucci_Fall_2013_runway_5940c00d2816d925.jpg,3,#744c40,0.1286924900679226
data/latest/images/Gucci_Fall_2013_runway_5940c00d2816d925.jpg,4,#ac7f6f,0.10232042163270537
data/latest/images/Gucci_Fall_2013_runway_5940c00d2816d925.jpg,5,#e6dad4,0.020488914520056387
data/latest/images/Gucci_Fall_2013_runway_b687aa0cffc8810b.jpg,1,#040505,0.6517164872484942
data/latest/images/Gucci_Fall_2013_runway_b687aa0cffc8810b.jpg,2,#282a32,0.1570870178136614
data/latest/images/Gucci_Fall_2013_runway_b687aa0cffc8810b.jpg,3,#4d4d59,0.09930074971164937
data/latest/images/Gucci_Fall_2013_runway_b687aa0cffc8810b.jpg,4,#968794,0.05455834294502115
data/latest/images/Gucci_Fall_2013_runway_b687aa0cffc8810b.jpg,5,#e8dce1,0.03733740228117391
data/latest/images/Balmain_burgundy_runway_2025_939e306b411abc92.jpg,1,#0b0707,0.3763840843517274
data/latest/images/Balmain_burgundy_runway_2025_939e306b411abc92.jpg,2,#e7deed,0.2627796492394145
data/latest/images/Balmain_burgundy_runway_2025_939e306b411abc92.jpg,3,#402a27,0.15538376712639163
data/latest/images/Balmain_burgundy_runway_2025_939e306b411abc92.jpg,4,#bdb2c5,0.112735841931147
data/latest/images/Balmain_burgundy_runway_2025_939e306b411abc92.jpg,5,#886b67,0.09271665735131951
data/latest/images/leopard_print_runway_1990s_0f1772fd3febe848.jpg,1,#fffffb,0.46993354430379747
data/latest/images/leopard_print_runway_1990s_0f1772fd3febe848.jpg,2,#322c2d,0.24832395686826067
data/latest/images/leopard_print_runway_1990s_0f1772fd3febe848.jpg,3,#d9d1cd,0.11472855133614628
data/latest/images/leopard_print_runway_1990s_0f1772fd3febe848.jpg,4,#644e4e,0.09582782466010314
data/latest/images/leopard_print_runway_1990s_0f1772fd3febe848.jpg,5,#a78782,0.07118612283169246
data/latest/images/Gucci_Fall_2013_runway_33a4986f3bc83495.jpg,1,#000100,0.8778092447916667
data/latest/images/Gucci_Fall_2013_runway_33a4986f3bc83495.jpg,2,#0d1810,0.06187174479166667
data/latest/images/Gucci_Fall_2013_runway_33a4986f3bc83495.jpg,3,#2b3f2d,0.031298828125
data/latest/images/Gucci_Fall_2013_runway_33a4986f3bc83495.jpg,4,#576755,0.018678385416666665
data/latest/images/Gucci_Fall_2013_runway_33a4986f3bc83495.jpg,5,#989c87,0.010341796875
data/latest/images/vogue_runway_emerald_dress_81d4c9408083f8f2.jpg,1,#1a210b,0.31181504608301003
data/latest/images/vogue_runway_emerald_dress_81d4c9408083f8f2.jpg,2,#525829,0.23351652936479844
data/latest/images/vogue_runway_emerald_dress_81d4c9408083f8f2.jpg,3,#b6c9b8,0.1882503915277179
data/latest/images/vogue_runway_emerald_dress_81d4c9408083f8f2.jpg,4,#8b9162,0.16281228891978755
data/latest/images/vogue_runway_emerald_dress_81d4c9408083f8f2.jpg,5,#f1f3f3,0.10360574410468612
data/latest/images/Gucci_Fall_2013_runway_08c614baf8c4a2b2.jpg,1,#0c0a0b,0.4449644431089744
data/latest/images/Gucci_Fall_2013_runway_08c614baf8c4a2b2.jpg,2,#474440,0.2886039091117216
data/latest/images/Gucci_Fall_2013_runway_08c614baf8c4a2b2.jpg,3,#a8a9af,0.10682305975274725
data/latest/images/Gucci_Fall_2013_runway_08c614baf8c4a2b2.jpg,4,#806f71,0.08248841002747252
data/latest/images/Gucci_Fall_2013_runway_08c614baf8c4a2b2.jpg,5,#5f1614,0.07712017799908424
data/latest/images/Gucci_Fall_2013_runway_79bd942012ef9e43.jpg,1,#070c14,0.492425
data/latest/images/Gucci_Fall_2013_runway_79bd942012ef9e43.jpg,2,#692c54,0.2733791666666667
data/latest/images/Gucci_Fall_2013_runway_79bd942012ef9e43.jpg,3,#372039,0.1748300925925926
data/latest/images/Gucci_Fall_2013_runway_79bd942012ef9e43.jpg,4,#82758f,0.034404166666666666
data/latest/images/Gucci_Fall_2013_runway_79bd942012ef9e43.jpg,5,#dedbe4,0.024961574074074074
data/latest/images/Balmain_burgundy_runway_2025_ed5e78a400fd40f2.jpg,1,#e5e0e2,0.5190610758463542
data/latest/images/Balmain_burgundy_runway_2025_ed5e78a400fd40f2.jpg,2,#e9e7e8,0.26670491536458335
data/latest/images/Balmain_burgundy_runway_2025_ed5e78a400fd40f2.jpg,3,#1c1819,0.10677561442057291
data/latest/images/Balmain_burgundy_runway_2025_ed5e78a400fd40f2.jpg,4,#c0936e,0.06557637532552084
data/latest/images/Balmain_burgundy_runway_2025_ed5e78a400fd40f2.jpg,5,#7a4d39,0.04188201904296875
data/latest/images/Chanel_haute_couture_2020_5c4d8e67a7b08252.jpg,1,#c3c2be,0.3611762491861979
data/latest/images/Chanel_haute_couture_2020_5c4d8e67a7b08252.jpg,2,#af9e91,0.32961629231770834
data/latest/images/Chanel_haute_couture_2020_5c4d8e67a7b08252.jpg,3,#837662,0.1253343709309896
data/latest/images/Chanel_haute_couture_2020_5c4d8e67a7b08252.jpg,4,#2e2e25,0.10473978678385416
data/latest/images/Chanel_haute_couture_2020_5c4d8e67a7b08252.jpg,5,#ebecf0,0.07913330078125
data/latest/images/leopard_print_runway_1990s_9ad2ecb8b1974986.jpg,1,#4f769f,0.33203125
data/latest/images/leopard_print_runway_1990s_9ad2ecb8b1974986.jpg,2,#455265,0.23483217592592592
data/latest/images/leopard_print_runway_1990s_9ad2ecb8b1974986.jpg,3,#1d1e25,0.22210069444444444
data/latest/images/leopard_print_runway_1990s_9ad2ecb8b1974986.jpg,4,#a08b77,0.12216435185185186
data/latest/images/leopard_print_runway_1990s_9ad2ecb8b1974986.jpg,5,#e7d4bd,0.08887152777777778
data/latest/images/Chanel_haute_couture_2020_7d3d192d406ce1c3.jpg,1,#d7dfec,0.27840928819444444
data/latest/images/Chanel_haute_couture_2020_7d3d192d406ce1c3.jpg,2,#60684e,0.21830186631944445
data/latest/images/Chanel_haute_couture_2020_7d3d192d406ce1c3.jpg,3,#b2b7bb,0.18754448784722222
data/latest/images/Chanel_haute_couture_2020_7d3d192d406ce1c3.jpg,4,#394531,0.17565538194444444
data/latest/images/Chanel_haute_couture_2020_7d3d192d406ce1c3.jpg,5,#908f74,0.14008897569444445
data/latest/images/Gucci_Fall_2013_runway_1e354601ea189b42.jpg,1,#090d17,0.5222885925925926
data/latest/images/Gucci_Fall_2013_runway_1e354601ea189b42.jpg,2,#192334,0.2930145185185185
data/latest/images/Gucci_Fall_2013_runway_1e354601ea189b42.jpg,3,#354968,0.08739466666666666
data/latest/images/Gucci_Fall_2013_runway_1e354601ea189b42.jpg,4,#7183a9,0.05332237037037037
data/latest/images/Gucci_Fall_2013_runway_1e354601ea189b42.jpg,5,#bfc8e9,0.04397985185185185
data/latest/images/Chanel_haute_couture_2020_d5e22136fa7dc907.jpg,1,#b2a8af,0.30115773574169147
data/latest/images/Chanel_haute_couture_2020_d5e22136fa7dc907.jpg,2,#cdc6cc,0.23071451583884586
data/latest/images/Chanel_haute_couture_2020_d5e22136fa7dc907.jpg,3,#847a7e,0.1774176677085033
data/latest/images/Chanel_haute_couture_2020_d5e22136fa7dc907.jpg,4,#504646,0.1483090028912013
data/latest/images/Chanel_haute_couture_2020_d5e22136fa7dc907.jpg,5,#171313,0.14240107781975808
data/latest/images/Gucci_Fall_2013_runway_97381f2ee03c17ff.jpg,1,#04070d,0.807012962962963
data/latest/images/Gucci_Fall_2013_runway_97381f2ee03c17ff.jpg,2,#1f1f29,0.12595555555555554
data/latest/images/Gucci_Fall_2013_runway_97381f2ee03c17ff.jpg,3,#4f3f4d,0.040385185185185184
data/latest/images/Gucci_Fall_2013_runway_97381f2ee03c17ff.jpg,4,#8f7b8e,0.015916666666666666
data/latest/images/Gucci_Fall_2013_runway_97381f2ee03c17ff.jpg,5,#d9ced8,0.010729629629629629
data/latest/images/Gucci_Fall_2013_runway_37e3e4e30f54f852.jpg,1,#030306,0.7485423105540293
data/latest/images/Gucci_Fall_2013_runway_37e3e4e30f54f852.jpg,2,#1d1e26,0.09828690190018315
data/latest/images/Gucci_Fall_2013_runway_37e3e4e30f54f852.jpg,3,#56504a,0.06588935153388278
data/latest/images/Gucci_Fall_2013_runway_37e3e4e30f54f852.jpg,4,#847b75,0.065265138507326
data/latest/images/Gucci_Fall_2013_runway_37e3e4e30f54f852.jpg,5,#e7d5d1,0.022016297504578754
data/latest/images/leopard_print_runway_1990s_aa1431bb78dddf7f.jpg,1,#fffffd,0.505535278949836
data/latest/images/leopard_print_runway_1990s_aa1431bb78dddf7f.jpg,2,#463833,0.20636497890295358
data/latest/images/leopard_print_runway_1990s_aa1431bb78dddf7f.jpg,3,#191818,0.1554762072198781
data/latest/images/leopard_print_runway_1990s_aa1431bb78dddf7f.jpg,4,#8b6651,0.07247925457102672
data/latest/images/leopard_print_runway_1990s_aa1431bb78dddf7f.jpg,5,#d2b097,0.060144280356305674
data/latest/images/Balmain_burgundy_runway_2025_83b829e415e54ed9.jpg,1,#f2dcd6,0.31496884170902206
data/latest/images/Balmain_burgundy_runway_2025_83b829e415e54ed9.jpg,2,#151919,0.2429417771194319
data/latest/images/Balmain_burgundy_runway_2025_83b829e415e54ed9.jpg,3,#545458,0.22570539355340283
data/latest/images/Balmain_burgundy_runway_2025_83b829e415e54ed9.jpg,4,#f0322b,0.1419259082207726
data/latest/images/Balmain_burgundy_runway_2025_83b829e415e54ed9.jpg,5,#daa592,0.07445807939737056
data/latest/images/vogue_runway_emerald_dress_906392c8c8d27446.jpg,1,#ffffff,0.7559085422092013
data/latest/images/vogue_runway_emerald_dress_906392c8c8d27446.jpg,2,#038d66,0.11199103461371528
data/latest/images/vogue_runway_emerald_dress_906392c8c8d27446.jpg,3,#036245,0.05367872450086805
data/latest/images/vogue_runway_emerald_dress_906392c8c8d27446.jpg,4,#08b78d,0.04816860622829861
data/latest/images/vogue_runway_emerald_dress_906392c8c8d27446.jpg,5,#012113,0.030253092447916668
data/latest/images/leopard_print_runway_1990s_ed2a0092398c36c0.jpg,1,#1e0c11,0.2663241562889745
data/latest/images/leopard_print_runway_1990s_ed2a0092398c36c0.jpg,2,#d07454,0.20852087637981423
data/latest/images/leopard_print_runway_1990s_ed2a0092398c36c0.jpg,3,#a2473e,0.19689786117160887
data/latest/images/leopard_print_runway_1990s_ed2a0092398c36c0.jpg,4,#622425,0.18465683810800246
data/latest/images/leopard_print_runway_1990s_ed2a0092398c36c0.jpg,5,#ecba8b,0.14360026805159992
data/latest/images/leopard_print_runway_1990s_fa2193da2b956524.jpg,1,#201617,0.4712249001657625
data/latest/images/leopard_print_runway_1990s_fa2193da2b956524.jpg,2,#e6dad4,0.1876857764466546
data/latest/images/leopard_print_runway_1990s_fa2193da2b956524.jpg,3,#533729,0.15797826250753466
data/latest/images/leopard_print_runway_1990s_fa2193da2b956524.jpg,4,#c3a695,0.09647636942435202
data/latest/images/leopard_print_runway_1990s_fa2193da2b956524.jpg,5,#896c58,0.0866346914556962
data/latest/images/Balmain_burgundy_runway_2025_08f70e0bec333d08.jpg,1,#efecf5,0.4859034138218152
data/latest/images/Balmain_burgundy_runway_2025_08f70e0bec333d08.jpg,2,#d3cdd8,0.19439425478767694
data/latest/images/Balmain_burgundy_runway_2025_08f70e0bec333d08.jpg,3,#212023,0.18335241465445462
data/latest/images/Balmain_burgundy_runway_2025_08f70e0bec333d08.jpg,4,#b89f94,0.07836490424646128
data/latest/images/Balmain_burgundy_runway_2025_08f70e0bec333d08.jpg,5,#6a5250,0.05798501248959201
data/latest/images/vogue_runway_emerald_dress_87b0aca83ef9457f.jpg,1,#4c7011,0.31664609053497944
data/latest/images/vogue_runway_emerald_dress_87b0aca83ef9457f.jpg,2,#1b1a14,0.2127837791495199
data/latest/images/vogue_runway_emerald_dress_87b0aca83ef9457f.jpg,3,#bfb1ab,0.17675411522633744
data/latest/images/vogue_runway_emerald_dress_87b0aca83ef9457f.jpg,4,#a0806d,0.16540294924554183
data/latest/images/vogue_runway_emerald_dress_87b0aca83ef9457f.jpg,5,#564a44,0.1284130658436214
data/latest/images/Chanel_haute_couture_2020_1cc36077844b38d6.webp,1,#e8e2e8,0.6062795711233211
data/latest/images/Chanel_haute_couture_2020_1cc36077844b38d6.webp,2,#f8f4f9,0.20978446466727715
data/latest/images/Chanel_haute_couture_2020_1cc36077844b38d6.webp,3,#24191f,0.07581892933455434
data/latest/images/Chanel_haute_couture_2020_1cc36077844b38d6.webp,4,#675f68,0.05771138583638584
data/latest/images/Chanel_haute_couture_2020_1cc36077844b38d6.webp,5,#a7a0a8,0.050405649038461536
data/latest/images/vogue_runway_emerald_dress_219b14495d3b48db.jpg,1,#8c3542,0.4454215253208282
data/latest/images/vogue_runway_emerald_dress_219b14495d3b48db.jpg,2,#19231f,0.2961479682626081
data/latest/images/vogue_runway_emerald_dress_219b14495d3b48db.jpg,3,#0d7372,0.1085571628948856
data/latest/images/vogue_runway_emerald_dress_219b14495d3b48db.jpg,4,#3fc2b8,0.09416438126740218
data/latest/images/vogue_runway_emerald_dress_219b14495d3b48db.jpg,5,#ab8e85,0.05570896225427596
data/latest/images/Gucci_Fall_2013_runway_f4d1494a817de5c1.jpg,1,#05060a,0.7566080729166667
data/latest/images/Gucci_Fall_2013_runway_f4d1494a817de5c1.jpg,2,#1a1e29,0.14505859375
data/latest/images/Gucci_Fall_2013_runway_f4d1494a817de5c1.jpg,3,#3e414f,0.0473828125
data/latest/images/Gucci_Fall_2013_runway_f4d1494a817de5c1.jpg,4,#d3d4e3,0.029342447916666667
data/latest/images/Gucci_Fall_2013_runway_f4d1494a817de5c1.jpg,5,#878fa7,0.021608072916666665
data/latest/images/Chanel_haute_couture_2020_2aee9fc6739d39da.jpg,1,#e9e9ec,0.3347569444444444
data/latest/images/Chanel_haute_couture_2020_2aee9fc6739d39da.jpg,2,#c5c7c6,0.2285405815972222
data/latest/images/Chanel_haute_couture_2020_2aee9fc6739d39da.jpg,3,#647257,0.1678732638888889
data/latest/images/Chanel_haute_couture_2020_2aee9fc6739d39da.jpg,4,#9ca185,0.1506597222222222
data/latest/images/Chanel_haute_couture_2020_2aee9fc6739d39da.jpg,5,#354429,0.11816948784722223
data/latest/images/vogue_runway_emerald_dress_d60d6eb0980d95e9.jpg,1,#212823,0.40857372685185184
data/latest/images/vogue_runway_emerald_dress_d60d6eb0980d95e9.jpg,2,#050706,0.36904305555555555
data/latest/images/vogue_runway_emerald_dress_d60d6eb0980d95e9.jpg,3,#49463c,0.18843657407407408
data/latest/images/vogue_runway_emerald_dress_d60d6eb0980d95e9.jpg,4,#9c8c7b,0.025246412037037036
data/latest/images/vogue_runway_emerald_dress_d60d6eb0980d95e9.jpg,5,#ebf6f2,0.00870023148148148
data/latest/images/Chanel_haute_couture_2020_db2356b4d07146c4.jpg,1,#c8c8e3,0.31454385387372186
data/latest/images/Chanel_haute_couture_2020_db2356b4d07146c4.jpg,2,#8b8681,0.23409391863696805
data/latest/images/Chanel_haute_couture_2020_db2356b4d07146c4.jpg,3,#b8b5b8,0.2116930051202138
data/latest/images/Chanel_haute_couture_2020_db2356b4d07146c4.jpg,4,#eceef6,0.17721030282527364
data/latest/images/Chanel_haute_couture_2020_db2356b4d07146c4.jpg,5,#4c4c41,0.06245891954382266
data/latest/images/Balmain_burgundy_runway_2025_048e2f0d499329c6.jpg,1,#0f0c0d,0.4563851719694717
data/latest/images/Balmain_burgundy_runway_2025_048e2f0d499329c6.jpg,2,#cd3041,0.21826741996233523
data/latest/images/Balmain_burgundy_runway_2025_048e2f0d499329c6.jpg,3,#dfdbd9,0.12999306175042125
data/latest/images/Balmain_burgundy_runway_2025_048e2f0d499329c6.jpg,4,#502f2c,0.1243958766973932
data/latest/images/Balmain_burgundy_runway_2025_048e2f0d499329c6.jpg,5,#b68277,0.07095846962037863
data/latest/images/vogue_runway_emerald_dress_ed138aede393ea1a.jpg,1,#191e12,0.37487980769230766
data/latest/images/vogue_runway_emerald_dress_ed138aede393ea1a.jpg,2,#36432c,0.3698763736263736
data/latest/images/vogue_runway_emerald_dress_ed138aede393ea1a.jpg,3,#5c6b4c,0.1728846153846154
data/latest/images/vogue_runway_emerald_dress_ed138aede393ea1a.jpg,4,#c2b7a9,0.04570741758241758
data/latest/images/vogue_runway_emerald_dress_ed138aede393ea1a.jpg,5,#df8847,0.03665178571428571
data/latest/images/Balmain_burgundy_runway_2025_90e47d0b4452a4fa.jpg,1,#111319,0.3449237281050571
data/latest/images/Balmain_burgundy_runway_2025_90e47d0b4452a4fa.jpg,2,#fbede0,0.2801283452914574
data/latest/images/Balmain_burgundy_runway_2025_90e47d0b4452a4fa.jpg,3,#5c5c60,0.2294321695331151
data/latest/images/Balmain_burgundy_runway_2025_90e47d0b4452a4fa.jpg,4,#302d33,0.09858387157396352
data/latest/images/Balmain_burgundy_runway_2025_90e47d0b4452a4fa.jpg,5,#c1b4a7,0.046931885496406846
data/latest/images/Balmain_burgundy_runway_2025_82e5237653ab5202.jpg,1,#dedae5,0.5815751954376522
data/latest/images/Balmain_burgundy_runway_2025_82e5237653ab5202.jpg,2,#1f1919,0.15333044982698962
data/latest/images/Balmain_burgundy_runway_2025_82e5237653ab5202.jpg,3,#a28881,0.09361783929257977
data/latest/images/Balmain_burgundy_runway_2025_82e5237653ab5202.jpg,4,#843030,0.09270072408048187
data/latest/images/Balmain_burgundy_runway_2025_82e5237653ab5202.jpg,5,#e2b094,0.07877579136229655
data/latest/images/Balmain_burgundy_runway_2025_cc24d742d5207be7.jpg,1,#181b1a,0.4384218241659146
data/latest/images/Balmain_burgundy_runway_2025_cc24d742d5207be7.jpg,2,#58585d,0.24752879131840907
data/latest/images/Balmain_burgundy_runway_2025_cc24d742d5207be7.jpg,3,#f4e3df,0.2411987921115682
data/latest/images/Balmain_burgundy_runway_2025_cc24d742d5207be7.jpg,4,#c7bfbb,0.041396831793818645
data/latest/images/Balmain_burgundy_runway_2025_cc24d742d5207be7.jpg,5,#a48066,0.03145376061028949
data/latest/images/leopard_print_runway_1990s_f3313c3f3d54db12.webp,1,#261f1a,0.33463183951465203
data/latest/images/leopard_print_runway_1990s_f3313c3f3d54db12.webp,2,#8b7062,0.18677860767704518
data/latest/images/leopard_print_runway_1990s_f3313c3f3d54db12.webp,3,#5f4739,0.18545148427960928
data/latest/images/leopard_print_runway_1990s_f3313c3f3d54db12.webp,4,#a99c99,0.16150006677350429
data/latest/images/leopard_print_runway_1990s_f3313c3f3d54db12.webp,5,#c1c8cc,0.13163800175518925
data/latest/images/Balmain_burgundy_runway_2025_920cc73decbd9177.webp,1,#eee3da,0.4682021604938272
data/latest/images/Balmain_burgundy_runway_2025_920cc73decbd9177.webp,2,#44272a,0.18988683127572017
data/latest/images/Balmain_burgundy_runway_2025_920cc73decbd9177.webp,3,#74524c,0.127255658436214
data/latest/images/Balmain_burgundy_runway_2025_920cc73decbd9177.webp,4,#af8d79,0.1242039609053498
data/latest/images/Balmain_burgundy_runway_2025_920cc73decbd9177.webp,5,#d3c4b8,0.09045138888888889
data/latest/images/Balmain_burgundy_runway_2025_c2ad17eaf661aa56.jpg,1,#060203,0.538894480338717
data/latest/images/Balmain_burgundy_runway_2025_c2ad17eaf661aa56.jpg,2,#2a0914,0.24564938439186826
data/latest/images/Balmain_burgundy_runway_2025_c2ad17eaf661aa56.jpg,3,#542534,0.12912153554726025
data/latest/images/Balmain_burgundy_runway_2025_c2ad17eaf661aa56.jpg,4,#876463,0.05496430162147258
data/latest/images/Balmain_burgundy_runway_2025_c2ad17eaf661aa56.jpg,5,#cab3ae,0.03137029810068189
data/latest/images/Chanel_haute_couture_2020_87e110705d6580a6.jpg,1,#060608,0.34612497372609075
data/latest/images/Chanel_haute_couture_2020_87e110705d6580a6.jpg,2,#443635,0.17721329534876737
data/latest/images/Chanel_haute_couture_2020_87e110705d6580a6.jpg,3,#6b5852,0.1715522062576945
data/latest/images/Chanel_haute_couture_2020_87e110705d6580a6.jpg,4,#dfd6d3,0.1688389559499144
data/latest/images/Chanel_haute_couture_2020_87e110705d6580a6.jpg,5,#a99b96,0.13627056871753296
data/latest/images/Gucci_Fall_2013_runway_d8855ac8bcebafb7.jpg,1,#0a0c13,0.5637357037037037
data/latest/images/Gucci_Fall_2013_runway_d8855ac8bcebafb7.jpg,2,#1e212b,0.3005016296296296
data/latest/images/Gucci_Fall_2013_runway_d8855ac8bcebafb7.jpg,3,#393c51,0.08795733333333333
data/latest/images/Gucci_Fall_2013_runway_d8855ac8bcebafb7.jpg,4,#716c85,0.03828740740740741
data/latest/images/Gucci_Fall_2013_runway_d8855ac8bcebafb7.jpg,5,#c5c2d6,0.009517925925925926
data/latest/images/Balmain_burgundy_runway_2025_e71bce3d8ff56892.jpg,1,#1b1f21,0.33498779296875
data/latest/images/Balmain_burgundy_runway_2025_e71bce3d8ff56892.jpg,2,#eee5e1,0.3001534016927083
data/latest/images/Balmain_burgundy_runway_2025_e71bce3d8ff56892.jpg,3,#58595d,0.20640869140625
data/latest/images/Balmain_burgundy_runway_2025_e71bce3d8ff56892.jpg,4,#070909,0.12227457682291666
data/latest/images/Balmain_burgundy_runway_2025_e71bce3d8ff56892.jpg,5,#c0aea7,0.036175537109375
data/latest/images/Balmain_burgundy_runway_2025_8d21d4abf4aec7e2.jpg,1,#d5d2d5,0.4316320335410557
data/latest/images/Balmain_burgundy_runway_2025_8d21d4abf4aec7e2.jpg,2,#e7e2e8,0.36471888746334313
data/latest/images/Balmain_burgundy_runway_2025_8d21d4abf4aec7e2.jpg,3,#c31630,0.08950868310117302
data/latest/images/Balmain_burgundy_runway_2025_8d21d4abf4aec7e2.jpg,4,#5a342e,0.0824737101356305
data/latest/images/Balmain_burgundy_runway_2025_8d21d4abf4aec7e2.jpg,5,#b4958e,0.03166668575879766
data/latest/images/leopard_print_runway_1990s_59cb72dfde047bce.jpg,1,#dadad9,0.3352285214785215
data/latest/images/leopard_print_runway_1990s_59cb72dfde047bce.jpg,2,#beaf9f,0.19083354145854145
data/latest/images/leopard_print_runway_1990s_59cb72dfde047bce.jpg,3,#40342e,0.1831712037962038
data/latest/images/leopard_print_runway_1990s_59cb72dfde047bce.jpg,4,#15100e,0.15539647852147853
data/latest/images/leopard_print_runway_1990s_59cb72dfde047bce.jpg,5,#9e7e53,0.13537025474525474
data/latest/images/vogue_runway_emerald_dress_05071ba5fa272d74.jpg,1,#d1c9cb,0.33913454270597126
data/latest/images/vogue_runway_emerald_dress_05071ba5fa272d74.jpg,2,#2a291c,0.21935500125976318
data/latest/images/vogue_runway_emerald_dress_05071ba5fa272d74.jpg,3,#635b46,0.2142517006802721
data/latest/images/vogue_runway_emerald_dress_05071ba5fa272d74.jpg,4,#a1978b,0.1847127739984883
data/latest/images/vogue_runway_emerald_dress_05071ba5fa272d74.jpg,5,#015368,0.042545981355505164
data/latest/images/Chanel_haute_couture_2020_c561ff4c26c52ced.jpg,1,#f6f4f5,0.7304296875
data/latest/images/Chanel_haute_couture_2020_c561ff4c26c52ced.jpg,2,#0d0811,0.1302880859375
data/latest/images/Chanel_haute_couture_2020_c561ff4c26c52ced.jpg,3,#39222a,0.0665625
data/latest/images/Chanel_haute_couture_2020_c561ff4c26c52ced.jpg,4,#75525b,0.0408203125
data/latest/images/Chanel_haute_couture_2020_c561ff4c26c52ced.jpg,5,#b09099,0.0318994140625
data/latest/images/Balmain_burgundy_runway_2025_8709549602a9d15c.jpg,1,#e0e0e1,0.41401439712057586
data/latest/images/Balmain_burgundy_runway_2025_8709549602a9d15c.jpg,2,#d1cfd3,0.41392225554889023
data/latest/images/Balmain_burgundy_runway_2025_8709549602a9d15c.jpg,3,#d63955,0.07355968806238752
data/latest/images/Balmain_burgundy_runway_2025_8709549602a9d15c.jpg,4,#95624a,0.05445638872225555
data/latest/images/Balmain_burgundy_runway_2025_8709549602a9d15c.jpg,5,#613427,0.044047270545890825
data/latest/images/vogue_runway_emerald_dress_984dc020d614064d.jpg,1,#694b31,0.40247686832740215
data/latest/images/vogue_runway_emerald_dress_984dc020d614064d.jpg,2,#43341d,0.2513309608540925
data/latest/images/vogue_runway_emerald_dress_984dc020d614064d.jpg,3,#161008,0.23015895610913403
data/latest/images/vogue_runway_emerald_dress_984dc020d614064d.jpg,4,#546e05,0.08596915776986952
data/latest/images/vogue_runway_emerald_dress_984dc020d614064d.jpg,5,#dd9a5e,0.03006405693950178
data/latest/images/Balmain_burgundy_runway_2025_fc47ebe3a812dea9.png,1,#34251d,0.29737748148148146
data/latest/images/Balmain_burgundy_runway_2025_fc47ebe3a812dea9.png,2,#c6c8d7,0.2679425185185185
data/latest/images/Balmain_burgundy_runway_2025_fc47ebe3a812dea9.png,3,#1d130a,0.20673777777777777
data/latest/images/Balmain_burgundy_runway_2025_fc47ebe3a812dea9.png,4,#602934,0.16237748148148148
data/latest/images/Balmain_burgundy_runway_2025_fc47ebe3a812dea9.png,5,#b09d8e,0.06556474074074074
data/latest/images/vogue_runway_emerald_dress_94c1289acf40d6c1.jpg,1,#222510,0.36095494791666666
data/latest/images/vogue_runway_emerald_dress_94c1289acf40d6c1.jpg,2,#574e53,0.24478567708333332
data/latest/images/vogue_runway_emerald_dress_94c1289acf40d6c1.jpg,3,#837b6e,0.17426145833333334
data/latest/images/vogue_runway_emerald_dress_94c1289acf40d6c1.jpg,4,#489321,0.14738125
data/latest/images/vogue_runway_emerald_dress_94c1289acf40d6c1.jpg,5,#e2baae,0.07261666666666666
data/latest/images/leopard_print_runway_1990s_efde8a96b3c27456.jpg,1,#f5f4f2,0.48575782387190686
data/latest/images/leopard_print_runway_1990s_efde8a96b3c27456.jpg,2,#855e47,0.14697052401746724
data/latest/images/leopard_print_runway_1990s_efde8a96b3c27456.jpg,3,#3e2b25,0.1385393922852984
data/latest/images/leopard_print_runway_1990s_efde8a96b3c27456.jpg,4,#b48f74,0.12629526018922854
data/latest/images/leopard_print_runway_1990s_efde8a96b3c27456.jpg,5,#dcc7b4,0.10243699963609898
data/latest/images/vogue_runway_emerald_dress_797107e5aa6e8034.jpg,1,#585456,0.3884853014449427
data/latest/images/vogue_runway_emerald_dress_797107e5aa6e8034.jpg,2,#030d11,0.3468485301444943
data/latest/images/vogue_runway_emerald_dress_797107e5aa6e8034.jpg,3,#01575b,0.14926092011293804
data/latest/images/vogue_runway_emerald_dress_797107e5aa6e8034.jpg,4,#039f9a,0.06146985550572995
data/latest/images/vogue_runway_emerald_dress_797107e5aa6e8034.jpg,5,#ead0b9,0.053935392791895034
data/latest/images/Balmain_burgundy_runway_2025_e5dbfe488a67d85c.jpg,1,#ebe7e6,0.31788866666666665
data/latest/images/Balmain_burgundy_runway_2025_e5dbfe488a67d85c.jpg,2,#747274,0.30518
data/latest/images/Balmain_burgundy_runway_2025_e5dbfe488a67d85c.jpg,3,#131211,0.202364
data/latest/images/Balmain_burgundy_runway_2025_e5dbfe488a67d85c.jpg,4,#302c2b,0.130432
data/latest/images/Balmain_burgundy_runway_2025_e5dbfe488a67d85c.jpg,5,#c3ab98,0.04413533333333333
data/latest/images/Balmain_burgundy_runway_2025_684d2c5f0270f8a8.jpg,1,#f7e5de,0.2960193059214687
data/latest/images/Balmain_burgundy_runway_2025_684d2c5f0270f8a8.jpg,2,#5b5959,0.24015205431782244
data/latest/images/Balmain_burgundy_runway_2025_684d2c5f0270f8a8.jpg,3,#171c1d,0.23157021566067654
data/latest/images/Balmain_burgundy_runway_2025_684d2c5f0270f8a8.jpg,4,#948276,0.12131967027446879
data/latest/images/Balmain_burgundy_runway_2025_684d2c5f0270f8a8.jpg,5,#bbaba2,0.11093875382556359
data/latest/images/Balmain_burgundy_runway_2025_49db09bafdb35078.jpg,1,#120b09,0.3580781746031746
data/latest/images/Balmain_burgundy_runway_2025_49db09bafdb35078.jpg,2,#502819,0.19211468253968253
data/latest/images/Balmain_burgundy_runway_2025_49db09bafdb35078.jpg,3,#e1d3c4,0.19116190476190476
data/latest/images/Balmain_burgundy_runway_2025_49db09bafdb35078.jpg,4,#c19d82,0.14752301587301586
data/latest/images/Balmain_burgundy_runway_2025_49db09bafdb35078.jpg,5,#8a5e48,0.11112222222222222
data/latest/images/leopard_print_runway_1990s_bb2b9deb7fd26247.jpg,1,#401b19,0.2298161213995736
data/latest/images/leopard_print_runway_1990s_bb2b9deb7fd26247.jpg,2,#b8896f,0.22302616453829008
data/latest/images/leopard_print_runway_1990s_bb2b9deb7fd26247.jpg,3,#88503f,0.2187551317365868
data/latest/images/leopard_print_runway_1990s_bb2b9deb7fd26247.jpg,4,#dac0ad,0.1810183935718886
data/latest/images/leopard_print_runway_1990s_bb2b9deb7fd26247.jpg,5,#f8f0ec,0.14738418875366094
data/latest/images/Chanel_haute_couture_2020_3f9f440333e8ea4c.jpg,1,#242b1a,0.3080396551724138
data/latest/images/Chanel_haute_couture_2020_3f9f440333e8ea4c.jpg,2,#525536,0.2398155172413793
data/latest/images/Chanel_haute_couture_2020_3f9f440333e8ea4c.jpg,3,#8e8462,0.16015862068965517
data/latest/images/Chanel_haute_couture_2020_3f9f440333e8ea4c.jpg,4,#e2ded0,0.15085172413793105
data/latest/images/Chanel_haute_couture_2020_3f9f440333e8ea4c.jpg,5,#bbb198,0.1411344827586207
data/latest/images/vogue_runway_emerald_dress_442be1dfadeef1d9.jpg,1,#4b7f64,0.44324375
data/latest/images/vogue_runway_emerald_dress_442be1dfadeef1d9.jpg,2,#102424,0.217575
data/latest/images/vogue_runway_emerald_dress_442be1dfadeef1d9.jpg,3,#135c5f,0.1496
data/latest/images/vogue_runway_emerald_dress_442be1dfadeef1d9.jpg,4,#24c7c5,0.13436875
data/latest/images/vogue_runway_emerald_dress_442be1dfadeef1d9.jpg,5,#e28e86,0.0552125
data/latest/images/Chanel_haute_couture_2020_97ff8634d7642d2f.jpg,1,#dfdfe6,0.37324080837594353
data/latest/images/Chanel_haute_couture_2020_97ff8634d7642d2f.jpg,2,#afa2a1,0.17857073289505723
data/latest/images/Chanel_haute_couture_2020_97ff8634d7642d2f.jpg,3,#424830,0.17197224251278306
data/latest/images/Chanel_haute_couture_2020_97ff8634d7642d2f.jpg,4,#24291c,0.1603335768200633
data/latest/images/Chanel_haute_couture_2020_97ff8634d7642d2f.jpg,5,#867976,0.11588263939615291
data/latest/images/Gucci_Fall_2013_runway_bdfe20fc43377370.jpg,1,#0f1319,0.7914654696677047
data/latest/images/Gucci_Fall_2013_runway_bdfe20fc43377370.jpg,2,#174363,0.09485001379636564
data/latest/images/Gucci_Fall_2013_runway_bdfe20fc43377370.jpg,3,#1682b4,0.06978251015018329
data/latest/images/Gucci_Fall_2013_runway_bdfe20fc43377370.jpg,4,#7f7d96,0.0256427628207655
data/latest/images/Gucci_Fall_2013_runway_bdfe20fc43377370.jpg,5,#dfdee7,0.018259243564980883
data/latest/images/Gucci_Fall_2013_runway_fc7268d06a37689d.jpg,1,#080d12,0.5908637152777778
data/latest/images/Gucci_Fall_2013_runway_fc7268d06a37689d.jpg,2,#18202d,0.26102141203703705
data/latest/images/Gucci_Fall_2013_runway_fc7268d06a37689d.jpg,3,#423e54,0.08694974922839506
data/latest/images/Gucci_Fall_2013_runway_fc7268d06a37689d.jpg,4,#71799d,0.04158757716049383
data/latest/images/Gucci_Fall_2013_runway_fc7268d06a37689d.jpg,5,#c7e0f0,0.019577546296296298
data/latest/images/Chanel_haute_couture_2020_db6a6e85fc66db2d.jpg,1,#030308,0.36395520833333334
data/latest/images/Chanel_haute_couture_2020_db6a6e85fc66db2d.jpg,2,#706766,0.22293541666666666
data/latest/images/Chanel_haute_couture_2020_db6a6e85fc66db2d.jpg,3,#3c3a3c,0.18970104166666665
data/latest/images/Chanel_haute_couture_2020_db6a6e85fc66db2d.jpg,4,#a89d9a,0.139178125
data/latest/images/Chanel_haute_couture_2020_db6a6e85fc66db2d.jpg,5,#dcd3d0,0.08423020833333333
data/latest/images/Chanel_haute_couture_2020_141407e65b5d60c1.jpg,1,#3d452c,0.33579432624113476
data/latest/images/Chanel_haute_couture_2020_141407e65b5d60c1.jpg,2,#626561,0.1910921985815603
data/latest/images/Chanel_haute_couture_2020_141407e65b5d60c1.jpg,3,#939196,0.18492198581560285
data/latest/images/Chanel_haute_couture_2020_141407e65b5d60c1.jpg,4,#c6c1c5,0.17929787234042552
data/latest/images/Chanel_haute_couture_2020_141407e65b5d60c1.jpg,5,#10140f,0.10889361702127659
data/latest/images/Gucci_Fall_2013_runway_5b4df65be75ff775.jpg,1,#0d1827,0.5757243434297218
data/latest/images/Gucci_Fall_2013_runway_5b4df65be75ff775.jpg,2,#1c2f4f,0.23186281799048317
data/latest/images/Gucci_Fall_2013_runway_5b4df65be75ff775.jpg,3,#743052,0.08118623032576867
data/latest/images/Gucci_Fall_2013_runway_5b4df65be75ff775.jpg,4,#5b7092,0.07133195689970717
data/latest/images/Gucci_Fall_2013_runway_5b4df65be75ff775.jpg,5,#b7c2d7,0.03989465135431918
data/latest/images/Gucci_Fall_2013_runway_35b3689ef3e09deb.jpg,1,#071216,0.572158389000732
data/latest/images/Gucci_Fall_2013_runway_35b3689ef3e09deb.jpg,2,#1e2b48,0.1622337687591508
data/latest/images/Gucci_Fall_2013_runway_35b3689ef3e09deb.jpg,3,#982957,0.13895211841142022
data/latest/images/Gucci_Fall_2013_runway_35b3689ef3e09deb.jpg,4,#2e5ca6,0.08852689192898976
data/latest/images/Gucci_Fall_2013_runway_35b3689ef3e09deb.jpg,5,#c8d9eb,0.03812883189970717
data/latest/images/Chanel_haute_couture_2020_112d4bbd92b6f21e.jpg,1,#fcfcfc,0.6323515476942514
data/latest/images/Chanel_haute_couture_2020_112d4bbd92b6f21e.jpg,2,#242424,0.12665034744156664
data/latest/images/Chanel_haute_couture_2020_112d4bbd92b6f21e.jpg,3,#585858,0.10811328700779112
data/latest/images/Chanel_haute_couture_2020_112d4bbd92b6f21e.jpg,4,#c5c5c5,0.06744577805853864
data/latest/images/Chanel_haute_couture_2020_112d4bbd92b6f21e.jpg,5,#8d8d8d,0.06543903979785218
data/latest/images/Balmain_burgundy_runway_2025_2ab4fb86e2e7145b.jpg,1,#0a0909,0.4498608402100525
data/latest/images/Balmain_burgundy_runway_2025_2ab4fb86e2e7145b.jpg,2,#242221,0.34192685671417855
data/latest/images/Balmain_burgundy_runway_2025_2ab4fb86e2e7145b.jpg,3,#493b37,0.15872805701425358
data/latest/images/Balmain_burgundy_runway_2025_2ab4fb86e2e7145b.jpg,4,#9d6e57,0.040549512378094524
data/latest/images/Balmain_burgundy_runway_2025_2ab4fb86e2e7145b.jpg,5,#c4bead,0.008934733683420855
data/latest/images/vogue_runway_emerald_dress_acb98b7e7e86f667.jpg,1,#19362d,0.3902938908659549
data/latest/images/vogue_runway_emerald_dress_acb98b7e7e86f667.jpg,2,#0a1713,0.31391310794780547
data/latest/images/vogue_runway_emerald_dress_acb98b7e7e86f667.jpg,3,#1e5846,0.22704567022538552
data/latest/images/vogue_runway_emerald_dress_acb98b7e7e86f667.jpg,4,#2c8c7a,0.047723013048635826
data/latest/images/vogue_runway_emerald_dress_acb98b7e7e86f667.jpg,5,#bbbbaa,0.021024317912218267
data/latest/images/Balmain_burgundy_runway_2025_0dae541fb8a423e2.jpg,1,#d0ced1,0.43211666666666665
data/latest/images/Balmain_burgundy_runway_2025_0dae541fb8a423e2.jpg,2,#e3e0e4,0.37489375
data/latest/images/Balmain_burgundy_runway_2025_0dae541fb8a423e2.jpg,3,#c20f2f,0.129478125
data/latest/images/Balmain_burgundy_runway_2025_0dae541fb8a423e2.jpg,4,#e33f5f,0.03371770833333333
data/latest/images/Balmain_burgundy_runway_2025_0dae541fb8a423e2.jpg,5,#482d28,0.02979375
data/latest/images/vogue_runway_emerald_dress_97315d19c69176cb.jpg,1,#442b10,0.37446980794270834
data/latest/images/vogue_runway_emerald_dress_97315d19c69176cb.jpg,2,#181309,0.35306681315104166
data/latest/images/vogue_runway_emerald_dress_97315d19c69176cb.jpg,3,#49545c,0.12414265950520834
data/latest/images/vogue_runway_emerald_dress_97315d19c69176cb.jpg,4,#104f0b,0.115672607421875
data/latest/images/vogue_runway_emerald_dress_97315d19c69176cb.jpg,5,#dcd0c1,0.032648111979166665
data/latest/images/Balmain_burgundy_runway_2025_17e1c1ef7bf4dc22.jpg,1,#291310,0.25451161702473957
data/latest/images/Balmain_burgundy_runway_2025_17e1c1ef7bf4dc22.jpg,2,#641c1a,0.23803171793619793
data/latest/images/Balmain_burgundy_runway_2025_17e1c1ef7bf4dc22.jpg,3,#6d5647,0.18568339029947917
data/latest/images/Balmain_burgundy_runway_2025_17e1c1ef7bf4dc22.jpg,4,#b07e64,0.18021881103515625
data/latest/images/Balmain_burgundy_runway_2025_17e1c1ef7bf4dc22.jpg,5,#ac2849,0.1415544637044271
data/latest/images/vogue_runway_emerald_dress_74f33e0d0a69054b.jpg,1,#969797,0.2930723760092272
data/latest/images/vogue_runway_emerald_dress_74f33e0d0a69054b.jpg,2,#2b2820,0.26558294886582084
data/latest/images/vogue_runway_emerald_dress_74f33e0d0a69054b.jpg,3,#704c37,0.22607891195693963
data/latest/images/vogue_runway_emerald_dress_74f33e0d0a69054b.jpg,4,#79726a,0.16705113417916187
data/latest/images/vogue_runway_emerald_dress_74f33e0d0a69054b.jpg,5,#ddbba2,0.04821462898885044
data/latest/images/vogue_runway_emerald_dress_8a69375e2f47ed37.jpg,1,#0f1310,0.30312283333333334
data/latest/images/vogue_runway_emerald_dress_8a69375e2f47ed37.jpg,2,#595852,0.2584115
data/latest/images/vogue_runway_emerald_dress_8a69375e2f47ed37.jpg,3,#808d94,0.21405283333333333
data/latest/images/vogue_runway_emerald_dress_8a69375e2f47ed37.jpg,4,#c0c6d5,0.165211
data/latest/images/vogue_runway_emerald_dress_8a69375e2f47ed37.jpg,5,#e79e78,0.059201833333333335
data/latest/images/vogue_runway_emerald_dress_dde6447715af8237.jpg,1,#ddb58f,0.23979833566651113
data/latest/images/vogue_runway_emerald_dress_dde6447715af8237.jpg,2,#1a2516,0.2199625913827967
data/latest/images/vogue_runway_emerald_dress_dde6447715af8237.jpg,3,#f8f0e8,0.2075449914450148
data/latest/images/vogue_runway_emerald_dress_dde6447715af8237.jpg,4,#23a62f,0.1744957225073884
data/latest/images/vogue_runway_emerald_dress_dde6447715af8237.jpg,5,#7e5e4b,0.158198358998289
data/latest/images/vogue_runway_emerald_dress_37e52eeaf6d4b557.jpg,1,#141719,0.28674616964144684
data/latest/images/vogue_runway_emerald_dress_37e52eeaf6d4b557.jpg,2,#96979a,0.21722792607802874
data/latest/images/vogue_runway_emerald_dress_37e52eeaf6d4b557.jpg,3,#414c45,0.18889432948981202
data/latest/images/vogue_runway_emerald_dress_37e52eeaf6d4b557.jpg,4,#7b746a,0.18522508292528828
data/latest/images/vogue_runway_emerald_dress_37e52eeaf6d4b557.jpg,5,#c0bbb9,0.1219064918654241
data/latest/images/Chanel_haute_couture_2020_3b2012db2fbf61ba.jpg,1,#c3b2aa,0.29263172724711184
data/latest/images/Chanel_haute_couture_2020_3b2012db2fbf61ba.jpg,2,#4f4a27,0.2208521179675026
data/latest/images/Chanel_haute_couture_2020_3b2012db2fbf61ba.jpg,3,#231d1a,0.1850133840518456
data/latest/images/Chanel_haute_couture_2020_3b2012db2fbf61ba.jpg,4,#a89382,0.17830492157415234
data/latest/images/Chanel_haute_couture_2020_3b2012db2fbf61ba.jpg,5,#7c6c46,0.12319784915938763
data/latest/images/leopard_print_runway_1990s_0a5c9d07ce7ad64a.png,1,#6a4d39,0.2937409823925229
data/latest/images/leopard_print_runway_1990s_0a5c9d07ce7ad64a.png,2,#847066,0.2638424264865486
data/latest/images/leopard_print_runway_1990s_0a5c9d07ce7ad64a.png,3,#ba9277,0.18127114748656137
data/latest/images/leopard_print_runway_1990s_0a5c9d07ce7ad64a.png,4,#38231a,0.16282255902143797
data/latest/images/leopard_print_runway_1990s_0a5c9d07ce7ad64a.png,5,#dedbca,0.09832288461292918
data/latest/images/Chanel_haute_couture_2020_22c92db489380601.jpg,1,#b3b2b5,0.3277614583333333
data/latest/images/Chanel_haute_couture_2020_22c92db489380601.jpg,2,#ccd6e9,0.22195833333333334
data/latest/images/Chanel_haute_couture_2020_22c92db489380601.jpg,3,#96918f,0.220496875
data/latest/images/Chanel_haute_couture_2020_22c92db489380601.jpg,4,#0d0d10,0.1471375
data/latest/images/Chanel_haute_couture_2020_22c92db489380601.jpg,5,#625a52,0.08264583333333334
data/latest/images/Gucci_Fall_2013_runway_f4d82b6ea34d687a.jpg,1,#15151a,0.4556965925925926
data/latest/images/Gucci_Fall_2013_runway_f4d82b6ea34d687a.jpg,2,#080a0f,0.4210094814814815
data/latest/images/Gucci_Fall_2013_runway_f4d82b6ea34d687a.jpg,3,#332c33,0.09315851851851852
data/latest/images/Gucci_Fall_2013_runway_f4d82b6ea34d687a.jpg,4,#816d6c,0.017649777777777778
data/latest/images/Gucci_Fall_2013_runway_f4d82b6ea34d687a.jpg,5,#d7bdb6,0.01248562962962963
data/latest/images/vogue_runway_emerald_dress_0941542a0f475960.jpg,1,#393824,0.30276407877604167
data/latest/images/vogue_runway_emerald_dress_0941542a0f475960.jpg,2,#55533c,0.28223225911458333
data/latest/images/vogue_runway_emerald_dress_0941542a0f475960.jpg,3,#1b1e11,0.1975244140625
data/latest/images/vogue_runway_emerald_dress_0941542a0f475960.jpg,4,#717257,0.17051066080729166
data/latest/images/vogue_runway_emerald_dress_0941542a0f475960.jpg,5,#c3a792,0.04696858723958333
data/latest/images/Chanel_haute_couture_2020_a3d6794e39191cc2.jpg,1,#495041,0.22326973157051283
data/latest/images/Chanel_haute_couture_2020_a3d6794e39191cc2.jpg,2,#1e241f,0.21768973214285714
data/latest/images/Chanel_haute_couture_2020_a3d6794e39191cc2.jpg,3,#c9dce2,0.2137816935668498
data/latest/images/Chanel_haute_couture_2020_a3d6794e39191cc2.jpg,4,#7c7c6e,0.17425595238095237
data/latest/images/Chanel_haute_couture_2020_a3d6794e39191cc2.jpg,5,#adb1ab,0.17100289033882785
data/latest/images/Chanel_haute_couture_2020_6df5a8c01c03d452.jpg,1,#9e999c,0.35098520914713544
data/latest/images/Chanel_haute_couture_2020_6df5a8c01c03d452.jpg,2,#7e7776,0.23359553019205728
data/latest/images/Chanel_haute_couture_2020_6df5a8c01c03d452.jpg,3,#1e1d21,0.18183390299479166
data/latest/images/Chanel_haute_couture_2020_6df5a8c01c03d452.jpg,4,#55514c,0.13183212280273438
data/latest/images/Chanel_haute_couture_2020_6df5a8c01c03d452.jpg,5,#c2bdc5,0.10175323486328125
data/latest/images/leopard_print_runway_1990s_09b4c9b4cc45e3ca.jpg,1,#e3e3e2,0.31288235294117644
data/latest/images/leopard_print_runway_1990s_09b4c9b4cc45e3ca.jpg,2,#c2b7ac,0.21274918300653595
data/latest/images/leopard_print_runway_1990s_09b4c9b4cc45e3ca.jpg,3,#1b1310,0.17771486928104574
data/latest/images/leopard_print_runway_1990s_09b4c9b4cc45e3ca.jpg,4,#55473f,0.16942401960784315
data/latest/images/leopard_print_runway_1990s_09b4c9b4cc45e3ca.jpg,5,#927f72,0.1272295751633987
data/latest/images/vogue_runway_emerald_dress_e39191504cdd0cf8.jpg,1,#ececed,0.3217846875
data/latest/images/vogue_runway_emerald_dress_e39191504cdd0cf8.jpg,2,#cdd1d5,0.2581096875
data/latest/images/vogue_runway_emerald_dress_e39191504cdd0cf8.jpg,3,#0d1e13,0.2542721875
data/latest/images/vogue_runway_emerald_dress_e39191504cdd0cf8.jpg,4,#386134,0.093226875
data/latest/images/vogue_runway_emerald_dress_e39191504cdd0cf8.jpg,5,#868581,0.0726065625
data/latest/images/Gucci_Fall_2013_runway_5297387c5d0bf8dc.jpg,1,#080805,0.4616763560349561
data/latest/images/Gucci_Fall_2013_runway_5297387c5d0bf8dc.jpg,2,#342a1b,0.18445199544747437
data/latest/images/Gucci_Fall_2013_runway_5297387c5d0bf8dc.jpg,3,#66543e,0.17190788570644217
data/latest/images/Gucci_Fall_2013_runway_5297387c5d0bf8dc.jpg,4,#98826a,0.11697731744143484
data/latest/images/Gucci_Fall_2013_runway_5297387c5d0bf8dc.jpg,5,#cdb8a6,0.06498644536969253
data/latest/images/Gucci_Fall_2013_runway_9efaeb2d4b02b3ae.jpg,1,#0d0e0c,0.35447926512287337
data/latest/images/Gucci_Fall_2013_runway_9efaeb2d4b02b3ae.jpg,2,#565247,0.23170314469124134
data/latest/images/Gucci_Fall_2013_runway_9efaeb2d4b02b3ae.jpg,3,#dcdddd,0.2261452918241966
data/latest/images/Gucci_Fall_2013_runway_9efaeb2d4b02b3ae.jpg,4,#aaacac,0.1456622656742281
data/latest/images/Gucci_Fall_2013_runway_9efaeb2d4b02b3ae.jpg,5,#d59542,0.04201003268746062
data/latest/images/vogue_runway_emerald_dress_3ece3554536b6352.jpg,1,#050504,0.6316040305010894
data/latest/images/vogue_runway_emerald_dress_3ece3554536b6352.jpg,2,#085d30,0.11226851851851852
data/latest/images/vogue_runway_emerald_dress_3ece3554536b6352.jpg,3,#e5dee4,0.1053440984236832
data/latest/images/vogue_runway_emerald_dress_3ece3554536b6352.jpg,4,#3f3029,0.08778674868640267
data/latest/images/vogue_runway_emerald_dress_3ece3554536b6352.jpg,5,#a98772,0.0629966038703063
data/latest/images/Chanel_haute_couture_2020_1103fdff313ff2fe.jpg,1,#b8b6b6,0.3189707988980716
data/latest/images/Chanel_haute_couture_2020_1103fdff313ff2fe.jpg,2,#d5d9e1,0.2512473829201102
data/latest/images/Chanel_haute_couture_2020_1103fdff313ff2fe.jpg,3,#94908a,0.19483856749311296
data/latest/images/Chanel_haute_couture_2020_1103fdff313ff2fe.jpg,4,#1b1c1c,0.13806501377410468
data/latest/images/Chanel_haute_couture_2020_1103fdff313ff2fe.jpg,5,#57574c,0.09687823691460055
data/latest/images/Gucci_Fall_2013_runway_138adf3a78239d1b.jpg,1,#151817,0.49589680989583335
data/latest/images/Gucci_Fall_2013_runway_138adf3a78239d1b.jpg,2,#353d35,0.23465901692708332
data/latest/images/Gucci_Fall_2013_runway_138adf3a78239d1b.jpg,3,#684f42,0.13528157552083334
data/latest/images/Gucci_Fall_2013_runway_138adf3a78239d1b.jpg,4,#907468,0.10257039388020833
data/latest/images/Gucci_Fall_2013_runway_138adf3a78239d1b.jpg,5,#cfb3a4,0.03159220377604167
data/latest/images/vogue_runway_emerald_dress_ddffe0eb5d408075.jpg,1,#14170e,0.36076405547226387
data/latest/images/vogue_runway_emerald_dress_ddffe0eb5d408075.jpg,2,#217732,0.23955640929535232
data/latest/images/vogue_runway_emerald_dress_ddffe0eb5d408075.jpg,3,#c7bb75,0.17926190029985006
data/latest/images/vogue_runway_emerald_dress_ddffe0eb5d408075.jpg,4,#777044,0.11938399550224887
data/latest/images/vogue_runway_emerald_dress_ddffe0eb5d408075.jpg,5,#f2dfac,0.10103363943028486
data/latest/images/leopard_print_runway_1990s_936237ea7e464d4d.jpg,1,#c8dcea,0.36627400716145836
data/latest/images/leopard_print_runway_1990s_936237ea7e464d4d.jpg,2,#c5a588,0.18020670572916667
data/latest/images/leopard_print_runway_1990s_936237ea7e464d4d.jpg,3,#18100e,0.1739306640625
data/latest/images/leopard_print_runway_1990s_936237ea7e464d4d.jpg,4,#433c3f,0.160560302734375
data/latest/images/leopard_print_runway_1990s_936237ea7e464d4d.jpg,5,#916d54,0.1190283203125
data/latest/images/Gucci_Fall_2013_runway_8812a86c297cfb58.jpg,1,#07090f,0.612886621522694
data/latest/images/Gucci_Fall_2013_runway_8812a86c297cfb58.jpg,2,#16161f,0.260772213579795
data/latest/images/Gucci_Fall_2013_runway_8812a86c297cfb58.jpg,3,#433244,0.07048979685212299
data/latest/images/Gucci_Fall_2013_runway_8812a86c297cfb58.jpg,4,#736580,0.0361742770863836
data/latest/images/Gucci_Fall_2013_runway_8812a86c297cfb58.jpg,5,#ccb8ca,0.01967709095900439
data/latest/images/Balmain_burgundy_runway_2025_aed7f86d2f7fe614.jpg,1,#221515,0.31239280143971204
data/latest/images/Balmain_burgundy_runway_2025_aed7f86d2f7fe614.jpg,2,#e5e2df,0.29418932213557286
data/latest/images/Balmain_burgundy_runway_2025_aed7f86d2f7fe614.jpg,3,#595556,0.1857600479904019
data/latest/images/Balmain_burgundy_runway_2025_aed7f86d2f7fe614.jpg,4,#cac5c1,0.15245254949010198
data/latest/images/Balmain_burgundy_runway_2025_aed7f86d2f7fe614.jpg,5,#96918c,0.05520527894421116
data/latest/images/Chanel_haute_couture_2020_535ef15964d5b55f.jpg,1,#151c13,0.335721875
data/latest/images/Chanel_haute_couture_2020_535ef15964d5b55f.jpg,2,#3e473b,0.21897395833333333
data/latest/images/Chanel_haute_couture_2020_535ef15964d5b55f.jpg,3,#73766a,0.164425
data/latest/images/Chanel_haute_couture_2020_535ef15964d5b55f.jpg,4,#b1aea3,0.15609375
data/latest/images/Chanel_haute_couture_2020_535ef15964d5b55f.jpg,5,#e3e5e3,0.12478541666666666
data/latest/images/Balmain_burgundy_runway_2025_69d8ae02e7ae9cd0.jpg,1,#f6e8e0,0.2756893338678225
data/latest/images/Balmain_burgundy_runway_2025_69d8ae02e7ae9cd0.jpg,2,#171b1c,0.2504923302943192
data/latest/images/Balmain_burgundy_runway_2025_69d8ae02e7ae9cd0.jpg,3,#605c5d,0.24605403342844098
data/latest/images/Balmain_burgundy_runway_2025_69d8ae02e7ae9cd0.jpg,4,#e38924,0.1434840014091079
data/latest/images/Balmain_burgundy_runway_2025_69d8ae02e7ae9cd0.jpg,5,#b9a392,0.08428030100030941
data/latest/images/leopard_print_runway_1990s_dbf2ecb21522d3ad.jpg,1,#edecec,0.349383544921875
data/latest/images/leopard_print_runway_1990s_dbf2ecb21522d3ad.jpg,2,#bfbbb4,0.19525146484375
data/latest/images/leopard_print_runway_1990s_dbf2ecb21522d3ad.jpg,3,#8e8a82,0.158770751953125
data/latest/images/leopard_print_runway_1990s_dbf2ecb21522d3ad.jpg,4,#181514,0.149359130859375
data/latest/images/leopard_print_runway_1990s_dbf2ecb21522d3ad.jpg,5,#555049,0.147235107421875
data/latest/images/Balmain_burgundy_runway_2025_fa292a5a0ccbbeaf.jpg,1,#dfd9e5,0.5734331628926224
data/latest/images/Balmain_burgundy_runway_2025_fa292a5a0ccbbeaf.jpg,2,#efebf3,0.14529583637691745
data/latest/images/Balmain_burgundy_runway_2025_fa292a5a0ccbbeaf.jpg,3,#bd9680,0.11858047236425615
data/latest/images/Balmain_burgundy_runway_2025_fa292a5a0ccbbeaf.jpg,4,#272224,0.09020209398587777
data/latest/images/Balmain_burgundy_runway_2025_fa292a5a0ccbbeaf.jpg,5,#785448,0.07248843438032627
data/latest/images/vogue_runway_emerald_dress_5d1cd01c970a6250.jpg,1,#e8c7b4,0.5682877604166666
data/latest/images/vogue_runway_emerald_dress_5d1cd01c970a6250.jpg,2,#468747,0.1404296875
data/latest/images/vogue_runway_emerald_dress_5d1cd01c970a6250.jpg,3,#a89678,0.13478515625
data/latest/images/vogue_runway_emerald_dress_5d1cd01c970a6250.jpg,4,#15110d,0.09171223958333333
data/latest/images/vogue_runway_emerald_dress_5d1cd01c970a6250.jpg,5,#764c28,0.06478515625
data/latest/images/Gucci_Fall_2013_runway_8775bcaa43c861c0.jpg,1,#06060a,0.6091902961562697
data/latest/images/Gucci_Fall_2013_runway_8775bcaa43c861c0.jpg,2,#242330,0.19291430371770638
data/latest/images/Gucci_Fall_2013_runway_8775bcaa43c861c0.jpg,3,#584955,0.1076937618147448
data/latest/images/Gucci_Fall_2013_runway_8775bcaa43c861c0.jpg,4,#997c82,0.07834908632640201
data/latest/images/Gucci_Fall_2013_runway_8775bcaa43c861c0.jpg,5,#f0f1f5,0.011852551984877127
data/latest/images/Balmain_burgundy_runway_2025_98fcb70504a9dca2.jpg,1,#d4ced6,0.4355617174252769
data/latest/images/Balmain_burgundy_runway_2025_98fcb70504a9dca2.jpg,2,#f1f0f2,0.3935273214731037
data/latest/images/Balmain_burgundy_runway_2025_98fcb70504a9dca2.jpg,3,#784340,0.0772882640319493
data/latest/images/Balmain_burgundy_runway_2025_98fcb70504a9dca2.jpg,4,#52181e,0.048325362441558106
data/latest/images/Balmain_burgundy_runway_2025_98fcb70504a9dca2.jpg,5,#c43c57,0.04529733462811199
data/latest/images/Gucci_Fall_2013_runway_2e2c39689586311e.jpg,1,#050506,0.388415035485348
data/latest/images/Gucci_Fall_2013_runway_2e2c39689586311e.jpg,2,#413d3a,0.20892427884615383
data/latest/images/Gucci_Fall_2013_runway_2e2c39689586311e.jpg,3,#a5a7ae,0.16217054429945055
data/latest/images/Gucci_Fall_2013_runway_2e2c39689586311e.jpg,4,#e9250d,0.12938880780677656
data/latest/images/Gucci_Fall_2013_runway_2e2c39689586311e.jpg,5,#7b736b,0.11110133356227106
data/latest/images/Gucci_Fall_2013_runway_de8a6920940a1faf.jpg,1,#36393a,0.30059074395830043
data/latest/images/Gucci_Fall_2013_runway_de8a6920940a1faf.jpg,2,#060809,0.29823092718369926
data/latest/images/Gucci_Fall_2013_runway_de8a6920940a1faf.jpg,3,#5d6369,0.2096082767335334
data/latest/images/Gucci_Fall_2013_runway_de8a6920940a1faf.jpg,4,#7992a9,0.10625809508766387
data/latest/images/Gucci_Fall_2013_runway_de8a6920940a1faf.jpg,5,#b9c2c8,0.08531195703680303
data/latest/images/vogue_runway_emerald_dress_e1480f0a9729a644.jpg,1,#060907,0.4721797478626971
data/latest/images/vogue_runway_emerald_dress_e1480f0a9729a644.jpg,2,#fff7f1,0.1839407713893965
data/latest/images/vogue_runway_emerald_dress_e1480f0a9729a644.jpg,3,#e4c9b3,0.14490062875808976
data/latest/images/vogue_runway_emerald_dress_e1480f0a9729a644.jpg,4,#771c1f,0.13280636363141798
data/latest/images/vogue_runway_emerald_dress_e1480f0a9729a644.jpg,5,#c19278,0.06617248835839867
data/latest/images/Chanel_haute_couture_2020_4e1a4b7e7e8e998d.jpg,1,#130904,0.3625982354993603
data/latest/images/Chanel_haute_couture_2020_4e1a4b7e7e8e998d.jpg,2,#655856,0.21091348630102846
data/latest/images/Chanel_haute_couture_2020_4e1a4b7e7e8e998d.jpg,3,#35261e,0.15424759499559706
data/latest/images/Chanel_haute_couture_2020_4e1a4b7e7e8e998d.jpg,4,#9c928d,0.1508839118081978
data/latest/images/Chanel_haute_couture_2020_4e1a4b7e7e8e998d.jpg,5,#cbc8c4,0.12135677139581637
data/latest/images/Gucci_Fall_2013_runway_79f9bcad79a47267.jpg,1,#04050f,0.5491278236914601
data/latest/images/Gucci_Fall_2013_runway_79f9bcad79a47267.jpg,2,#20243a,0.25192561983471073
data/latest/images/Gucci_Fall_2013_runway_79f9bcad79a47267.jpg,3,#4b4d5d,0.10480936639118457
data/latest/images/Gucci_Fall_2013_runway_79f9bcad79a47267.jpg,4,#8a8990,0.05962754820936639
data/latest/images/Gucci_Fall_2013_runway_79f9bcad79a47267.jpg,5,#e4e2e3,0.034509641873278235
data/latest/images/vogue_runway_emerald_dress_b888ef8359f722f9.jpg,1,#060b0a,0.626790977443609
data/latest/images/vogue_runway_emerald_dress_b888ef8359f722f9.jpg,2,#f2f6fd,0.18314736842105264
data/latest/images/vogue_runway_emerald_dress_b888ef8359f722f9.jpg,3,#c8c6d3,0.07718646616541354
data/latest/images/vogue_runway_emerald_dress_b888ef8359f722f9.jpg,4,#2e373c,0.05858195488721805
data/latest/images/vogue_runway_emerald_dress_b888ef8359f722f9.jpg,5,#9a7a73,0.05429323308270677
data/latest/images/Gucci_Fall_2013_runway_8de7380cecbfb5b9.jpg,1,#070c14,0.590028125
data/latest/images/Gucci_Fall_2013_runway_8de7380cecbfb5b9.jpg,2,#753961,0.1878390625
data/latest/images/Gucci_Fall_2013_runway_8de7380cecbfb5b9.jpg,3,#292c3e,0.13866458333333334
data/latest/images/Gucci_Fall_2013_runway_8de7380cecbfb5b9.jpg,4,#918fa5,0.0428796875
data/latest/images/Gucci_Fall_2013_runway_8de7380cecbfb5b9.jpg,5,#e7e4eb,0.040588541666666665
data/latest/images/leopard_print_runway_1990s_42e32558b21058f0.webp,1,#222023,0.46457738666666665
data/latest/images/leopard_print_runway_1990s_42e32558b21058f0.webp,2,#45322a,0.28096128
data/latest/images/leopard_print_runway_1990s_42e32558b21058f0.webp,3,#6c4e44,0.12662112
data/latest/images/leopard_print_runway_1990s_42e32558b21058f0.webp,4,#a87c6f,0.08054602666666667
data/latest/images/leopard_print_runway_1990s_42e32558b21058f0.webp,5,#d9aa9f,0.04729418666666667
data/latest/images/leopard_print_runway_1990s_3190d4de36c3a1e3.jpg,1,#fcfbf8,0.2843405030158188
data/latest/images/leopard_print_runway_1990s_3190d4de36c3a1e3.jpg,2,#301614,0.2570274268806191
data/latest/images/leopard_print_runway_1990s_3190d4de36c3a1e3.jpg,3,#72423e,0.17180006177957696
data/latest/images/leopard_print_runway_1990s_3190d4de36c3a1e3.jpg,4,#a0767f,0.16704466013103775
data/latest/images/leopard_print_runway_1990s_3190d4de36c3a1e3.jpg,5,#ddccc6,0.11978734819294737
data/latest/images/Balmain_burgundy_runway_2025_a9b3f60e74c63331.webp,1,#050405,0.6295563271604938
data/latest/images/Balmain_burgundy_runway_2025_a9b3f60e74c63331.webp,2,#191c25,0.2624241255144033
data/latest/images/Balmain_burgundy_runway_2025_a9b3f60e74c63331.webp,3,#411f22,0.07501671810699588
data/latest/images/Balmain_burgundy_runway_2025_a9b3f60e74c63331.webp,4,#e6d6ce,0.025011574074074075
data/latest/images/Balmain_burgundy_runway_2025_a9b3f60e74c63331.webp,5,#a48479,0.007991255144032922
data/latest/images/Gucci_Fall_2013_runway_ef2c1dfe0ac4e0bf.jpg,1,#07090b,0.4791666666666667
data/latest/images/Gucci_Fall_2013_runway_ef2c1dfe0ac4e0bf.jpg,2,#b5608f,0.16964228501858258
data/latest/images/Gucci_Fall_2013_runway_ef2c1dfe0ac4e0bf.jpg,3,#7b4369,0.15601771754453414
data/latest/images/Gucci_Fall_2013_runway_ef2c1dfe0ac4e0bf.jpg,4,#362c3e,0.15534089452774574
data/latest/images/Gucci_Fall_2013_runway_ef2c1dfe0ac4e0bf.jpg,5,#e0ccce,0.03983243624247085
data/latest/images/leopard_print_runway_1990s_707441eed3ef1ce0.jpg,1,#040403,0.4759013310185185
data/latest/images/leopard_print_runway_1990s_707441eed3ef1ce0.jpg,2,#231b0b,0.24796585648148148
data/latest/images/leopard_print_runway_1990s_707441eed3ef1ce0.jpg,3,#544322,0.14288290895061728
data/latest/images/leopard_print_runway_1990s_707441eed3ef1ce0.jpg,4,#c2b396,0.07053674768518518
data/latest/images/leopard_print_runway_1990s_707441eed3ef1ce0.jpg,5,#8c7c60,0.06271315586419753
data/latest/images/Gucci_Fall_2013_runway_06434b3585f9d887.jpg,1,#030404,0.4863045267489712
data/latest/images/Gucci_Fall_2013_runway_06434b3585f9d887.jpg,2,#54524c,0.2555851851851852
data/latest/images/Gucci_Fall_2013_runway_06434b3585f9d887.jpg,3,#2b2b2a,0.15446584362139917
data/latest/images/Gucci_Fall_2013_runway_06434b3585f9d887.jpg,4,#aaaeb5,0.09662880658436214
data/latest/images/Gucci_Fall_2013_runway_06434b3585f9d887.jpg,5,#f61e09,0.007015637860082305
data/latest/images/Gucci_Fall_2013_runway_7ec950734acaf77b.jpg,1,#157571,0.36541756248320345
data/latest/images/Gucci_Fall_2013_runway_7ec950734acaf77b.jpg,2,#11514e,0.36229340231120666
data/latest/images/Gucci_Fall_2013_runway_7ec950734acaf77b.jpg,3,#111f1a,0.1252715443877094
data/latest/images/Gucci_Fall_2013_runway_7ec950734acaf77b.jpg,4,#63512e,0.10086054376063783
data/latest/images/Gucci_Fall_2013_runway_7ec950734acaf77b.jpg,5,#ccad97,0.04615694705724268
data/latest/images/Gucci_Fall_2013_runway_babf430186b1c23f.jpg,1,#020202,0.340566
data/latest/images/Gucci_Fall_2013_runway_babf430186b1c23f.jpg,2,#494f55,0.198592
data/latest/images/Gucci_Fall_2013_runway_babf430186b1c23f.jpg,3,#80868e,0.17284866666666668
data/latest/images/Gucci_Fall_2013_runway_babf430186b1c23f.jpg,4,#646b72,0.172762
data/latest/images/Gucci_Fall_2013_runway_babf430186b1c23f.jpg,5,#212930,0.11523133333333334
data/latest/images/Balmain_burgundy_runway_2025_feb8154b47fc6536.webp,1,#080607,0.4151684670781893
data/latest/images/Balmain_burgundy_runway_2025_feb8154b47fc6536.webp,2,#331d1e,0.33038033693415636
data/latest/images/Balmain_burgundy_runway_2025_feb8154b47fc6536.webp,3,#c9a882,0.1484230324074074
data/latest/images/Balmain_burgundy_runway_2025_feb8154b47fc6536.webp,4,#8b694a,0.07406442901234568
data/latest/images/Balmain_burgundy_runway_2025_feb8154b47fc6536.webp,5,#e4d0c4,0.031963734567901234
data/latest/images/leopard_print_runway_1990s_552aa529dfb9a258.webp,1,#61574e,0.5249072265625
data/latest/images/leopard_print_runway_1990s_552aa529dfb9a258.webp,2,#544a40,0.20077311197916667
data/latest/images/leopard_print_runway_1990s_552aa529dfb9a258.webp,3,#8a7769,0.10371907552083333
data/latest/images/leopard_print_runway_1990s_552aa529dfb9a258.webp,4,#35291d,0.103330078125
data/latest/images/leopard_print_runway_1990s_552aa529dfb9a258.webp,5,#e1d3ce,0.0672705078125
data/latest/images/Gucci_Fall_2013_runway_38c3840821e25319.jpg,1,#0a1219,0.597528996614202
data/latest/images/Gucci_Fall_2013_runway_38c3840821e25319.jpg,2,#1a2d48,0.194118605874817
data/latest/images/Gucci_Fall_2013_runway_38c3840821e25319.jpg,3,#394e77,0.12383470214128843
data/latest/images/Gucci_Fall_2013_runway_38c3840821e25319.jpg,4,#7781ac,0.05641471449487555
data/latest/images/Gucci_Fall_2013_runway_38c3840821e25319.jpg,5,#cecde2,0.028102980874816982
data/latest/images/Gucci_Fall_2013_runway_12e1f38bf9e75855.jpg,1,#070607,0.6482322504165065
data/latest/images/Gucci_Fall_2013_runway_12e1f38bf9e75855.jpg,2,#302225,0.1659337754709727
data/latest/images/Gucci_Fall_2013_runway_12e1f38bf9e75855.jpg,3,#5a464b,0.10522795719595028
data/latest/images/Gucci_Fall_2013_runway_12e1f38bf9e75855.jpg,4,#897e83,0.05975666410354992
data/latest/images/Gucci_Fall_2013_runway_12e1f38bf9e75855.jpg,5,#dfd2ca,0.02084935281302063
data/latest/images/Chanel_haute_couture_2020_758fb20802e597b1.jpg,1,#f0eff0,0.6440868055555555
data/latest/images/Chanel_haute_couture_2020_758fb20802e597b1.jpg,2,#521e4b,0.12885677083333333
data/latest/images/Chanel_haute_couture_2020_758fb20802e597b1.jpg,3,#221323,0.12580989583333332
data/latest/images/Chanel_haute_couture_2020_758fb20802e597b1.jpg,4,#793b6b,0.07087586805555555
data/latest/images/Chanel_haute_couture_2020_758fb20802e597b1.jpg,5,#a67f90,0.03037065972222222
data/latest/images/leopard_print_runway_1990s_408de60e65fe15f7.jpg,1,#120709,0.600196875
data/latest/images/leopard_print_runway_1990s_408de60e65fe15f7.jpg,2,#3f2420,0.17115
data/latest/images/leopard_print_runway_1990s_408de60e65fe15f7.jpg,3,#704b3c,0.09345625
data/latest/images/leopard_print_runway_1990s_408de60e65fe15f7.jpg,4,#aa7c5b,0.069171875
data/latest/images/leopard_print_runway_1990s_408de60e65fe15f7.jpg,5,#e4b08c,0.066025
data/latest/images/Gucci_Fall_2013_runway_11f39318b8df37ae.jpg,1,#030303,0.38147370083715054
data/latest/images/Gucci_Fall_2013_runway_11f39318b8df37ae.jpg,2,#474640,0.226182277681251
data/latest/images/Gucci_Fall_2013_runway_11f39318b8df37ae.jpg,3,#242421,0.1632017058916443
data/latest/images/Gucci_Fall_2013_runway_11f39318b8df37ae.jpg,4,#90908f,0.11957510661822777
data/latest/images/Gucci_Fall_2013_runway_11f39318b8df37ae.jpg,5,#646158,0.10956720897172642
data/latest/images/Chanel_haute_couture_2020_00a997a74ba9f841.jpg,1,#dddcdb,0.40444166666666664
data/latest/images/Chanel_haute_couture_2020_00a997a74ba9f841.jpg,2,#bcb3a8,0.22519375
data/latest/images/Chanel_haute_couture_2020_00a997a74ba9f841.jpg,3,#828476,0.14821041666666668
data/latest/images/Chanel_haute_couture_2020_00a997a74ba9f841.jpg,4,#131a0d,0.11835208333333333
data/latest/images/Chanel_haute_couture_2020_00a997a74ba9f841.jpg,5,#515737,0.10380208333333334
data/latest/images/leopard_print_runway_1990s_3bff482aeb57ac85.jpg,1,#594d3d,0.23951822916666668
data/latest/images/leopard_print_runway_1990s_3bff482aeb57ac85.jpg,2,#eab97d,0.21935546875
data/latest/images/leopard_print_runway_1990s_3bff482aeb57ac85.jpg,3,#1c160d,0.20819661458333333
data/latest/images/leopard_print_runway_1990s_3bff482aeb57ac85.jpg,4,#fbf7e2,0.18525716145833335
data/latest/images/leopard_print_runway_1990s_3bff482aeb57ac85.jpg,5,#e16244,0.14767252604166667
data/latest/images/Balmain_burgundy_runway_2025_752837e30a84924b.jpg,1,#ece6ee,0.4644292209852113
data/latest/images/Balmain_burgundy_runway_2025_752837e30a84924b.jpg,2,#c3b1a7,0.17170198945603407
data/latest/images/Balmain_burgundy_runway_2025_752837e30a84924b.jpg,3,#2f2020,0.15068958745600386
data/latest/images/Balmain_burgundy_runway_2025_752837e30a84924b.jpg,4,#e92e20,0.13178824453541593
data/latest/images/Balmain_burgundy_runway_2025_752837e30a84924b.jpg,5,#83675e,0.08139095756733486
data/latest/images/Balmain_burgundy_runway_2025_eaa165bbc4969e82.jpg,1,#150a08,0.36945763463553016
data/latest/images/Balmain_burgundy_runway_2025_eaa165bbc4969e82.jpg,2,#4b1f29,0.28275449422307863
data/latest/images/Balmain_burgundy_runway_2025_eaa165bbc4969e82.jpg,3,#6f4250,0.14284709318774422
data/latest/images/Balmain_burgundy_runway_2025_eaa165bbc4969e82.jpg,4,#ddbab6,0.11588481331100559
data/latest/images/Balmain_burgundy_runway_2025_eaa165bbc4969e82.jpg,5,#ad8181,0.0890559646426414
data/latest/images/leopard_print_runway_1990s_72430bd1830bbc48.jpg,1,#a99287,0.35074920654296876
data/latest/images/leopard_print_runway_1990s_72430bd1830bbc48.jpg,2,#7b6c67,0.25385589599609376
data/latest/images/leopard_print_runway_1990s_72430bd1830bbc48.jpg,3,#43342e,0.15562591552734376
data/latest/images/leopard_print_runway_1990s_72430bd1830bbc48.jpg,4,#cabdbc,0.142333984375
data/latest/images/leopard_print_runway_1990s_72430bd1830bbc48.jpg,5,#150c0b,0.09743499755859375
data/latest/images/Chanel_haute_couture_2020_c7ef51865f34adfb.jpg,1,#d0d3dc,0.24649712092130519
data/latest/images/Chanel_haute_couture_2020_c7ef51865f34adfb.jpg,2,#a8a5a4,0.2374149363112895
data/latest/images/Chanel_haute_couture_2020_c7ef51865f34adfb.jpg,3,#4e543b,0.22257895655208515
data/latest/images/Chanel_haute_couture_2020_c7ef51865f34adfb.jpg,4,#272f1e,0.16754493107660096
data/latest/images/Chanel_haute_couture_2020_c7ef51865f34adfb.jpg,5,#7b7961,0.12596405513871925
data/latest/images/Balmain_burgundy_runway_2025_673b9e3b539cbd1b.jpg,1,#dbdadd,0.7866520088427528
data/latest/images/Balmain_burgundy_runway_2025_673b9e3b539cbd1b.jpg,2,#6c362a,0.06025831410995771
data/latest/images/Balmain_burgundy_runway_2025_673b9e3b539cbd1b.jpg,3,#d1a582,0.054828431372549016
data/latest/images/Balmain_burgundy_runway_2025_673b9e3b539cbd1b.jpg,4,#251817,0.05065575740099962
data/latest/images/Balmain_burgundy_runway_2025_673b9e3b539cbd1b.jpg,5,#9e6d50,0.04760548827374087
data/latest/images/Chanel_haute_couture_2020_efdc9b291dd59c4f.jpg,1,#bbaba2,0.29165023011176855
data/latest/images/Chanel_haute_couture_2020_efdc9b291dd59c4f.jpg,2,#a59284,0.22595566826336058
data/latest/images/Chanel_haute_couture_2020_efdc9b291dd59c4f.jpg,3,#534d26,0.2196346388654081
data/latest/images/Chanel_haute_couture_2020_efdc9b291dd59c4f.jpg,4,#27201a,0.14296045834507373
data/latest/images/Chanel_haute_couture_2020_efdc9b291dd59c4f.jpg,5,#7a6c4e,0.11979900441438902
data/latest/images/Gucci_Fall_2013_runway_f96ef419e541d17f.jpg,1,#3c3f40,0.28932112809065935
data/latest/images/Gucci_Fall_2013_runway_f96ef419e541d17f.jpg,2,#93a1a9,0.2860648466117216
data/latest/images/Gucci_Fall_2013_runway_f96ef419e541d17f.jpg,3,#080a0b,0.2692926539606227
data/latest/images/Gucci_Fall_2013_runway_f96ef419e541d17f.jpg,4,#587586,0.12262405563186814
data/latest/images/Gucci_Fall_2013_runway_f96ef419e541d17f.jpg,5,#d7d3cc,0.0326973157051282
data/latest/images/leopard_print_runway_1990s_fd6699a5b8b93f2d.jpg,1,#14161c,0.5258609995274102
data/latest/images/leopard_print_runway_1990s_fd6699a5b8b93f2d.jpg,2,#343843,0.22247312145557657
data/latest/images/leopard_print_runway_1990s_fd6699a5b8b93f2d.jpg,3,#6d686d,0.08553875236294896
data/latest/images/leopard_print_runway_1990s_fd6699a5b8b93f2d.jpg,4,#e4dbbf,0.08504696361058602
data/latest/images/leopard_print_runway_1990s_fd6699a5b8b93f2d.jpg,5,#b5a794,0.08108016304347826
data/latest/images/Gucci_Fall_2013_runway_dcfecd0dcdf49342.jpg,1,#030305,0.36739866666666665
data/latest/images/Gucci_Fall_2013_runway_dcfecd0dcdf49342.jpg,2,#40434a,0.24412266666666665
data/latest/images/Gucci_Fall_2013_runway_dcfecd0dcdf49342.jpg,3,#26282e,0.17868266666666666
data/latest/images/Gucci_Fall_2013_runway_dcfecd0dcdf49342.jpg,4,#778596,0.16360666666666668
data/latest/images/Gucci_Fall_2013_runway_dcfecd0dcdf49342.jpg,5,#d2d2d4,0.04618933333333333
data/latest/images/Chanel_haute_couture_2020_5109a97d81798666.jpg,1,#b3aca4,0.3792200791587902
data/latest/images/Chanel_haute_couture_2020_5109a97d81798666.jpg,2,#938a80,0.24797549425015752
data/latest/images/Chanel_haute_couture_2020_5109a97d81798666.jpg,3,#d0d1d3,0.1743277902488973
data/latest/images/Chanel_haute_couture_2020_5109a97d81798666.jpg,4,#606246,0.12406343533396345
data/latest/images/Chanel_haute_couture_2020_5109a97d81798666.jpg,5,#313329,0.07441320100819156
data/latest/images/Chanel_haute_couture_2020_400d1b9fc0c46ac0.jpg,1,#100f13,0.4391638888888889
data/latest/images/Chanel_haute_couture_2020_400d1b9fc0c46ac0.jpg,2,#f7f4f5,0.24719907407407407
data/latest/images/Chanel_haute_couture_2020_400d1b9fc0c46ac0.jpg,3,#594849,0.1264425925925926
data/latest/images/Chanel_haute_couture_2020_400d1b9fc0c46ac0.jpg,4,#d8d0cf,0.09724444444444444
data/latest/images/Chanel_haute_couture_2020_400d1b9fc0c46ac0.jpg,5,#a89694,0.08995
data/latest/images/vogue_runway_emerald_dress_b61fbd53e7dc6ffb.jpg,1,#0f0c04,0.3928787630890052
data/latest/images/vogue_runway_emerald_dress_b61fbd53e7dc6ffb.jpg,2,#47341e,0.1697848494764398
data/latest/images/vogue_runway_emerald_dress_b61fbd53e7dc6ffb.jpg,3,#646d53,0.15849558246073298
data/latest/images/vogue_runway_emerald_dress_b61fbd53e7dc6ffb.jpg,4,#d9d2c7,0.14896924083769633
data/latest/images/vogue_runway_emerald_dress_b61fbd53e7dc6ffb.jpg,5,#b88d70,0.12987156413612566
data/latest/images/Gucci_Fall_2013_runway_4cc8af6c215ccc45.jpg,1,#0d1015,0.7462580740740741
data/latest/images/Gucci_Fall_2013_runway_4cc8af6c215ccc45.jpg,2,#2b1b2d,0.11182044444444444
data/latest/images/Gucci_Fall_2013_runway_4cc8af6c215ccc45.jpg,3,#63274d,0.07144711111111111
data/latest/images/Gucci_Fall_2013_runway_4cc8af6c215ccc45.jpg,4,#893f6c,0.06027792592592593
data/latest/images/Gucci_Fall_2013_runway_4cc8af6c215ccc45.jpg,5,#d8b9ba,0.010196444444444444
data/latest/images/Gucci_Fall_2013_runway_ba9fd69f5922d392.jpg,1,#050605,0.39966671931764336
data/latest/images/Gucci_Fall_2013_runway_ba9fd69f5922d392.jpg,2,#403f34,0.24726267572263466
data/latest/images/Gucci_Fall_2013_runway_ba9fd69f5922d392.jpg,3,#7e8188,0.24085610488074555
data/latest/images/Gucci_Fall_2013_runway_ba9fd69f5922d392.jpg,4,#8e8919,0.06749960511767493
data/latest/images/Gucci_Fall_2013_runway_ba9fd69f5922d392.jpg,5,#d4c766,0.04471489496130153
data/latest/images/vogue_runway_emerald_dress_5789bb87a388275c.jpg,1,#ece7e5,0.3099703125
data/latest/images/vogue_runway_emerald_dress_5789bb87a388275c.jpg,2,#d5cac4,0.289990625
data/latest/images/vogue_runway_emerald_dress_5789bb87a388275c.jpg,3,#b6a191,0.164115625
data/latest/images/vogue_runway_emerald_dress_5789bb87a388275c.jpg,4,#08413a,0.1462015625
data/latest/images/vogue_runway_emerald_dress_5789bb87a388275c.jpg,5,#7b6353,0.089721875
data/latest/images/Gucci_Fall_2013_runway_7d8837aed673420b.jpg,1,#040303,0.6708299208299209
data/latest/images/Gucci_Fall_2013_runway_7d8837aed673420b.jpg,2,#1a1d21,0.14770920653273595
data/latest/images/Gucci_Fall_2013_runway_7d8837aed673420b.jpg,3,#363e45,0.11097461097461098
data/latest/images/Gucci_Fall_2013_runway_7d8837aed673420b.jpg,4,#74716d,0.04893529893529894
data/latest/images/Gucci_Fall_2013_runway_7d8837aed673420b.jpg,5,#c5c3c1,0.021550962727433315
data/latest/images/Balmain_burgundy_runway_2025_90dea4448111a3ce.jpg,1,#edebed,0.42693854166666667
data/latest/images/Balmain_burgundy_runway_2025_90dea4448111a3ce.jpg,2,#dbdada,0.3833708333333333
data/latest/images/Balmain_burgundy_runway_2025_90dea4448111a3ce.jpg,3,#261f20,0.08398020833333333
data/latest/images/Balmain_burgundy_runway_2025_90dea4448111a3ce.jpg,4,#563e37,0.078953125
data/latest/images/Balmain_burgundy_runway_2025_90dea4448111a3ce.jpg,5,#8b6b61,0.026757291666666665
data/latest/images/vogue_runway_emerald_dress_53c47593e392767a.jpg,1,#ddd1d4,0.35530434782608694
data/latest/images/vogue_runway_emerald_dress_53c47593e392767a.jpg,2,#03465a,0.2155402576489533
data/latest/images/vogue_runway_emerald_dress_53c47593e392767a.jpg,3,#0982a5,0.18519082125603864
data/latest/images/vogue_runway_emerald_dress_53c47593e392767a.jpg,4,#9ca0a6,0.15637037037037038
data/latest/images/vogue_runway_emerald_dress_53c47593e392767a.jpg,5,#635e51,0.08759420289855073
data/latest/images/leopard_print_runway_1990s_abd567652c98c5db.jpg,1,#c1c7c7,0.549053970223325
data/latest/images/leopard_print_runway_1990s_abd567652c98c5db.jpg,2,#aba9a8,0.23726633581472292
data/latest/images/leopard_print_runway_1990s_abd567652c98c5db.jpg,3,#1f0e0c,0.10092431761786601
data/latest/images/leopard_print_runway_1990s_abd567652c98c5db.jpg,4,#aa5b53,0.05663151364764268
data/latest/images/leopard_print_runway_1990s_abd567652c98c5db.jpg,5,#583b34,0.056123862696443344
data/latest/images/vogue_runway_emerald_dress_49f0aaf35c74c7e6.jpg,1,#676567,0.4256777673545966
data/latest/images/vogue_runway_emerald_dress_49f0aaf35c74c7e6.jpg,2,#0f131e,0.30471622889305816
data/latest/images/vogue_runway_emerald_dress_49f0aaf35c74c7e6.jpg,3,#283439,0.17003048780487806
data/latest/images/vogue_runway_emerald_dress_49f0aaf35c74c7e6.jpg,4,#c68473,0.0761843339587242
data/latest/images/vogue_runway_emerald_dress_49f0aaf35c74c7e6.jpg,5,#c4ced9,0.023391181988742963
data/latest/images/Chanel_haute_couture_2020_bc4cc0776321f478.jpg,1,#a4a2a0,0.291078511666747
data/latest/images/Chanel_haute_couture_2020_bc4cc0776321f478.jpg,2,#807d7b,0.22883444942268472
data/latest/images/Chanel_haute_couture_2020_bc4cc0776321f478.jpg,3,#c8c7c8,0.21302452184805126
data/latest/images/Chanel_haute_couture_2020_bc4cc0776321f478.jpg,4,#1e1e20,0.14567374861492507
data/latest/images/Chanel_haute_couture_2020_bc4cc0776321f478.jpg,5,#4b4a48,0.12138876844759197
data/latest/images/Chanel_haute_couture_2020_c789ebf4fd412dc6.jpg,1,#9a9b9f,0.38267903645833334
data/latest/images/Chanel_haute_couture_2020_c789ebf4fd412dc6.jpg,2,#7e7d7e,0.24060221354166667
data/latest/images/Chanel_haute_couture_2020_c789ebf4fd412dc6.jpg,3,#252922,0.20080891927083333
data/latest/images/Chanel_haute_couture_2020_c789ebf4fd412dc6.jpg,4,#535553,0.1474755859375
data/latest/images/Chanel_haute_couture_2020_c789ebf4fd412dc6.jpg,5,#d4dbea,0.028434244791666667
data/latest/images/leopard_print_runway_1990s_de43080fa21f45b9.jpg,1,#070603,0.5990424165569266
data/latest/images/leopard_print_runway_1990s_de43080fa21f45b9.jpg,2,#fefefe,0.10469606073907883
data/latest/images/leopard_print_runway_1990s_de43080fa21f45b9.jpg,3,#ceb9a6,0.10321253800256873
data/latest/images/leopard_print_runway_1990s_de43080fa21f45b9.jpg,4,#a38e78,0.09961143897640995
data/latest/images/leopard_print_runway_1990s_de43080fa21f45b9.jpg,5,#4d3929,0.09343754572501585
data/latest/images/vogue_runway_emerald_dress_db6817d267cccdc9.jpg,1,#050908,0.2824988137603796
data/latest/images/vogue_runway_emerald_dress_db6817d267cccdc9.jpg,2,#153025,0.2549691577698695
data/latest/images/vogue_runway_emerald_dress_db6817d267cccdc9.jpg,3,#18533f,0.25351542111506525
data/latest/images/vogue_runway_emerald_dress_db6817d267cccdc9.jpg,4,#14876c,0.17354507710557532
data/latest/images/vogue_runway_emerald_dress_db6817d267cccdc9.jpg,5,#c09c88,0.03547153024911032
data/latest/images/Balmain_burgundy_runway_2025_af3fb4ac21c8549a.jpg,1,#21130d,0.4932622273763021
data/latest/images/Balmain_burgundy_runway_2025_af3fb4ac21c8549a.jpg,2,#533b23,0.21046529134114583
data/latest/images/Balmain_burgundy_runway_2025_af3fb4ac21c8549a.jpg,3,#916345,0.133289794921875
data/latest/images/Balmain_burgundy_runway_2025_af3fb4ac21c8549a.jpg,4,#65070e,0.08245808919270833
data/latest/images/Balmain_burgundy_runway_2025_af3fb4ac21c8549a.jpg,5,#c49676,0.08052459716796875
data/latest/images/leopard_print_runway_1990s_03f5362136127ae9.jpg,1,#602f2d,0.24381510416666666
data/latest/images/leopard_print_runway_1990s_03f5362136127ae9.jpg,2,#1e1c21,0.23588053385416666
data/latest/images/leopard_print_runway_1990s_03f5362136127ae9.jpg,3,#ae9e80,0.22564406622023808
data/latest/images/leopard_print_runway_1990s_03f5362136127ae9.jpg,4,#91634d,0.19779604957217262
data/latest/images/leopard_print_runway_1990s_03f5362136127ae9.jpg,5,#cdcbb2,0.09686424618675596
data/latest/images/leopard_print_runway_1990s_4111f824bc1f367a.webp,1,#392213,0.2292632918552036
data/latest/images/leopard_print_runway_1990s_4111f824bc1f367a.webp,2,#734b30,0.22850325226244345
data/latest/images/leopard_print_runway_1990s_4111f824bc1f367a.webp,3,#c2a88e,0.22620545814479637
data/latest/images/leopard_print_runway_1990s_4111f824bc1f367a.webp,4,#a37957,0.2194075226244344
data/latest/images/leopard_print_runway_1990s_4111f824bc1f367a.webp,5,#dedad4,0.09662047511312218
data/latest/images/Chanel_haute_couture_2020_443b722c6b0af5d0.jpg,1,#ffffff,0.6364394124348959
data/latest/images/Chanel_haute_couture_2020_443b722c6b0af5d0.jpg,2,#121212,0.25716623942057293
data/latest/images/Chanel_haute_couture_2020_443b722c6b0af5d0.jpg,3,#c1c1c1,0.03924163818359375
data/latest/images/Chanel_haute_couture_2020_443b722c6b0af5d0.jpg,4,#424242,0.03878204345703125
data/latest/images/Chanel_haute_couture_2020_443b722c6b0af5d0.jpg,5,#797979,0.02837066650390625
data/latest/images/Gucci_Fall_2013_runway_48e8997c669bc4e7.jpg,1,#08080a,0.7423341049382716
data/latest/images/Gucci_Fall_2013_runway_48e8997c669bc4e7.jpg,2,#3b343a,0.1678105709876543
data/latest/images/Gucci_Fall_2013_runway_48e8997c669bc4e7.jpg,3,#59586f,0.053881655092592594
data/latest/images/Gucci_Fall_2013_runway_48e8997c669bc4e7.jpg,4,#918da9,0.025152391975308643
data/latest/images/Gucci_Fall_2013_runway_48e8997c669bc4e7.jpg,5,#f8ebeb,0.010821277006172839
data/latest/images/Gucci_Fall_2013_runway_f194498095d1baa2.jpg,1,#0e1218,0.7706579428989752
data/latest/images/Gucci_Fall_2013_runway_f194498095d1baa2.jpg,2,#b33772,0.12177005170204978
data/latest/images/Gucci_Fall_2013_runway_f194498095d1baa2.jpg,3,#53344e,0.055971472364568085
data/latest/images/Gucci_Fall_2013_runway_f194498095d1baa2.jpg,4,#8b7d85,0.030475041178623718
data/latest/images/Gucci_Fall_2013_runway_f194498095d1baa2.jpg,5,#f0dbd3,0.02112549185578331
data/latest/images/vogue_runway_emerald_dress_65689b03b8e8737f.jpg,1,#091310,0.44262478298611113
data/latest/images/vogue_runway_emerald_dress_65689b03b8e8737f.jpg,2,#10362b,0.29947157118055556
data/latest/images/vogue_runway_emerald_dress_65689b03b8e8737f.jpg,3,#216552,0.14614908854166667
data/latest/images/vogue_runway_emerald_dress_65689b03b8e8737f.jpg,4,#451c22,0.07536566840277778
data/latest/images/vogue_runway_emerald_dress_65689b03b8e8737f.jpg,5,#d2b29f,0.03638888888888889
data/latest/images/Chanel_haute_couture_2020_83c99315545cd393.jpg,1,#c5c8cb,0.3867262591311034
data/latest/images/Chanel_haute_couture_2020_83c99315545cd393.jpg,2,#ab9f96,0.2928412149173395
data/latest/images/Chanel_haute_couture_2020_83c99315545cd393.jpg,3,#7d766e,0.1253212706651288
data/latest/images/Chanel_haute_couture_2020_83c99315545cd393.jpg,4,#282728,0.11722342368319877
data/latest/images/Chanel_haute_couture_2020_83c99315545cd393.jpg,5,#efeff4,0.07788783160322953
data/latest/images/Chanel_haute_couture_2020_c46c159def532563.jpg,1,#363b29,0.2228500986193294
data/latest/images/Chanel_haute_couture_2020_c46c159def532563.jpg,2,#cec4b8,0.20557445759368836
data/latest/images/Chanel_haute_couture_2020_c46c159def532563.jpg,3,#6a6b4d,0.20273668639053255
data/latest/images/Chanel_haute_couture_2020_c46c159def532563.jpg,4,#a09884,0.19254930966469427
data/latest/images/Chanel_haute_couture_2020_c46c159def532563.jpg,5,#f2ede9,0.17628944773175542
data/latest/images/Chanel_haute_couture_2020_57501ddc7b0f0464.jpg,1,#f5f5f5,0.5627062824328449
data/latest/images/Chanel_haute_couture_2020_57501ddc7b0f0464.jpg,2,#0a0a0a,0.29954594017094016
data/latest/images/Chanel_haute_couture_2020_57501ddc7b0f0464.jpg,3,#333333,0.04969975770757021
data/latest/images/Chanel_haute_couture_2020_57501ddc7b0f0464.jpg,4,#b0b0b0,0.046096373244810744
data/latest/images/Chanel_haute_couture_2020_57501ddc7b0f0464.jpg,5,#737373,0.041951646443833944
data/latest/images/leopard_print_runway_1990s_94bd0e1be96d7140.jpg,1,#201a1a,0.4712997256515775
data/latest/images/leopard_print_runway_1990s_94bd0e1be96d7140.jpg,2,#564f54,0.23156207133058984
data/latest/images/leopard_print_runway_1990s_94bd0e1be96d7140.jpg,3,#a99089,0.11978909465020576
data/latest/images/leopard_print_runway_1990s_94bd0e1be96d7140.jpg,4,#ead33f,0.09427297668038409
data/latest/images/leopard_print_runway_1990s_94bd0e1be96d7140.jpg,5,#e8dbd4,0.0830761316872428
data/latest/images/leopard_print_runway_1990s_836a435f739b1f79.jpg,1,#0e100e,0.4673674340454232
data/latest/images/leopard_print_runway_1990s_836a435f739b1f79.jpg,2,#292825,0.18678433206286468
data/latest/images/leopard_print_runway_1990s_836a435f739b1f79.jpg,3,#534e44,0.17144974590626766
data/latest/images/leopard_print_runway_1990s_836a435f739b1f79.jpg,4,#73685d,0.11349696499153021
data/latest/images/leopard_print_runway_1990s_836a435f739b1f79.jpg,5,#be9e8e,0.0609015229939143
data/latest/images/Chanel_haute_couture_2020_2fa197f5711c4b3f.jpg,1,#5d572a,0.28346834789142483
data/latest/images/Chanel_haute_couture_2020_2fa197f5711c4b3f.jpg,2,#d8cacb,0.20647835070911993
data/latest/images/Chanel_haute_couture_2020_2fa197f5711c4b3f.jpg,3,#81764d,0.19033178360101438
data/latest/images/Chanel_haute_couture_2020_2fa197f5711c4b3f.jpg,4,#b0a4a0,0.16450173757866066
data/latest/images/Chanel_haute_couture_2020_2fa197f5711c4b3f.jpg,5,#322e11,0.15521978021978022
data/latest/images/leopard_print_runway_1990s_40927e2c67b0cc89.jpg,1,#31130d,0.26401658610193046
data/latest/images/leopard_print_runway_1990s_40927e2c67b0cc89.jpg,2,#652e19,0.20279318706970165
data/latest/images/leopard_print_runway_1990s_40927e2c67b0cc89.jpg,3,#c79b40,0.2020324935459132
data/latest/images/leopard_print_runway_1990s_40927e2c67b0cc89.jpg,4,#99652e,0.1805056126006645
data/latest/images/leopard_print_runway_1990s_40927e2c67b0cc89.jpg,5,#ac9fa7,0.1506521206817902
data/latest/images/Gucci_Fall_2013_runway_82ba71617893a90f.jpg,1,#030404,0.5028997345313457
data/latest/images/Gucci_Fall_2013_runway_82ba71617893a90f.jpg,2,#31373d,0.16187036280716086
data/latest/images/Gucci_Fall_2013_runway_82ba71617893a90f.jpg,3,#5e646e,0.15745949901300116
data/latest/images/Gucci_Fall_2013_runway_82ba71617893a90f.jpg,4,#878d9a,0.14525474780477843
data/latest/images/Gucci_Fall_2013_runway_82ba71617893a90f.jpg,5,#c0c0c2,0.03251565584371384
data/latest/images/Chanel_haute_couture_2020_16f298722c583277.jpg,1,#1c231c,0.32246468926553673
data/latest/images/Chanel_haute_couture_2020_16f298722c583277.jpg,2,#474c2f,0.21872693032015067
data/latest/images/Chanel_haute_couture_2020_16f298722c583277.jpg,3,#e3ddcf,0.18004755178907722
data/latest/images/Chanel_haute_couture_2020_16f298722c583277.jpg,4,#bdb3a3,0.14956167608286253
data/latest/images/Chanel_haute_couture_2020_16f298722c583277.jpg,5,#827c5b,0.12919915254237288
data/latest/images/Gucci_Fall_2013_runway_b8355080de0bf414.jpg,1,#020303,0.5174218257718967
data/latest/images/Gucci_Fall_2013_runway_b8355080de0bf414.jpg,2,#858f99,0.15569618383742911
data/latest/images/Gucci_Fall_2013_runway_b8355080de0bf414.jpg,3,#a8b3bc,0.13681597550409577
data/latest/images/Gucci_Fall_2013_runway_b8355080de0bf414.jpg,4,#47423c,0.09619663673597983
data/latest/images/Gucci_Fall_2013_runway_b8355080de0bf414.jpg,5,#242421,0.09386937815059862
data/latest/images/Balmain_burgundy_runway_2025_badcbb468efe5d13.jpg,1,#171b1c,0.2777745920411128
data/latest/images/Balmain_burgundy_runway_2025_badcbb468efe5d13.jpg,2,#f8e5df,0.26958879702058
data/latest/images/Balmain_burgundy_runway_2025_badcbb468efe5d13.jpg,3,#5c5a5d,0.2585636174343518
data/latest/images/Balmain_burgundy_runway_2025_badcbb468efe5d13.jpg,4,#9c8880,0.10535412767860906
data/latest/images/Balmain_burgundy_runway_2025_badcbb468efe5d13.jpg,5,#c5b4ac,0.08871886582534637
data/latest/images/leopard_print_runway_1990s_df925eee247dc68c.jpg,1,#232224,0.3605274518616644
data/latest/images/leopard_print_runway_1990s_df925eee247dc68c.jpg,2,#e2dfd9,0.22037185977196386
data/latest/images/leopard_print_runway_1990s_df925eee247dc68c.jpg,3,#cd9d71,0.18223376070397881
data/latest/images/leopard_print_runway_1990s_df925eee247dc68c.jpg,4,#795a4a,0.1361416000378483
data/latest/images/leopard_print_runway_1990s_df925eee247dc68c.jpg,5,#93a3af,0.10072532762454464
data/latest/images/Chanel_haute_couture_2020_bd5c35608634241b.jpg,1,#b5aca4,0.34778096624194493
data/latest/images/Chanel_haute_couture_2020_bd5c35608634241b.jpg,2,#ccc9c7,0.2316779254540129
data/latest/images/Chanel_haute_couture_2020_bd5c35608634241b.jpg,3,#978b80,0.21582340180140597
data/latest/images/Chanel_haute_couture_2020_bd5c35608634241b.jpg,4,#5f5a47,0.12385261057410663
data/latest/images/Chanel_haute_couture_2020_bd5c35608634241b.jpg,5,#2e2e2c,0.08086509592852958
data/latest/images/vogue_runway_emerald_dress_c11670d183d8f9b2.jpg,1,#274033,0.3318984466588511
data/latest/images/vogue_runway_emerald_dress_c11670d183d8f9b2.jpg,2,#050a06,0.20619687866354044
data/latest/images/vogue_runway_emerald_dress_c11670d183d8f9b2.jpg,3,#666151,0.18740841148886284
data/latest/images/vogue_runway_emerald_dress_c11670d183d8f9b2.jpg,4,#b9a185,0.16881594372801875
data/latest/images/vogue_runway_emerald_dress_c11670d183d8f9b2.jpg,5,#f2f0e8,0.10568031946072684
data/latest/images/Gucci_Fall_2013_runway_991d81eb16a9fff1.jpg,1,#050a06,0.6083526834736457
data/latest/images/Gucci_Fall_2013_runway_991d81eb16a9fff1.jpg,2,#1f2326,0.18133857693539532
data/latest/images/Gucci_Fall_2013_runway_991d81eb16a9fff1.jpg,3,#545559,0.07755629175054905
data/latest/images/Gucci_Fall_2013_runway_991d81eb16a9fff1.jpg,4,#e8ddd5,0.0719903859352123
data/latest/images/Gucci_Fall_2013_runway_991d81eb16a9fff1.jpg,5,#a29894,0.06076206190519766
data/latest/images/vogue_runway_emerald_dress_1c1b7b426a53134a.jpg,1,#c7c0c7,0.3895382968002016
data/latest/images/vogue_runway_emerald_dress_1c1b7b426a53134a.jpg,2,#9b9495,0.20521415973796925
data/latest/images/vogue_runway_emerald_dress_1c1b7b426a53134a.jpg,3,#272b23,0.18209561602418745
data/latest/images/vogue_runway_emerald_dress_1c1b7b426a53134a.jpg,4,#68614c,0.15587616528092718
data/latest/images/vogue_runway_emerald_dress_1c1b7b426a53134a.jpg,5,#046b8e,0.06727576215671453
data/latest/images/Balmain_burgundy_runway_2025_452cff52363ef90c.jpg,1,#272124,0.30805710316856344
data/latest/images/Balmain_burgundy_runway_2025_452cff52363ef90c.jpg,2,#f9e4df,0.25555113125211243
data/latest/images/Balmain_burgundy_runway_2025_452cff52363ef90c.jpg,3,#625f64,0.24698563810364946
data/latest/images/Balmain_burgundy_runway_2025_452cff52363ef90c.jpg,4,#0b0c0e,0.12331944947612199
data/latest/images/Balmain_burgundy_runway_2025_452cff52363ef90c.jpg,5,#cfc5c0,0.06608667799955269
data/latest/images/Gucci_Fall_2013_runway_6d963b884b50904e.jpg,1,#07080c,0.7966658898014275
data/latest/images/Gucci_Fall_2013_runway_6d963b884b50904e.jpg,2,#19283f,0.09389155151903368
data/latest/images/Gucci_Fall_2013_runway_6d963b884b50904e.jpg,3,#3c5981,0.043300466691068816
data/latest/images/Gucci_Fall_2013_runway_6d963b884b50904e.jpg,4,#c1d5ef,0.036761572909040995
data/latest/images/Gucci_Fall_2013_runway_6d963b884b50904e.jpg,5,#7895c2,0.02938051907942899
data/latest/images/Gucci_Fall_2013_runway_bed89d078ec4eeb2.jpg,1,#0a1521,0.513099949670571
data/latest/images/Gucci_Fall_2013_runway_bed89d078ec4eeb2.jpg,2,#162c4a,0.22797944500366032
data/latest/images/Gucci_Fall_2013_runway_bed89d078ec4eeb2.jpg,3,#264576,0.18627607979502195
data/latest/images/Gucci_Fall_2013_runway_bed89d078ec4eeb2.jpg,4,#4779c2,0.047461223462664716
data/latest/images/Gucci_Fall_2013_runway_bed89d078ec4eeb2.jpg,5,#d1e3f0,0.025183302068081993
data/latest/images/Gucci_Fall_2013_runway_6c4f4963f134cbb0.jpg,1,#060505,0.757092252148824
data/latest/images/Gucci_Fall_2013_runway_6c4f4963f134cbb0.jpg,2,#332a2b,0.08439326878049518
data/latest/images/Gucci_Fall_2013_runway_6c4f4963f134cbb0.jpg,3,#8d7c7f,0.06952521941419054
data/latest/images/Gucci_Fall_2013_runway_6c4f4963f134cbb0.jpg,4,#5e4d4f,0.060431426456593
data/latest/images/Gucci_Fall_2013_runway_6c4f4963f134cbb0.jpg,5,#b4a5a9,0.02855783319989728
data/latest/images/vogue_runway_emerald_dress_de9e53cb510cc20a.jpg,1,#c7c3be,0.3549586776859504
data/latest/images/vogue_runway_emerald_dress_de9e53cb510cc20a.jpg,2,#0c0d07,0.3215480563207836
data/latest/images/vogue_runway_emerald_dress_de9e53cb510cc20a.jpg,3,#35531c,0.1751438628711356
data/latest/images/vogue_runway_emerald_dress_de9e53cb510cc20a.jpg,4,#a38370,0.0781558004285277
data/latest/images/vogue_runway_emerald_dress_de9e53cb510cc20a.jpg,5,#41745e,0.0701936026936027
data/latest/images/Chanel_haute_couture_2020_573634350252936a.jpg,1,#eef0f0,0.27393217505694206
data/latest/images/Chanel_haute_couture_2020_573634350252936a.jpg,2,#643e1d,0.2726913697973064
data/latest/images/Chanel_haute_couture_2020_573634350252936a.jpg,3,#876f5a,0.18956603410491124
data/latest/images/Chanel_haute_couture_2020_573634350252936a.jpg,4,#b1aba8,0.13735599334790513
data/latest/images/Chanel_haute_couture_2020_573634350252936a.jpg,5,#2a221f,0.12645442769293516
data/latest/images/Chanel_haute_couture_2020_ef96f2243aad94a6.jpg,1,#c4c4c8,0.3775135912734628
data/latest/images/Chanel_haute_couture_2020_ef96f2243aad94a6.jpg,2,#d1d2d6,0.36319695414863395
data/latest/images/Chanel_haute_couture_2020_ef96f2243aad94a6.jpg,3,#140914,0.15914735630971744
data/latest/images/Chanel_haute_couture_2020_ef96f2243aad94a6.jpg,4,#412a36,0.07140336574147309
data/latest/images/Chanel_haute_couture_2020_ef96f2243aad94a6.jpg,5,#7d5f6b,0.028738732526712718
data/latest/images/leopard_print_runway_1990s_0c6b6d9323cba2a2.jpg,1,#c7c7c7,0.267001953125
data/latest/images/leopard_print_runway_1990s_0c6b6d9323cba2a2.jpg,2,#e5e7e8,0.24776909722222223
data/latest/images/leopard_print_runway_1990s_0c6b6d9323cba2a2.jpg,3,#796b65,0.22339916087962963
data/latest/images/leopard_print_runway_1990s_0c6b6d9323cba2a2.jpg,4,#9c938f,0.17123679832175925
data/latest/images/leopard_print_runway_1990s_0c6b6d9323cba2a2.jpg,5,#382b2a,0.09059299045138888
data/latest/images/Chanel_haute_couture_2020_163ffd2ba588c3a6.jpg,1,#676673,0.4469376646877106
data/latest/images/Chanel_haute_couture_2020_163ffd2ba588c3a6.jpg,2,#4e4e5b,0.3520703340434505
data/latest/images/Chanel_haute_couture_2020_163ffd2ba588c3a6.jpg,3,#201f2e,0.1212317829708852
data/latest/images/Chanel_haute_couture_2020_163ffd2ba588c3a6.jpg,4,#938d9c,0.051773670873299954
data/latest/images/Chanel_haute_couture_2020_163ffd2ba588c3a6.jpg,5,#c6bfce,0.027986547424653684
data/latest/images/Chanel_haute_couture_2020_cb4b2b4c16da25f8.jpg,1,#a299a1,0.26133263388848577
data/latest/images/Chanel_haute_couture_2020_cb4b2b4c16da25f8.jpg,2,#eaebf8,0.2294613062132528
data/latest/images/Chanel_haute_couture_2020_cb4b2b4c16da25f8.jpg,3,#cebec5,0.2229154980002642
data/latest/images/Chanel_haute_couture_2020_cb4b2b4c16da25f8.jpg,4,#746b6c,0.16197764201570305
data/latest/images/Chanel_haute_couture_2020_cb4b2b4c16da25f8.jpg,5,#373834,0.12431291988229415
data/latest/images/vogue_runway_emerald_dress_21f71ee5f049a409.jpg,1,#817b7a,0.37754327571642904
data/latest/images/vogue_runway_emerald_dress_21f71ee5f049a409.jpg,2,#b9b1a6,0.25402246681039375
data/latest/images/vogue_runway_emerald_dress_21f71ee5f049a409.jpg,3,#22261f,0.15508339952343128
data/latest/images/vogue_runway_emerald_dress_21f71ee5f049a409.jpg,4,#bc8a6b,0.12895596152148972
data/latest/images/vogue_runway_emerald_dress_21f71ee5f049a409.jpg,5,#7d4f42,0.08439489642825623
data/latest/images/Gucci_Fall_2013_runway_50364072a0044468.jpg,1,#0c1318,0.7213307823129251
data/latest/images/Gucci_Fall_2013_runway_50364072a0044468.jpg,2,#292330,0.1505484693877551
data/latest/images/Gucci_Fall_2013_runway_50364072a0044468.jpg,3,#543f58,0.07157312925170067
data/latest/images/Gucci_Fall_2013_runway_50364072a0044468.jpg,4,#82869e,0.03716836734693878
data/latest/images/Gucci_Fall_2013_runway_50364072a0044468.jpg,5,#dad5e2,0.01937925170068027
data/latest/images/Gucci_Fall_2013_runway_5bb9fd9960bb2c4e.jpg,1,#0a090a,0.6745985588906177
data/latest/images/Gucci_Fall_2013_runway_5bb9fd9960bb2c4e.jpg,2,#373026,0.11591187178054049
data/latest/images/Gucci_Fall_2013_runway_5bb9fd9960bb2c4e.jpg,3,#5f554a,0.08394386622154414
data/latest/images/Gucci_Fall_2013_runway_5bb9fd9960bb2c4e.jpg,4,#8f8278,0.06867928518557682
data/latest/images/Gucci_Fall_2013_runway_5bb9fd9960bb2c4e.jpg,5,#bbafa7,0.05686641792172087
data/latest/images/Balmain_burgundy_runway_2025_325e14aa15455764.jpg,1,#9f3f44,0.3457237810539665
data/latest/images/Balmain_burgundy_runway_2025_325e14aa15455764.jpg,2,#722d31,0.20050048689901942
data/latest/images/Balmain_burgundy_runway_2025_325e14aa15455764.jpg,3,#ba6162,0.1666859161627828
data/latest/images/Balmain_burgundy_runway_2025_325e14aa15455764.jpg,4,#d78d8d,0.14357406526711505
data/latest/images/Balmain_burgundy_runway_2025_325e14aa15455764.jpg,5,#341014,0.1435157506171162
data/latest/images/Gucci_Fall_2013_runway_5214acea72dead7c.jpg,1,#070a0c,0.58771484375
data/latest/images/Gucci_Fall_2013_runway_5214acea72dead7c.jpg,2,#181d24,0.2574435763888889
data/latest/images/Gucci_Fall_2013_runway_5214acea72dead7c.jpg,3,#423943,0.10662326388888889
data/latest/images/Gucci_Fall_2013_runway_5214acea72dead7c.jpg,4,#78828f,0.024686414930555556
data/latest/images/Gucci_Fall_2013_runway_5214acea72dead7c.jpg,5,#f0f4f7,0.023531901041666668
data/latest/images/leopard_print_runway_1990s_efaed939678a9084.jpg,1,#211715,0.23616961187767288
data/latest/images/leopard_print_runway_1990s_efaed939678a9084.jpg,2,#b69a8e,0.21332203663358348
data/latest/images/leopard_print_runway_1990s_efaed939678a9084.jpg,3,#59423b,0.19323004922133463
data/latest/images/leopard_print_runway_1990s_efaed939678a9084.jpg,4,#897068,0.18912289195513596
data/latest/images/leopard_print_runway_1990s_efaed939678a9084.jpg,5,#d2c5bd,0.16815541031227305
data/latest/images/Balmain_burgundy_runway_2025_849655ab588f08a8.jpg,1,#c8c6c8,0.40959910074869793
data/latest/images/Balmain_burgundy_runway_2025_849655ab588f08a8.jpg,2,#e8e4e9,0.39310628255208335
data/latest/images/Balmain_burgundy_runway_2025_849655ab588f08a8.jpg,3,#9c3a44,0.07065775553385417
data/latest/images/Balmain_burgundy_runway_2025_849655ab588f08a8.jpg,4,#b7795c,0.06456593831380208
data/latest/images/Balmain_burgundy_runway_2025_849655ab588f08a8.jpg,5,#5f151d,0.0620709228515625
data/latest/images/vogue_runway_emerald_dress_4b00cde88dde2431.jpg,1,#0c100b,0.5469434068797776
data/latest/images/vogue_runway_emerald_dress_4b00cde88dde2431.jpg,2,#244c26,0.18799323531966644
data/latest/images/vogue_runway_emerald_dress_4b00cde88dde2431.jpg,3,#55b045,0.10814829091382905
data/latest/images/vogue_runway_emerald_dress_4b00cde88dde2431.jpg,4,#bfb184,0.08900848028144545
data/latest/images/vogue_runway_emerald_dress_4b00cde88dde2431.jpg,5,#83644a,0.06790658660528144
data/latest/images/Chanel_haute_couture_2020_d1807dbb3c2072b4.jpg,1,#b2b5b8,0.26898435381483987
data/latest/images/Chanel_haute_couture_2020_d1807dbb3c2072b4.jpg,2,#4c5744,0.2451818309532444
data/latest/images/Chanel_haute_couture_2020_d1807dbb3c2072b4.jpg,3,#808482,0.18498207990695273
data/latest/images/Chanel_haute_couture_2020_d1807dbb3c2072b4.jpg,4,#d8e4ee,0.16302220654009886
data/latest/images/Chanel_haute_couture_2020_d1807dbb3c2072b4.jpg,5,#151c1c,0.13782952878486412
data/latest/images/vogue_runway_emerald_dress_e7ccfe27bf2033d1.jpg,1,#0f1114,0.300127677684778
data/latest/images/vogue_runway_emerald_dress_e7ccfe27bf2033d1.jpg,2,#6c8670,0.23483709273182957
data/latest/images/vogue_runway_emerald_dress_e7ccfe27bf2033d1.jpg,3,#52463e,0.22562538421525513
data/latest/images/vogue_runway_emerald_dress_e7ccfe27bf2033d1.jpg,4,#81b4ac,0.18724168912848158
data/latest/images/vogue_runway_emerald_dress_e7ccfe27bf2033d1.jpg,5,#e7b194,0.05216815623965574
data/latest/images/vogue_runway_emerald_dress_04cf3799b683f372.jpg,1,#a49b88,0.2799043333333333
data/latest/images/vogue_runway_emerald_dress_04cf3799b683f372.jpg,2,#0a0905,0.2729763333333333
data/latest/images/vogue_runway_emerald_dress_04cf3799b683f372.jpg,3,#0e452e,0.18769416666666666
data/latest/images/vogue_runway_emerald_dress_04cf3799b683f372.jpg,4,#675a4b,0.13442766666666667
data/latest/images/vogue_runway_emerald_dress_04cf3799b683f372.jpg,5,#cfc8bc,0.1249975
data/latest/images/vogue_runway_emerald_dress_1047b58fd4311c97.jpg,1,#faf4f3,0.2936967512908778
data/latest/images/vogue_runway_emerald_dress_1047b58fd4311c97.jpg,2,#141412,0.27832132099827883
data/latest/images/vogue_runway_emerald_dress_1047b58fd4311c97.jpg,3,#dbc0bd,0.20828528399311533
data/latest/images/vogue_runway_emerald_dress_1047b58fd4311c97.jpg,4,#413d3a,0.1368981282271945
data/latest/images/vogue_runway_emerald_dress_1047b58fd4311c97.jpg,5,#9d7d72,0.08279851549053356
data/latest/images/Balmain_burgundy_runway_2025_47b8f1e880d5c8c3.jpg,1,#eae4eb,0.4164459864966242
data/latest/images/Balmain_burgundy_runway_2025_47b8f1e880d5c8c3.jpg,2,#d6d2d5,0.412463615903976
data/latest/images/Balmain_burgundy_runway_2025_47b8f1e880d5c8c3.jpg,3,#564037,0.09219354838709677
data/latest/images/Balmain_burgundy_runway_2025_47b8f1e880d5c8c3.jpg,4,#231d1e,0.05209489872468117
data/latest/images/Balmain_burgundy_runway_2025_47b8f1e880d5c8c3.jpg,5,#826b5b,0.026801950487621906
data/latest/images/vogue_runway_emerald_dress_2bea8175f7899c76.webp,1,#b7b9bb,0.409404977665495
data/latest/images/vogue_runway_emerald_dress_2bea8175f7899c76.webp,2,#dadbdc,0.26507807923257176
data/latest/images/vogue_runway_emerald_dress_2bea8175f7899c76.webp,3,#072315,0.14532005162565906
data/latest/images/vogue_runway_emerald_dress_2bea8175f7899c76.webp,4,#82948d,0.10028627526362038
data/latest/images/vogue_runway_emerald_dress_2bea8175f7899c76.webp,5,#068657,0.07991061621265377
data/latest/images/leopard_print_runway_1990s_678d24bf4be77a1c.jpg,1,#140e11,0.47947265625
data/latest/images/leopard_print_runway_1990s_678d24bf4be77a1c.jpg,2,#482516,0.16684895833333332
data/latest/images/leopard_print_runway_1990s_678d24bf4be77a1c.jpg,3,#794c32,0.14991536458333332
data/latest/images/leopard_print_runway_1990s_678d24bf4be77a1c.jpg,4,#a08060,0.13342447916666667
data/latest/images/leopard_print_runway_1990s_678d24bf4be77a1c.jpg,5,#d1baa1,0.07033854166666667
data/latest/images/leopard_print_runway_1990s_ceb93fc912ebe2f8.jpg,1,#fcfcfc,0.405465189289012
data/latest/images/leopard_print_runway_1990s_ceb93fc912ebe2f8.jpg,2,#211711,0.19434127423822714
data/latest/images/leopard_print_runway_1990s_ceb93fc912ebe2f8.jpg,3,#c5bfba,0.14498614958448752
data/latest/images/leopard_print_runway_1990s_ceb93fc912ebe2f8.jpg,4,#6e503a,0.1309056325023084
data/latest/images/leopard_print_runway_1990s_ceb93fc912ebe2f8.jpg,5,#b98e63,0.12430175438596491
data/latest/images/leopard_print_runway_1990s_0d11c3923356a5d9.jpg,1,#110b08,0.3283981643356643
data/latest/images/leopard_print_runway_1990s_0d11c3923356a5d9.jpg,2,#482511,0.25726617132867136
data/latest/images/leopard_print_runway_1990s_0d11c3923356a5d9.jpg,3,#754e31,0.23423513986013986
data/latest/images/leopard_print_runway_1990s_0d11c3923356a5d9.jpg,4,#9f7c5c,0.14782561188811189
data/latest/images/leopard_print_runway_1990s_0d11c3923356a5d9.jpg,5,#beb2a5,0.03227491258741259
data/latest/images/leopard_print_runway_1990s_88d8042c3825a0d9.jpg,1,#6a4b3f,0.35075735855304335
data/latest/images/leopard_print_runway_1990s_88d8042c3825a0d9.jpg,2,#a1624b,0.20028913288401975
data/latest/images/leopard_print_runway_1990s_88d8042c3825a0d9.jpg,3,#3b2f25,0.18821904642682635
data/latest/images/leopard_print_runway_1990s_88d8042c3825a0d9.jpg,4,#8e946e,0.17429947867241163
data/latest/images/leopard_print_runway_1990s_88d8042c3825a0d9.jpg,5,#bfc4a9,0.08643498346369888
data/latest/images/Balmain_burgundy_runway_2025_c322ba6371b0d947.jpg,1,#ab8875,0.501513671875
data/latest/images/Balmain_burgundy_runway_2025_c322ba6371b0d947.jpg,2,#886555,0.24689344618055556
data/latest/images/Balmain_burgundy_runway_2025_c322ba6371b0d947.jpg,3,#613b31,0.11443467881944444
data/latest/images/Balmain_burgundy_runway_2025_c322ba6371b0d947.jpg,4,#261c1a,0.09798502604166667
data/latest/images/Balmain_burgundy_runway_2025_c322ba6371b0d947.jpg,5,#c0b4b2,0.03917317708333334
data/latest/images/vogue_runway_emerald_dress_dd9fd88bcf1a639c.jpg,1,#877e5a,0.2734597439236111
data/latest/images/vogue_runway_emerald_dress_dd9fd88bcf1a639c.jpg,2,#b6aa92,0.23403049045138888
data/latest/images/vogue_runway_emerald_dress_dd9fd88bcf1a639c.jpg,3,#5a6131,0.2283737521701389
data/latest/images/vogue_runway_emerald_dress_dd9fd88bcf1a639c.jpg,4,#e7eada,0.17095106336805554
data/latest/images/vogue_runway_emerald_dress_dd9fd88bcf1a639c.jpg,5,#292c1b,0.09318495008680555
data/latest/images/leopard_print_runway_1990s_0d1c7a894c03ec5e.webp,1,#5f2a20,0.2516079251877268
data/latest/images/leopard_print_runway_1990s_0d1c7a894c03ec5e.webp,2,#180707,0.2034436858602774
data/latest/images/leopard_print_runway_1990s_0d1c7a894c03ec5e.webp,3,#d56e43,0.1903337119748301
data/latest/images/leopard_print_runway_1990s_0d1c7a894c03ec5e.webp,4,#865f61,0.1795678022008049
data/latest/images/leopard_print_runway_1990s_0d1c7a894c03ec5e.webp,5,#2d6178,0.1750468747763608
data/latest/images/Gucci_Fall_2013_runway_7cea6f93a88a8a74.jpg,1,#040508,0.8051148148148148
data/latest/images/Gucci_Fall_2013_runway_7cea6f93a88a8a74.jpg,2,#202728,0.09226111111111111
data/latest/images/Gucci_Fall_2013_runway_7cea6f93a88a8a74.jpg,3,#465153,0.057435185185185186
data/latest/images/Gucci_Fall_2013_runway_7cea6f93a88a8a74.jpg,4,#827e84,0.03167407407407408
data/latest/images/Gucci_Fall_2013_runway_7cea6f93a88a8a74.jpg,5,#cbc7cb,0.013514814814814815
data/latest/images/Gucci_Fall_2013_runway_b2438536292074bf.jpg,1,#040403,0.3935097668557026
data/latest/images/Gucci_Fall_2013_runway_b2438536292074bf.jpg,2,#48463e,0.2656631517800882
data/latest/images/Gucci_Fall_2013_runway_b2438536292074bf.jpg,3,#2a2720,0.18773260278827977
data/latest/images/Gucci_Fall_2013_runway_b2438536292074bf.jpg,4,#706a64,0.13902016383112792
data/latest/images/Gucci_Fall_2013_runway_b2438536292074bf.jpg,5,#cdaa9c,0.014074314744801513
data/latest/images/leopard_print_runway_1990s_8cf05321bda39ee2.jpg,1,#0b0808,0.28095688826866766
data/latest/images/leopard_print_runway_1990s_8cf05321bda39ee2.jpg,2,#383434,0.21894445461200585
data/latest/images/leopard_print_runway_1990s_8cf05321bda39ee2.jpg,3,#eeeae7,0.21367273288799415
data/latest/images/leopard_print_runway_1990s_8cf05321bda39ee2.jpg,4,#706762,0.17221100613103954
data/latest/images/leopard_print_runway_1990s_8cf05321bda39ee2.jpg,5,#c6a592,0.11421491810029283
data/latest/images/Chanel_haute_couture_2020_9dc0f2413f308c52.jpg,1,#d4cfcb,0.2784710258383996
data/latest/images/Chanel_haute_couture_2020_9dc0f2413f308c52.jpg,2,#976553,0.2728619130155505
data/latest/images/Chanel_haute_couture_2020_9dc0f2413f308c52.jpg,3,#5d453e,0.17398024461212727
data/latest/images/Chanel_haute_couture_2020_9dc0f2413f308c52.jpg,4,#b79a8d,0.15052792163475048
data/latest/images/Chanel_haute_couture_2020_9dc0f2413f308c52.jpg,5,#1f181b,0.12415889489917212
data/latest/images/leopard_print_runway_1990s_24bf0a2acc90c2aa.webp,1,#161311,0.3700428009033203
data/latest/images/leopard_print_runway_1990s_24bf0a2acc90c2aa.webp,2,#48392e,0.19918155670166016
data/latest/images/leopard_print_runway_1990s_24bf0a2acc90c2aa.webp,3,#8c653e,0.19034862518310547
data/latest/images/leopard_print_runway_1990s_24bf0a2acc90c2aa.webp,4,#b29370,0.1720294952392578
data/latest/images/leopard_print_runway_1990s_24bf0a2acc90c2aa.webp,5,#e5ddd5,0.06839752197265625
data/latest/images/Balmain_burgundy_runway_2025_e6f04dc65eac63e9.jpg,1,#131518,0.32695661991315267
data/latest/images/Balmain_burgundy_runway_2025_e6f04dc65eac63e9.jpg,2,#f4e1db,0.2634069792285206
data/latest/images/Balmain_burgundy_runway_2025_e6f04dc65eac63e9.jpg,3,#5c5b5e,0.24528516928230534
data/latest/images/Balmain_burgundy_runway_2025_e6f04dc65eac63e9.jpg,4,#36272a,0.11898092273701345
data/latest/images/Balmain_burgundy_runway_2025_e6f04dc65eac63e9.jpg,5,#baaea7,0.04537030883900799
data/latest/images/Chanel_haute_couture_2020_45123eaa80c19242.jpg,1,#f1f1f3,0.4971609336843712
data/latest/images/Chanel_haute_couture_2020_45123eaa80c19242.jpg,2,#0c101a,0.32962740384615385
data/latest/images/Chanel_haute_couture_2020_45123eaa80c19242.jpg,3,#232636,0.11243942689255189
data/latest/images/Chanel_haute_couture_2020_45123eaa80c19242.jpg,4,#969095,0.03471506791819292
data/latest/images/Chanel_haute_couture_2020_45123eaa80c19242.jpg,5,#605457,0.02605716765873016
data/latest/images/Gucci_Fall_2013_runway_8c7221ea67ea6f01.jpg,1,#141313,0.547020263671875
data/latest/images/Gucci_Fall_2013_runway_8c7221ea67ea6f01.jpg,2,#323331,0.290946044921875
data/latest/images/Gucci_Fall_2013_runway_8c7221ea67ea6f01.jpg,3,#614f46,0.11725504557291666
data/latest/images/Gucci_Fall_2013_runway_8c7221ea67ea6f01.jpg,4,#9c8175,0.03307902018229167
data/latest/images/Gucci_Fall_2013_runway_8c7221ea67ea6f01.jpg,5,#e5ddd4,0.011699625651041667
data/latest/images/Gucci_Fall_2013_runway_88d9e22cf0df2347.jpg,1,#09090a,0.3065462573206442
data/latest/images/Gucci_Fall_2013_runway_88d9e22cf0df2347.jpg,2,#555a65,0.29519353953147875
data/latest/images/Gucci_Fall_2013_runway_88d9e22cf0df2347.jpg,3,#6b8099,0.17779728678623719
data/latest/images/Gucci_Fall_2013_runway_88d9e22cf0df2347.jpg,4,#2e3138,0.12303543649341142
data/latest/images/Gucci_Fall_2013_runway_88d9e22cf0df2347.jpg,5,#74a4cd,0.0974274798682284
data/latest/images/vogue_runway_emerald_dress_55d113b9ecf2890a.jpg,1,#d1d0d0,0.4023493448893229
data/latest/images/vogue_runway_emerald_dress_55d113b9ecf2890a.jpg,2,#aea6a3,0.24572316487630208
data/latest/images/vogue_runway_emerald_dress_55d113b9ecf2890a.jpg,3,#0b524e,0.13204152425130208
data/latest/images/vogue_runway_emerald_dress_55d113b9ecf2890a.jpg,4,#706665,0.12127960205078125
data/latest/images/vogue_runway_emerald_dress_55d113b9ecf2890a.jpg,5,#181313,0.09860636393229166
data/latest/images/Chanel_haute_couture_2020_2bd152aad9e67d01.jpg,1,#c4b2a1,0.3112666960685484
data/latest/images/Chanel_haute_couture_2020_2bd152aad9e67d01.jpg,2,#dac6b8,0.26921780493951614
data/latest/images/Chanel_haute_couture_2020_2bd152aad9e67d01.jpg,3,#aa9483,0.1846285912298387
data/latest/images/Chanel_haute_couture_2020_2bd152aad9e67d01.jpg,4,#f0dfd5,0.15702022429435483
data/latest/images/Chanel_haute_couture_2020_2bd152aad9e67d01.jpg,5,#897362,0.07786668346774193
data/latest/images/Gucci_Fall_2013_runway_d16a8cf46a35c47e.jpg,1,#c0c2c6,0.5206397127790996
data/latest/images/Gucci_Fall_2013_runway_d16a8cf46a35c47e.jpg,2,#e2164a,0.20357968063689605
data/latest/images/Gucci_Fall_2013_runway_d16a8cf46a35c47e.jpg,3,#9d9ca1,0.16214726505307467
data/latest/images/Gucci_Fall_2013_runway_d16a8cf46a35c47e.jpg,4,#e2e6ed,0.08662631256863104
data/latest/images/Gucci_Fall_2013_runway_d16a8cf46a35c47e.jpg,5,#892030,0.02700702896229868
data/latest/images/Balmain_burgundy_runway_2025_550e009bbed1772c.jpg,1,#f3ded7,0.31312224582644677
data/latest/images/Balmain_burgundy_runway_2025_550e009bbed1772c.jpg,2,#1c1618,0.26364617743755303
data/latest/images/Balmain_burgundy_runway_2025_550e009bbed1772c.jpg,3,#5a585c,0.22208097797232804
data/latest/images/Balmain_burgundy_runway_2025_550e009bbed1772c.jpg,4,#4f2423,0.15541122084336395
data/latest/images/Balmain_burgundy_runway_2025_550e009bbed1772c.jpg,5,#c78c59,0.04573937792030823
data/latest/images/Gucci_Fall_2013_runway_83bcf87cc878e463.jpg,1,#15181e,0.49958070724286235
data/latest/images/Gucci_Fall_2013_runway_83bcf87cc878e463.jpg,2,#090b11,0.41354097559022696
data/latest/images/Gucci_Fall_2013_runway_83bcf87cc878e463.jpg,3,#3d3b46,0.051355677502745244
data/latest/images/Gucci_Fall_2013_runway_83bcf87cc878e463.jpg,4,#7e7887,0.023060029282576867
data/latest/images/Gucci_Fall_2013_runway_83bcf87cc878e463.jpg,5,#e2d7db,0.01246261038158858
