image_path,rank,color_hex,share,color_family
data/latest/images/Tokyo_Fashion_Week_runway_2026_a68dfe30e036e586.jpg,1,#0f1317,0.30320833333333336,neutrals
data/latest/images/Tokyo_Fashion_Week_runway_2026_a68dfe30e036e586.jpg,2,#6f6f6d,0.18925,neutrals
data/latest/images/Tokyo_Fashion_Week_runway_2026_a68dfe30e036e586.jpg,3,#454142,0.17893333333333333,neutrals
data/latest/images/Tokyo_Fashion_Week_runway_2026_a68dfe30e036e586.jpg,4,#d1d4d9,0.17144166666666666,neutrals
data/latest/images/Tokyo_Fashion_Week_runway_2026_a68dfe30e036e586.jpg,5,#b1a6a1,0.15716666666666668,earth
data/latest/images/London_Fashion_Week_street_style_2025_831bc3c8a2a10fec.jpg,1,#aa9183,0.37751666666666667,earth
data/latest/images/London_Fashion_Week_street_style_2025_831bc3c8a2a10fec.jpg,2,#726359,0.2104,earth
data/latest/images/London_Fashion_Week_street_style_2025_831bc3c8a2a10fec.jpg,3,#0f1615,0.17089166666666666,neutrals
data/latest/images/London_Fashion_Week_street_style_2025_831bc3c8a2a10fec.jpg,4,#473f37,0.1234,earth
data/latest/images/London_Fashion_Week_street_style_2025_831bc3c8a2a10fec.jpg,5,#ccced5,0.11779166666666667,neutrals
data/latest/images/runway_fashion_2025_1c837228728f4bef.jpg,1,#ad9588,0.3245166666666667,earth
data/latest/images/runway_fashion_2025_1c837228728f4bef.jpg,2,#94796a,0.22240833333333335,earth
data/latest/images/runway_fashion_2025_1c837228728f4bef.jpg,3,#281c0c,0.17756666666666668,neutrals
data/latest/images/runway_fashion_2025_1c837228728f4bef.jpg,4,#574024,0.16740833333333333,earth
data/latest/images/runway_fashion_2025_1c837228728f4bef.jpg,5,#d0c8c8,0.1081,neutrals
data/latest/images/Copenhagen_Fashion_Week_street_style_2026_6af5629e131384ee.jpg,1,#3f392f,0.257275,earth
data/latest/images/Copenhagen_Fashion_Week_street_style_2026_6af5629e131384ee.jpg,2,#11100e,0.248125,neutrals
data/latest/images/Copenhagen_Fashion_Week_street_style_2026_6af5629e131384ee.jpg,3,#988c7e,0.22900833333333334,earth
data/latest/images/Copenhagen_Fashion_Week_street_style_2026_6af5629e131384ee.jpg,4,#685e4d,0.21338333333333334,earth
data/latest/images/Copenhagen_Fashion_Week_street_style_2026_6af5629e131384ee.jpg,5,#c3c4ba,0.052208333333333336,neutrals
data/latest/images/London_Fashion_Week_runway_2025_dda0132ea111c402.jpg,1,#dad4d9,0.3879166666666667,neutrals
data/latest/images/London_Fashion_Week_runway_2025_dda0132ea111c402.jpg,2,#4e474f,0.2907416666666667,primary/jewel
data/latest/images/London_Fashion_Week_runway_2025_dda0132ea111c402.jpg,3,#696168,0.201325,neutrals
data/latest/images/London_Fashion_Week_runway_2025_dda0132ea111c402.jpg,4,#e5bb85,0.07834166666666667,earth
data/latest/images/London_Fashion_Week_runway_2025_dda0132ea111c402.jpg,5,#2b1616,0.041675,neutrals
data/latest/images/Balmain_burgundy_runway_2025_f060c1b1a8286a04.jpg,1,#fefefe,0.466275,pastels
data/latest/images/Balmain_burgundy_runway_2025_f060c1b1a8286a04.jpg,2,#1b0d0f,0.2318,neutrals
data/latest/images/Balmain_burgundy_runway_2025_f060c1b1a8286a04.jpg,3,#3c2721,0.16691666666666666,primary/jewel
data/latest/images/Balmain_burgundy_runway_2025_f060c1b1a8286a04.jpg,4,#6e4846,0.08814166666666666,primary/jewel
data/latest/images/Balmain_burgundy_runway_2025_f060c1b1a8286a04.jpg,5,#b77a83,0.04686666666666667,primary/jewel
data/latest/images/lookbook_fashion_2026_27b08b9917680492.webp,1,#fcfefe,0.3962583333333333,pastels
data/latest/images/lookbook_fashion_2026_27b08b9917680492.webp,2,#cfc3bc,0.221325,earth
data/latest/images/lookbook_fashion_2026_27b08b9917680492.webp,3,#1a1717,0.16066666666666668,neutrals
data/latest/images/lookbook_fashion_2026_27b08b9917680492.webp,4,#a8866c,0.11894166666666667,earth
data/latest/images/lookbook_fashion_2026_27b08b9917680492.webp,5,#634635,0.10280833333333333,earth
data/latest/images/Tokyo_Fashion_Week_backstage_2025_7740e63eb3f08619.jpg,1,#0d0f0f,0.3656916666666667,neutrals
data/latest/images/Tokyo_Fashion_Week_backstage_2025_7740e63eb3f08619.jpg,2,#3a4144,0.21901666666666667,blue/purple
data/latest/images/Tokyo_Fashion_Week_backstage_2025_7740e63eb3f08619.jpg,3,#eae5d6,0.17191666666666666,pastels
data/latest/images/Tokyo_Fashion_Week_backstage_2025_7740e63eb3f08619.jpg,4,#cead8b,0.146,earth
data/latest/images/Tokyo_Fashion_Week_backstage_2025_7740e63eb3f08619.jpg,5,#8b7459,0.097375,earth
data/latest/images/Seoul_Fashion_Week_runway_2026_b8515803100a27b0.jpg,1,#d1d2d4,0.2800666666666667,neutrals
data/latest/images/Seoul_Fashion_Week_runway_2026_b8515803100a27b0.jpg,2,#192020,0.23118333333333332,neutrals
data/latest/images/Seoul_Fashion_Week_runway_2026_b8515803100a27b0.jpg,3,#3c413e,0.21629166666666666,neutrals
data/latest/images/Seoul_Fashion_Week_runway_2026_b8515803100a27b0.jpg,4,#64686b,0.15965,neutrals
data/latest/images/Seoul_Fashion_Week_runway_2026_b8515803100a27b0.jpg,5,#9199a0,0.11280833333333333,blue/purple
data/latest/images/London_Fashion_Week_street_style_2025_ee86c2021216e979.jpg,1,#9e9892,0.2961416666666667,neutrals
data/latest/images/London_Fashion_Week_street_style_2025_ee86c2021216e979.jpg,2,#d4cbc5,0.257175,neutrals
data/latest/images/London_Fashion_Week_street_style_2025_ee86c2021216e979.jpg,3,#7e786b,0.17459166666666667,earth
data/latest/images/London_Fashion_Week_street_style_2025_ee86c2021216e979.jpg,4,#131b1b,0.14183333333333334,neutrals
data/latest/images/London_Fashion_Week_street_style_2025_ee86c2021216e979.jpg,5,#534f43,0.13025833333333334,earth
data/latest/images/runway_backstage_fashion_2025_418f7890fcac3140.jpg,1,#ded8d1,0.3212083333333333,neutrals
data/latest/images/runway_backstage_fashion_2025_418f7890fcac3140.jpg,2,#0a0a0a,0.23881666666666668,neutrals
data/latest/images/runway_backstage_fashion_2025_418f7890fcac3140.jpg,3,#ab803b,0.157075,earth
data/latest/images/runway_backstage_fashion_2025_418f7890fcac3140.jpg,4,#5c4f3d,0.14909166666666668,earth
data/latest/images/runway_backstage_fashion_2025_418f7890fcac3140.jpg,5,#b5a99a,0.13380833333333333,earth
data/latest/images/Tokyo_Fashion_Week_backstage_2025_247884d9311644f5.jpg,1,#030303,0.40691666666666665,neutrals
data/latest/images/Tokyo_Fashion_Week_backstage_2025_247884d9311644f5.jpg,2,#e7dad7,0.27271666666666666,pastels
data/latest/images/Tokyo_Fashion_Week_backstage_2025_247884d9311644f5.jpg,3,#c19e8b,0.14253333333333335,earth
data/latest/images/Tokyo_Fashion_Week_backstage_2025_247884d9311644f5.jpg,4,#88614c,0.09000833333333333,earth
data/latest/images/Tokyo_Fashion_Week_backstage_2025_247884d9311644f5.jpg,5,#2e241f,0.087825,earth
data/latest/images/Gucci_Fall_2013_runway_0b91c3d356e0b167.jpg,1,#060606,0.6349666666666667,neutrals
data/latest/images/Gucci_Fall_2013_runway_0b91c3d356e0b167.jpg,2,#302b25,0.1587,earth
data/latest/images/Gucci_Fall_2013_runway_0b91c3d356e0b167.jpg,3,#5f574b,0.09699166666666667,earth
data/latest/images/Gucci_Fall_2013_runway_0b91c3d356e0b167.jpg,4,#948c79,0.06459166666666667,earth
data/latest/images/Gucci_Fall_2013_runway_0b91c3d356e0b167.jpg,5,#ddd6c8,0.04475,earth
data/latest/images/Los_Angeles_Fashion_Week_backstage_2026_f221ed7b4f04a859.jpg,1,#d1dae4,0.42554166666666665,blue/purple
data/latest/images/Los_Angeles_Fashion_Week_backstage_2026_f221ed7b4f04a859.jpg,2,#bfcad3,0.3279,blue/purple
data/latest/images/Los_Angeles_Fashion_Week_backstage_2026_f221ed7b4f04a859.jpg,3,#a9b5be,0.2089,blue/purple
data/latest/images/Los_Angeles_Fashion_Week_backstage_2026_f221ed7b4f04a859.jpg,4,#948179,0.025425,earth
data/latest/images/Los_Angeles_Fashion_Week_backstage_2026_f221ed7b4f04a859.jpg,5,#322a26,0.012233333333333334,earth
data/latest/images/vogue_runway_emerald_dress_81cd9705c6753f74.jpg,1,#dbdfe6,0.6105416666666666,pastels
data/latest/images/vogue_runway_emerald_dress_81cd9705c6753f74.jpg,2,#cbcbcb,0.27475,neutrals
data/latest/images/vogue_runway_emerald_dress_81cd9705c6753f74.jpg,3,#104f42,0.07034166666666666,blue/purple
data/latest/images/vogue_runway_emerald_dress_81cd9705c6753f74.jpg,4,#102218,0.02969166666666667,neutrals
data/latest/images/vogue_runway_emerald_dress_81cd9705c6753f74.jpg,5,#a98c7d,0.014675,earth
data/latest/images/Los_Angeles_Fashion_Week_backstage_2026_c975a12ffdd0c34e.jpg,1,#060606,0.6474333333333333,neutrals
data/latest/images/Los_Angeles_Fashion_Week_backstage_2026_c975a12ffdd0c34e.jpg,2,#272625,0.1334,neutrals
data/latest/images/Los_Angeles_Fashion_Week_backstage_2026_c975a12ffdd0c34e.jpg,3,#4a4a48,0.09901666666666667,neutrals
data/latest/images/Los_Angeles_Fashion_Week_backstage_2026_c975a12ffdd0c34e.jpg,4,#f2c3aa,0.08131666666666666,earth
data/latest/images/Los_Angeles_Fashion_Week_backstage_2026_c975a12ffdd0c34e.jpg,5,#907c73,0.03883333333333333,earth
data/latest/images/Tokyo_Fashion_Week_backstage_2025_a62849f638de446f.jpg,1,#1f1715,0.31501666666666667,neutrals
data/latest/images/Tokyo_Fashion_Week_backstage_2025_a62849f638de446f.jpg,2,#96968d,0.23599166666666666,neutrals
data/latest/images/Tokyo_Fashion_Week_backstage_2025_a62849f638de446f.jpg,3,#746e63,0.17015,earth
data/latest/images/Tokyo_Fashion_Week_backstage_2025_a62849f638de446f.jpg,4,#4c382e,0.15896666666666667,earth
data/latest/images/Tokyo_Fashion_Week_backstage_2025_a62849f638de446f.jpg,5,#d7c1b7,0.119875,earth
data/latest/images/Milan_Fashion_Week_runway_2026_04ce65524ae006b6.jpg,1,#191113,0.3951,neutrals
data/latest/images/Milan_Fashion_Week_runway_2026_04ce65524ae006b6.jpg,2,#e0dee0,0.20716666666666667,neutrals
data/latest/images/Milan_Fashion_Week_runway_2026_04ce65524ae006b6.jpg,3,#403634,0.20475833333333332,primary/jewel
data/latest/images/Milan_Fashion_Week_runway_2026_04ce65524ae006b6.jpg,4,#9a9594,0.14885,neutrals
data/latest/images/Milan_Fashion_Week_runway_2026_04ce65524ae006b6.jpg,5,#f74630,0.044125,neon
data/latest/images/New_York_Fashion_Week_runway_2025_f0512e0eca5a4e64.jpg,1,#dbccb8,0.4323166666666667,earth
data/latest/images/New_York_Fashion_Week_runway_2025_f0512e0eca5a4e64.jpg,2,#eee5df,0.17970833333333333,pastels
data/latest/images/New_York_Fashion_Week_runway_2025_f0512e0eca5a4e64.jpg,3,#c2ac8b,0.17035833333333333,earth
data/latest/images/New_York_Fashion_Week_runway_2025_f0512e0eca5a4e64.jpg,4,#272322,0.13859166666666667,neutrals
data/latest/images/New_York_Fashion_Week_runway_2025_f0512e0eca5a4e64.jpg,5,#734d35,0.079025,earth
data/latest/images/Chanel_haute_couture_2020_449917d0bf148f29.jpg,1,#f5f3f6,0.7872083333333333,pastels
data/latest/images/Chanel_haute_couture_2020_449917d0bf148f29.jpg,2,#c6b0b5,0.057341666666666666,primary/jewel
data/latest/images/Chanel_haute_couture_2020_449917d0bf148f29.jpg,3,#936f75,0.055308333333333334,primary/jewel
data/latest/images/Chanel_haute_couture_2020_449917d0bf148f29.jpg,4,#211f2b,0.05060833333333333,neutrals
data/latest/images/Chanel_haute_couture_2020_449917d0bf148f29.jpg,5,#514853,0.04953333333333333,primary/jewel
data/latest/images/Paris_Fashion_Week_runway_2026_e571fa931917e558.jpg,1,#dad5cc,0.381875,neutrals
data/latest/images/Paris_Fashion_Week_runway_2026_e571fa931917e558.jpg,2,#4a3e38,0.1834,earth
data/latest/images/Paris_Fashion_Week_runway_2026_e571fa931917e558.jpg,3,#a59e89,0.15684166666666666,earth
data/latest/images/Paris_Fashion_Week_runway_2026_e571fa931917e558.jpg,4,#726959,0.14720833333333333,earth
data/latest/images/Paris_Fashion_Week_runway_2026_e571fa931917e558.jpg,5,#231a17,0.130675,neutrals
data/latest/images/Chanel_haute_couture_2020_ef9a8511e49dccb1.jpg,1,#121719,0.34855,neutrals
data/latest/images/Chanel_haute_couture_2020_ef9a8511e49dccb1.jpg,2,#333c3c,0.2865083333333333,blue/purple
data/latest/images/Chanel_haute_couture_2020_ef9a8511e49dccb1.jpg,3,#5d6551,0.18565833333333334,green/blue
data/latest/images/Chanel_haute_couture_2020_ef9a8511e49dccb1.jpg,4,#9da2a1,0.09945,neutrals
data/latest/images/Chanel_haute_couture_2020_ef9a8511e49dccb1.jpg,5,#ccd5db,0.07983333333333334,neutrals
data/latest/images/New_York_Fashion_Week_runway_2025_8c5a160cb665af6e.jpg,1,#0d0e10,0.687275,neutrals
data/latest/images/New_York_Fashion_Week_runway_2025_8c5a160cb665af6e.jpg,2,#322e2d,0.18111666666666668,primary/jewel
data/latest/images/New_York_Fashion_Week_runway_2025_8c5a160cb665af6e.jpg,3,#a4969c,0.06416666666666666,primary/jewel
data/latest/images/New_York_Fashion_Week_runway_2025_8c5a160cb665af6e.jpg,4,#6a6266,0.04218333333333334,neutrals
data/latest/images/New_York_Fashion_Week_runway_2025_8c5a160cb665af6e.jpg,5,#dde2eb,0.025258333333333334,pastels
data/latest/images/Balmain_burgundy_runway_2025_6e4831fda867c8c5.jpg,1,#cdb5a0,0.5990416666666667,earth
data/latest/images/Balmain_burgundy_runway_2025_6e4831fda867c8c5.jpg,2,#b49b85,0.2709666666666667,earth
data/latest/images/Balmain_burgundy_runway_2025_6e4831fda867c8c5.jpg,3,#8a7869,0.056825,earth
data/latest/images/Balmain_burgundy_runway_2025_6e4831fda867c8c5.jpg,4,#644d50,0.037983333333333334,primary/jewel
data/latest/images/Balmain_burgundy_runway_2025_6e4831fda867c8c5.jpg,5,#362829,0.03518333333333333,primary/jewel
data/latest/images/runway_backstage_fashion_2025_d81f3767dcabc5f6.jpg,1,#080908,0.3103166666666667,neutrals
data/latest/images/runway_backstage_fashion_2025_d81f3767dcabc5f6.jpg,2,#d4c5b3,0.25424166666666664,earth
data/latest/images/runway_backstage_fashion_2025_d81f3767dcabc5f6.jpg,3,#b69e88,0.23448333333333332,earth
data/latest/images/runway_backstage_fashion_2025_d81f3767dcabc5f6.jpg,4,#8d715c,0.132475,earth
data/latest/images/runway_backstage_fashion_2025_d81f3767dcabc5f6.jpg,5,#39332c,0.06848333333333333,earth
data/latest/images/Los_Angeles_Fashion_Week_backstage_2026_711d441432b0c5f3.jpg,1,#1053c6,0.2940083333333333,neon
data/latest/images/Los_Angeles_Fashion_Week_backstage_2026_711d441432b0c5f3.jpg,2,#dcc192,0.24969166666666667,earth
data/latest/images/Los_Angeles_Fashion_Week_backstage_2026_711d441432b0c5f3.jpg,3,#818dc4,0.22860833333333333,blue/purple
data/latest/images/Los_Angeles_Fashion_Week_backstage_2026_711d441432b0c5f3.jpg,4,#adbbe4,0.18504166666666666,blue/purple
data/latest/images/Los_Angeles_Fashion_Week_backstage_2026_711d441432b0c5f3.jpg,5,#312222,0.04265,primary/jewel
data/latest/images/vogue_runway_emerald_dress_d6a231d6581c6191.jpg,1,#171510,0.24739166666666668,neutrals
data/latest/images/vogue_runway_emerald_dress_d6a231d6581c6191.jpg,2,#4c412b,0.24290833333333334,earth
data/latest/images/vogue_runway_emerald_dress_d6a231d6581c6191.jpg,3,#6d7051,0.21460833333333335,earth
data/latest/images/vogue_runway_emerald_dress_d6a231d6581c6191.jpg,4,#f4a166,0.1546,earth
data/latest/images/vogue_runway_emerald_dress_d6a231d6581c6191.jpg,5,#87b98f,0.14049166666666665,green/blue
data/latest/images/Seoul_Fashion_Week_street_style_2025_599a885cf1289ecd.webp,1,#ba793e,0.34780833333333333,earth
data/latest/images/Seoul_Fashion_Week_street_style_2025_599a885cf1289ecd.webp,2,#df9e63,0.23025833333333334,earth
data/latest/images/Seoul_Fashion_Week_street_style_2025_599a885cf1289ecd.webp,3,#231c19,0.22925,neutrals
data/latest/images/Seoul_Fashion_Week_street_style_2025_599a885cf1289ecd.webp,4,#8c5b31,0.14895,earth
data/latest/images/Seoul_Fashion_Week_street_style_2025_599a885cf1289ecd.webp,5,#efebdd,0.04373333333333333,pastels
data/latest/images/vogue_runway_emerald_dress_357316de8e2d3c32.jpg,1,#07100f,0.2844583333333333,neutrals
data/latest/images/vogue_runway_emerald_dress_357316de8e2d3c32.jpg,2,#212a26,0.2756,neutrals
data/latest/images/vogue_runway_emerald_dress_357316de8e2d3c32.jpg,3,#3f4a48,0.24845,blue/purple
data/latest/images/vogue_runway_emerald_dress_357316de8e2d3c32.jpg,4,#5f6b6a,0.14166666666666666,blue/purple
data/latest/images/vogue_runway_emerald_dress_357316de8e2d3c32.jpg,5,#d4c3aa,0.049825,earth
data/latest/images/Tokyo_Fashion_Week_runway_2026_585edc6196c23fa6.jpg,1,#fbffff,0.633275,pastels
data/latest/images/Tokyo_Fashion_Week_runway_2026_585edc6196c23fa6.jpg,2,#959da5,0.17936666666666667,blue/purple
data/latest/images/Tokyo_Fashion_Week_runway_2026_585edc6196c23fa6.jpg,3,#7d6a68,0.07965,primary/jewel
data/latest/images/Tokyo_Fashion_Week_runway_2026_585edc6196c23fa6.jpg,4,#473f41,0.07895,primary/jewel
data/latest/images/Tokyo_Fashion_Week_runway_2026_585edc6196c23fa6.jpg,5,#1d1a1e,0.028758333333333334,neutrals
data/latest/images/Milan_Fashion_Week_runway_2025_30648370abc77de1.jpg,1,#343432,0.3267083333333333,neutrals
data/latest/images/Milan_Fashion_Week_runway_2025_30648370abc77de1.jpg,2,#939391,0.21991666666666668,neutrals
data/latest/images/Milan_Fashion_Week_runway_2025_30648370abc77de1.jpg,3,#505153,0.20861666666666667,neutrals
data/latest/images/Milan_Fashion_Week_runway_2025_30648370abc77de1.jpg,4,#c8c8c8,0.13906666666666667,neutrals
data/latest/images/Milan_Fashion_Week_runway_2025_30648370abc77de1.jpg,5,#171718,0.10569166666666667,neutrals
data/latest/images/New_York_Fashion_Week_street_style_2025_6a3f9fd5f71160c6.jpg,1,#101113,0.36205,neutrals
data/latest/images/New_York_Fashion_Week_street_style_2025_6a3f9fd5f71160c6.jpg,2,#746260,0.19966666666666666,primary/jewel
data/latest/images/New_York_Fashion_Week_street_style_2025_6a3f9fd5f71160c6.jpg,3,#d5ccd0,0.17258333333333334,neutrals
data/latest/images/New_York_Fashion_Week_street_style_2025_6a3f9fd5f71160c6.jpg,4,#a49b9f,0.14368333333333333,neutrals
data/latest/images/New_York_Fashion_Week_street_style_2025_6a3f9fd5f71160c6.jpg,5,#423030,0.12201666666666666,primary/jewel
data/latest/images/Tokyo_Fashion_Week_runway_2026_680a4c5e6b71e126.jpg,1,#7a4e37,0.31125,earth
data/latest/images/Tokyo_Fashion_Week_runway_2026_680a4c5e6b71e126.jpg,2,#a68b81,0.263725,earth
data/latest/images/Tokyo_Fashion_Week_runway_2026_680a4c5e6b71e126.jpg,3,#241b16,0.21603333333333333,neutrals
data/latest/images/Tokyo_Fashion_Week_runway_2026_680a4c5e6b71e126.jpg,4,#e7dbda,0.18065833333333334,pastels
data/latest/images/Tokyo_Fashion_Week_runway_2026_680a4c5e6b71e126.jpg,5,#f4f235,0.028333333333333332,neon
data/latest/images/Stockholm_Fashion_Week_street_style_2026_c43d1a7eebfdfe05.jpg,1,#909a98,0.33891666666666664,neutrals
data/latest/images/Stockholm_Fashion_Week_street_style_2026_c43d1a7eebfdfe05.jpg,2,#dde2d4,0.3234166666666667,neutrals
data/latest/images/Stockholm_Fashion_Week_street_style_2026_c43d1a7eebfdfe05.jpg,3,#bcc3b6,0.20344166666666666,neutrals
data/latest/images/Stockholm_Fashion_Week_street_style_2026_c43d1a7eebfdfe05.jpg,4,#16130f,0.07251666666666666,neutrals
data/latest/images/Stockholm_Fashion_Week_street_style_2026_c43d1a7eebfdfe05.jpg,5,#5f6057,0.06170833333333333,earth
data/latest/images/Los_Angeles_Fashion_Week_backstage_2026_b41c486cb6ca5cb7.jpg,1,#030406,0.6150583333333334,neutrals
data/latest/images/Los_Angeles_Fashion_Week_backstage_2026_b41c486cb6ca5cb7.jpg,2,#a69f9b,0.110775,neutrals
data/latest/images/Los_Angeles_Fashion_Week_backstage_2026_b41c486cb6ca5cb7.jpg,3,#2d2928,0.10205,neutrals
data/latest/images/Los_Angeles_Fashion_Week_backstage_2026_b41c486cb6ca5cb7.jpg,4,#e5e0db,0.09745833333333333,neutrals
data/latest/images/Los_Angeles_Fashion_Week_backstage_2026_b41c486cb6ca5cb7.jpg,5,#5e5856,0.07465833333333333,earth
data/latest/images/lookbook_fashion_2025_cf21ae70be011794.jpg,1,#484240,0.2194,earth
data/latest/images/lookbook_fashion_2025_cf21ae70be011794.jpg,2,#1d1c21,0.21305,neutrals
data/latest/images/lookbook_fashion_2025_cf21ae70be011794.jpg,3,#d6d4ca,0.20544166666666666,neutrals
data/latest/images/lookbook_fashion_2025_cf21ae70be011794.jpg,4,#beab98,0.189825,earth
data/latest/images/lookbook_fashion_2025_cf21ae70be011794.jpg,5,#787369,0.17228333333333334,earth
data/latest/images/Los_Angeles_Fashion_Week_backstage_2026_68152fe1e4106abd.jpg,1,#e6e6e6,0.5668,pastels
data/latest/images/Los_Angeles_Fashion_Week_backstage_2026_68152fe1e4106abd.jpg,2,#919190,0.148,neutrals
data/latest/images/Los_Angeles_Fashion_Week_backstage_2026_68152fe1e4106abd.jpg,3,#171717,0.11539166666666667,neutrals
data/latest/images/Los_Angeles_Fashion_Week_backstage_2026_68152fe1e4106abd.jpg,4,#bfbfbf,0.112675,neutrals
data/latest/images/Los_Angeles_Fashion_Week_backstage_2026_68152fe1e4106abd.jpg,5,#484848,0.057133333333333335,neutrals
data/latest/images/Chanel_haute_couture_2020_6ef5c1b99ed068f1.webp,1,#767582,0.39765,blue/purple
data/latest/images/Chanel_haute_couture_2020_6ef5c1b99ed068f1.webp,2,#61606c,0.310275,blue/purple
data/latest/images/Chanel_haute_couture_2020_6ef5c1b99ed068f1.webp,3,#0f0e17,0.1681,neutrals
data/latest/images/Chanel_haute_couture_2020_6ef5c1b99ed068f1.webp,4,#3c3e49,0.08644166666666667,blue/purple
data/latest/images/Chanel_haute_couture_2020_6ef5c1b99ed068f1.webp,5,#c8c9d5,0.037533333333333335,neutrals
data/latest/images/Chanel_haute_couture_2020_2e3be62eca05ffd1.jpg,1,#b7b8bc,0.3828416666666667,neutrals
data/latest/images/Chanel_haute_couture_2020_2e3be62eca05ffd1.jpg,2,#d5e1f0,0.24609166666666665,pastels
data/latest/images/Chanel_haute_couture_2020_2e3be62eca05ffd1.jpg,3,#999592,0.20983333333333334,neutrals
data/latest/images/Chanel_haute_couture_2020_2e3be62eca05ffd1.jpg,4,#6f6e67,0.09978333333333333,neutrals
data/latest/images/Chanel_haute_couture_2020_2e3be62eca05ffd1.jpg,5,#37362e,0.06145,earth
data/latest/images/Chanel_haute_couture_2020_21361c5a33592a14.jpg,1,#151515,0.3615083333333333,neutrals
data/latest/images/Chanel_haute_couture_2020_21361c5a33592a14.jpg,2,#2c2c2c,0.24855,neutrals
data/latest/images/Chanel_haute_couture_2020_21361c5a33592a14.jpg,3,#dedede,0.173275,neutrals
data/latest/images/Chanel_haute_couture_2020_21361c5a33592a14.jpg,4,#4d4d4d,0.12125,neutrals
data/latest/images/Chanel_haute_couture_2020_21361c5a33592a14.jpg,5,#aeaeae,0.09541666666666666,neutrals
data/latest/images/Stockholm_Fashion_Week_street_style_2025_34bca636476ec0cb.jpg,1,#baacab,0.4087,primary/jewel
data/latest/images/Stockholm_Fashion_Week_street_style_2025_34bca636476ec0cb.jpg,2,#e7e2e3,0.24855833333333333,pastels
data/latest/images/Stockholm_Fashion_Week_street_style_2025_34bca636476ec0cb.jpg,3,#867777,0.13489166666666666,primary/jewel
data/latest/images/Stockholm_Fashion_Week_street_style_2025_34bca636476ec0cb.jpg,4,#141724,0.11821666666666666,neutrals
data/latest/images/Stockholm_Fashion_Week_street_style_2025_34bca636476ec0cb.jpg,5,#3f3e48,0.08963333333333333,blue/purple
data/latest/images/Copenhagen_Fashion_Week_street_style_2026_06871c12d0357169.webp,1,#bec4c9,0.514875,neutrals
data/latest/images/Copenhagen_Fashion_Week_street_style_2026_06871c12d0357169.webp,2,#14161b,0.16515833333333332,neutrals
data/latest/images/Copenhagen_Fashion_Week_street_style_2026_06871c12d0357169.webp,3,#423c3d,0.12121666666666667,primary/jewel
data/latest/images/Copenhagen_Fashion_Week_street_style_2026_06871c12d0357169.webp,4,#a99c90,0.1155,earth
data/latest/images/Copenhagen_Fashion_Week_street_style_2026_06871c12d0357169.webp,5,#7a6a5c,0.08325,earth
data/latest/images/Seoul_Fashion_Week_runway_2026_94a073e16cb61c55.jpg,1,#575962,0.5550333333333334,blue/purple
data/latest/images/Seoul_Fashion_Week_runway_2026_94a073e16cb61c55.jpg,2,#847c85,0.14974166666666666,neutrals
data/latest/images/Seoul_Fashion_Week_runway_2026_94a073e16cb61c55.jpg,3,#bfb9d6,0.115025,blue/purple
data/latest/images/Seoul_Fashion_Week_runway_2026_94a073e16cb61c55.jpg,4,#de5c7f,0.09913333333333334,primary/jewel
data/latest/images/Seoul_Fashion_Week_runway_2026_94a073e16cb61c55.jpg,5,#2e2c31,0.08106666666666666,jewel
data/latest/images/Seoul_Fashion_Week_street_style_2025_8d639977c784fcea.jpg,1,#a5a8a7,0.2881916666666667,neutrals
data/latest/images/Seoul_Fashion_Week_street_style_2025_8d639977c784fcea.jpg,2,#697881,0.22871666666666668,blue/purple
data/latest/images/Seoul_Fashion_Week_street_style_2025_8d639977c784fcea.jpg,3,#374450,0.20140833333333333,blue/purple
data/latest/images/Seoul_Fashion_Week_street_style_2025_8d639977c784fcea.jpg,4,#141417,0.14836666666666667,neutrals
data/latest/images/Seoul_Fashion_Week_street_style_2025_8d639977c784fcea.jpg,5,#e5e7e4,0.13331666666666667,pastels
data/latest/images/New_York_Fashion_Week_street_style_2025_e71ac4dd3771c4f1.jpg,1,#f0efed,0.35218333333333335,pastels
data/latest/images/New_York_Fashion_Week_street_style_2025_e71ac4dd3771c4f1.jpg,2,#0c0d0f,0.304925,neutrals
data/latest/images/New_York_Fashion_Week_street_style_2025_e71ac4dd3771c4f1.jpg,3,#d3c7b4,0.14551666666666666,earth
data/latest/images/New_York_Fashion_Week_street_style_2025_e71ac4dd3771c4f1.jpg,4,#5a483e,0.10235,earth
data/latest/images/New_York_Fashion_Week_street_style_2025_e71ac4dd3771c4f1.jpg,5,#998272,0.095025,earth
data/latest/images/Tokyo_Fashion_Week_backstage_2025_5b9f2f25adbdc293.jpg,1,#130e19,0.3056083333333333,neutrals
data/latest/images/Tokyo_Fashion_Week_backstage_2025_5b9f2f25adbdc293.jpg,2,#5c505f,0.194175,primary/jewel
data/latest/images/Tokyo_Fashion_Week_backstage_2025_5b9f2f25adbdc293.jpg,3,#95889e,0.17201666666666668,jewel
data/latest/images/Tokyo_Fashion_Week_backstage_2025_5b9f2f25adbdc293.jpg,4,#362936,0.16665,primary/jewel
data/latest/images/Tokyo_Fashion_Week_backstage_2025_5b9f2f25adbdc293.jpg,5,#bdbbcb,0.16155,neutrals
data/latest/images/London_Fashion_Week_street_style_2025_270e3cd468168eb8.jpg,1,#090b0f,0.33725,neutrals
data/latest/images/London_Fashion_Week_street_style_2025_270e3cd468168eb8.jpg,2,#cddbe8,0.212075,pastels
data/latest/images/London_Fashion_Week_street_style_2025_270e3cd468168eb8.jpg,3,#98a0aa,0.15698333333333334,blue/purple
data/latest/images/London_Fashion_Week_street_style_2025_270e3cd468168eb8.jpg,4,#645f5b,0.14709166666666668,earth
data/latest/images/London_Fashion_Week_street_style_2025_270e3cd468168eb8.jpg,5,#323334,0.1466,neutrals
data/latest/images/Balmain_burgundy_runway_2025_12a898d0face248d.jpg,1,#141a1b,0.30791666666666667,neutrals
data/latest/images/Balmain_burgundy_runway_2025_12a898d0face248d.jpg,2,#5b5a5c,0.2980083333333333,neutrals
data/latest/images/Balmain_burgundy_runway_2025_12a898d0face248d.jpg,3,#eee6e2,0.25895,pastels
data/latest/images/Balmain_burgundy_runway_2025_12a898d0face248d.jpg,4,#3d3733,0.07253333333333334,earth
data/latest/images/Balmain_burgundy_runway_2025_12a898d0face248d.jpg,5,#aa8977,0.06259166666666667,earth
data/latest/images/Tokyo_Fashion_Week_runway_2026_9a50b126a4f085e3.jpg,1,#d9d3d3,0.3077,neutrals
data/latest/images/Tokyo_Fashion_Week_runway_2026_9a50b126a4f085e3.jpg,2,#48464f,0.2625,blue/purple
data/latest/images/Tokyo_Fashion_Week_runway_2026_9a50b126a4f085e3.jpg,3,#5e5b64,0.236075,jewel
data/latest/images/Tokyo_Fashion_Week_runway_2026_9a50b126a4f085e3.jpg,4,#2a1a1a,0.136625,neutrals
data/latest/images/Tokyo_Fashion_Week_runway_2026_9a50b126a4f085e3.jpg,5,#8f492e,0.0571,earth
data/latest/images/leopard_print_runway_1990s_2a577bc2c8574b06.jpg,1,#0b0605,0.3196333333333333,neutrals
data/latest/images/leopard_print_runway_1990s_2a577bc2c8574b06.jpg,2,#37302a,0.19810833333333333,earth
data/latest/images/leopard_print_runway_1990s_2a577bc2c8574b06.jpg,3,#8a7a75,0.18446666666666667,primary/jewel
data/latest/images/leopard_print_runway_1990s_2a577bc2c8574b06.jpg,4,#b5a497,0.1494,earth
data/latest/images/leopard_print_runway_1990s_2a577bc2c8574b06.jpg,5,#67564b,0.14839166666666667,earth
data/latest/images/lookbook_fashion_2025_0a5d762024f2fee8.jpg,1,#4d4a44,0.308125,earth
data/latest/images/lookbook_fashion_2025_0a5d762024f2fee8.jpg,2,#292929,0.26514166666666666,neutrals
data/latest/images/lookbook_fashion_2025_0a5d762024f2fee8.jpg,3,#7d6e63,0.250475,earth
data/latest/images/lookbook_fashion_2025_0a5d762024f2fee8.jpg,4,#a39a93,0.13130833333333333,earth
data/latest/images/lookbook_fashion_2025_0a5d762024f2fee8.jpg,5,#e6efef,0.04495,pastels
data/latest/images/lookbook_fashion_2025_c0a1f18de0173470.jpg,1,#120e0b,0.3075333333333333,neutrals
data/latest/images/lookbook_fashion_2025_c0a1f18de0173470.jpg,2,#2e2d2a,0.2947916666666667,earth
data/latest/images/lookbook_fashion_2025_c0a1f18de0173470.jpg,3,#ccbeac,0.19894166666666666,earth
data/latest/images/lookbook_fashion_2025_c0a1f18de0173470.jpg,4,#5c564f,0.10915833333333333,earth
data/latest/images/lookbook_fashion_2025_c0a1f18de0173470.jpg,5,#90887f,0.089575,earth
data/latest/images/Tokyo_Fashion_Week_backstage_2025_244c3d644216fe02.jpg,1,#1e1314,0.40371666666666667,neutrals
data/latest/images/Tokyo_Fashion_Week_backstage_2025_244c3d644216fe02.jpg,2,#cc7148,0.18918333333333334,earth
data/latest/images/Tokyo_Fashion_Week_backstage_2025_244c3d644216fe02.jpg,3,#a34727,0.18666666666666668,earth
data/latest/images/Tokyo_Fashion_Week_backstage_2025_244c3d644216fe02.jpg,4,#672b1d,0.126975,primary/jewel
data/latest/images/Tokyo_Fashion_Week_backstage_2025_244c3d644216fe02.jpg,5,#eba583,0.09345833333333334,earth
data/latest/images/Balmain_burgundy_runway_2025_9cdabcf428dcd8b2.jpg,1,#dad4e4,0.40331666666666666,neutrals
data/latest/images/Balmain_burgundy_runway_2025_9cdabcf428dcd8b2.jpg,2,#ebe8f3,0.38805833333333334,pastels
data/latest/images/Balmain_burgundy_runway_2025_9cdabcf428dcd8b2.jpg,3,#b53a2a,0.16169166666666668,neon
data/latest/images/Balmain_burgundy_runway_2025_9cdabcf428dcd8b2.jpg,4,#412e2c,0.037033333333333335,primary/jewel
data/latest/images/Balmain_burgundy_runway_2025_9cdabcf428dcd8b2.jpg,5,#b0817a,0.0099,primary/jewel
data/latest/images/Sydney_Fashion_Week_backstage_2025_ef0a291e8df6a48d.jpg,1,#141516,0.30695,neutrals
data/latest/images/Sydney_Fashion_Week_backstage_2025_ef0a291e8df6a48d.jpg,2,#8d8585,0.25155,neutrals
data/latest/images/Sydney_Fashion_Week_backstage_2025_ef0a291e8df6a48d.jpg,3,#67615f,0.18175,neutrals
data/latest/images/Sydney_Fashion_Week_backstage_2025_ef0a291e8df6a48d.jpg,4,#3e3834,0.13968333333333333,earth
data/latest/images/Sydney_Fashion_Week_backstage_2025_ef0a291e8df6a48d.jpg,5,#d1c0b4,0.12006666666666667,earth
data/latest/images/London_Fashion_Week_street_style_2025_7b92066db84877c0.png,1,#eaeaea,0.7025166666666667,pastels
data/latest/images/London_Fashion_Week_street_style_2025_7b92066db84877c0.png,2,#4e6a73,0.09436666666666667,blue/purple
data/latest/images/London_Fashion_Week_street_style_2025_7b92066db84877c0.png,3,#bba599,0.08285833333333334,earth
data/latest/images/London_Fashion_Week_street_style_2025_7b92066db84877c0.png,4,#311d19,0.06125,primary/jewel
data/latest/images/London_Fashion_Week_street_style_2025_7b92066db84877c0.png,5,#8e5b40,0.059008333333333336,earth
data/latest/images/Sydney_Fashion_Week_backstage_2025_2d0c023476b889b6.jpg,1,#efeff3,0.511175,pastels
data/latest/images/Sydney_Fashion_Week_backstage_2025_2d0c023476b889b6.jpg,2,#151719,0.18788333333333335,neutrals
data/latest/images/Sydney_Fashion_Week_backstage_2025_2d0c023476b889b6.jpg,3,#dbd4d8,0.1765,neutrals
data/latest/images/Sydney_Fashion_Week_backstage_2025_2d0c023476b889b6.jpg,4,#3a3a42,0.0918,blue/purple
data/latest/images/Sydney_Fashion_Week_backstage_2025_2d0c023476b889b6.jpg,5,#7d717a,0.032641666666666666,primary/jewel
data/latest/images/Milan_Fashion_Week_runway_2026_1a75a287657fec09.jpg,1,#5f5c61,0.34213333333333334,neutrals
data/latest/images/Milan_Fashion_Week_runway_2026_1a75a287657fec09.jpg,2,#acacb2,0.31845833333333334,neutrals
data/latest/images/Milan_Fashion_Week_runway_2026_1a75a287657fec09.jpg,3,#7e7d84,0.14814166666666667,neutrals
data/latest/images/Milan_Fashion_Week_runway_2026_1a75a287657fec09.jpg,4,#453c3d,0.10276666666666667,primary/jewel
data/latest/images/Milan_Fashion_Week_runway_2026_1a75a287657fec09.jpg,5,#090b0f,0.0885,neutrals
data/latest/images/runway_backstage_fashion_2025_e6575a132f12369f.jpg,1,#1a1b1c,0.513275,neutrals
data/latest/images/runway_backstage_fashion_2025_e6575a132f12369f.jpg,2,#c8baa2,0.18994166666666668,earth
data/latest/images/runway_backstage_fashion_2025_e6575a132f12369f.jpg,3,#907f69,0.137125,earth
data/latest/images/runway_backstage_fashion_2025_e6575a132f12369f.jpg,4,#574032,0.129525,earth
data/latest/images/runway_backstage_fashion_2025_e6575a132f12369f.jpg,5,#d33e50,0.030133333333333335,neon
data/latest/images/editorial_fashion_2025_49ae3ba46955a547.jpg,1,#1d0714,0.2668083333333333,neutrals
data/latest/images/editorial_fashion_2025_49ae3ba46955a547.jpg,2,#f7d9d1,0.25755,pastels
data/latest/images/editorial_fashion_2025_49ae3ba46955a547.jpg,3,#582637,0.174575,primary/jewel
data/latest/images/editorial_fashion_2025_49ae3ba46955a547.jpg,4,#cd8495,0.160925,primary/jewel
data/latest/images/editorial_fashion_2025_49ae3ba46955a547.jpg,5,#b03e38,0.14014166666666666,primary/jewel
data/latest/images/lookbook_fashion_2025_f1345348b6b813a5.png,1,#4d4440,0.24538333333333334,earth
data/latest/images/lookbook_fashion_2025_f1345348b6b813a5.png,2,#e1c3b9,0.2303,earth
data/latest/images/lookbook_fashion_2025_f1345348b6b813a5.png,3,#1d1918,0.20048333333333335,neutrals
data/latest/images/lookbook_fashion_2025_f1345348b6b813a5.png,4,#fbf9f9,0.16703333333333334,pastels
data/latest/images/lookbook_fashion_2025_f1345348b6b813a5.png,5,#8d7a6c,0.1568,earth
data/latest/images/Stockholm_Fashion_Week_street_style_2025_4f9744094fedcc89.jpg,1,#021617,0.30218333333333336,neutrals
data/latest/images/Stockholm_Fashion_Week_street_style_2025_4f9744094fedcc89.jpg,2,#6c7568,0.2857,green/blue
data/latest/images/Stockholm_Fashion_Week_street_style_2025_4f9744094fedcc89.jpg,3,#908d7b,0.25215,earth
data/latest/images/Stockholm_Fashion_Week_street_style_2025_4f9744094fedcc89.jpg,4,#3d4639,0.08771666666666667,green/blue
data/latest/images/Stockholm_Fashion_Week_street_style_2025_4f9744094fedcc89.jpg,5,#c5b3a4,0.07225,earth
data/latest/images/Tokyo_Fashion_Week_runway_2026_812a560b87f367c2.jpg,1,#12131b,0.4004,neutrals
data/latest/images/Tokyo_Fashion_Week_runway_2026_812a560b87f367c2.jpg,2,#36426c,0.21913333333333335,blue/purple
data/latest/images/Tokyo_Fashion_Week_runway_2026_812a560b87f367c2.jpg,3,#567fde,0.14319166666666666,blue/purple
data/latest/images/Tokyo_Fashion_Week_runway_2026_812a560b87f367c2.jpg,4,#dfdddd,0.13079166666666667,neutrals
data/latest/images/Tokyo_Fashion_Week_runway_2026_812a560b87f367c2.jpg,5,#79797e,0.10648333333333333,neutrals
data/latest/images/runway_fashion_2025_1d70f0cf6d77eecc.jpg,1,#766e8d,0.2700666666666667,jewel
data/latest/images/runway_fashion_2025_1d70f0cf6d77eecc.jpg,2,#dfe2e7,0.26069166666666665,pastels
data/latest/images/runway_fashion_2025_1d70f0cf6d77eecc.jpg,3,#38303a,0.25674166666666665,primary/jewel
data/latest/images/runway_fashion_2025_1d70f0cf6d77eecc.jpg,4,#162875,0.16536666666666666,blue/purple
data/latest/images/runway_fashion_2025_1d70f0cf6d77eecc.jpg,5,#d76c42,0.04713333333333333,earth
data/latest/images/Seoul_Fashion_Week_runway_2026_64c8f029d6663cc9.jpg,1,#ebeff7,0.8201127819548872,pastels
data/latest/images/Seoul_Fashion_Week_runway_2026_64c8f029d6663cc9.jpg,2,#726f73,0.05298066595059076,neutrals
data/latest/images/Seoul_Fashion_Week_runway_2026_64c8f029d6663cc9.jpg,3,#c59d9e,0.052577873254564984,primary/jewel
data/latest/images/Seoul_Fashion_Week_runway_2026_64c8f029d6663cc9.jpg,4,#111014,0.042561761546723954,neutrals
data/latest/images/Seoul_Fashion_Week_runway_2026_64c8f029d6663cc9.jpg,5,#4a474b,0.03176691729323308,neutrals
data/latest/images/Paris_Fashion_Week_runway_2026_0c654fddfd7f62d7.png,1,#9d9d9d,0.36759166666666665,neutrals
data/latest/images/Paris_Fashion_Week_runway_2026_0c654fddfd7f62d7.png,2,#797b7e,0.2112,neutrals
data/latest/images/Paris_Fashion_Week_runway_2026_0c654fddfd7f62d7.png,3,#dde3e7,0.15875,pastels
data/latest/images/Paris_Fashion_Week_runway_2026_0c654fddfd7f62d7.png,4,#514642,0.14941666666666667,earth
data/latest/images/Paris_Fashion_Week_runway_2026_0c654fddfd7f62d7.png,5,#171517,0.11304166666666667,neutrals
data/latest/images/Tokyo_Fashion_Week_street_style_2025_13356502bf95e138.jpg,1,#797d7b,0.2926166666666667,neutrals
data/latest/images/Tokyo_Fashion_Week_street_style_2025_13356502bf95e138.jpg,2,#5a4943,0.241525,earth
data/latest/images/Tokyo_Fashion_Week_street_style_2025_13356502bf95e138.jpg,3,#1f1c1d,0.21513333333333334,neutrals
data/latest/images/Tokyo_Fashion_Week_street_style_2025_13356502bf95e138.jpg,4,#b8b8b8,0.15975,neutrals
data/latest/images/Tokyo_Fashion_Week_street_style_2025_13356502bf95e138.jpg,5,#c56043,0.090975,primary/jewel
data/latest/images/Seoul_Fashion_Week_backstage_2026_6c2833af2a45c4f5.jpg,1,#13191e,0.31250833333333333,neutrals
data/latest/images/Seoul_Fashion_Week_backstage_2026_6c2833af2a45c4f5.jpg,2,#e5e1e4,0.2643583333333333,neutrals
data/latest/images/Seoul_Fashion_Week_backstage_2026_6c2833af2a45c4f5.jpg,3,#ebc58d,0.19954166666666667,earth
data/latest/images/Seoul_Fashion_Week_backstage_2026_6c2833af2a45c4f5.jpg,4,#b8937f,0.12889166666666665,earth
data/latest/images/Seoul_Fashion_Week_backstage_2026_6c2833af2a45c4f5.jpg,5,#795645,0.0947,earth
data/latest/images/Tokyo_Fashion_Week_runway_2026_4d1cf245b7bba47d.jpg,1,#544d53,0.26819166666666666,primary/jewel
data/latest/images/Tokyo_Fashion_Week_runway_2026_4d1cf245b7bba47d.jpg,2,#393539,0.25035833333333335,neutrals
data/latest/images/Tokyo_Fashion_Week_runway_2026_4d1cf245b7bba47d.jpg,3,#44517c,0.20349166666666665,blue/purple
data/latest/images/Tokyo_Fashion_Week_runway_2026_4d1cf245b7bba47d.jpg,4,#9396a8,0.17369166666666666,blue/purple
data/latest/images/Tokyo_Fashion_Week_runway_2026_4d1cf245b7bba47d.jpg,5,#bbbed1,0.10426666666666666,blue/purple
data/latest/images/editorial_fashion_2025_8639a002f488c27a.png,1,#363131,0.31200833333333333,primary/jewel
data/latest/images/editorial_fashion_2025_8639a002f488c27a.png,2,#131011,0.2349,neutrals
data/latest/images/editorial_fashion_2025_8639a002f488c27a.png,3,#415057,0.21109166666666668,blue/purple
data/latest/images/editorial_fashion_2025_8639a002f488c27a.png,4,#75472e,0.12243333333333334,earth
data/latest/images/editorial_fashion_2025_8639a002f488c27a.png,5,#bf9f7b,0.11956666666666667,earth
data/latest/images/Balmain_burgundy_runway_2025_54bc7e26686d5059.jpg,1,#c3b9b0,0.30399166666666666,earth
data/latest/images/Balmain_burgundy_runway_2025_54bc7e26686d5059.jpg,2,#7f736f,0.18539166666666668,earth
data/latest/images/Balmain_burgundy_runway_2025_54bc7e26686d5059.jpg,3,#342b26,0.18379166666666666,earth
data/latest/images/Balmain_burgundy_runway_2025_54bc7e26686d5059.jpg,4,#130f0c,0.1658,neutrals
data/latest/images/Balmain_burgundy_runway_2025_54bc7e26686d5059.jpg,5,#634c42,0.161025,earth
data/latest/images/Gucci_Fall_2013_runway_59c0cac10d0a28b8.jpg,1,#09060a,0.63185,neutrals
data/latest/images/Gucci_Fall_2013_runway_59c0cac10d0a28b8.jpg,2,#282328,0.1367,neutrals
data/latest/images/Gucci_Fall_2013_runway_59c0cac10d0a28b8.jpg,3,#696a71,0.091075,neutrals
data/latest/images/Gucci_Fall_2013_runway_59c0cac10d0a28b8.jpg,4,#4b484c,0.08825,neutrals
data/latest/images/Gucci_Fall_2013_runway_59c0cac10d0a28b8.jpg,5,#898d93,0.052125,neutrals
data/latest/images/Tokyo_Fashion_Week_backstage_2025_5e5e5ae13e563d39.jpg,1,#dddddd,0.418925,neutrals
data/latest/images/Tokyo_Fashion_Week_backstage_2025_5e5e5ae13e563d39.jpg,2,#cdc8c3,0.22185833333333332,neutrals
data/latest/images/Tokyo_Fashion_Week_backstage_2025_5e5e5ae13e563d39.jpg,3,#fcfdff,0.20303333333333334,pastels
data/latest/images/Tokyo_Fashion_Week_backstage_2025_5e5e5ae13e563d39.jpg,4,#17181c,0.09590833333333333,neutrals
data/latest/images/Tokyo_Fashion_Week_backstage_2025_5e5e5ae13e563d39.jpg,5,#d1904d,0.060275,earth
data/latest/images/Tokyo_Fashion_Week_runway_2026_6ce11a67dc63d30c.jpg,1,#0a0b11,0.55985,neutrals
data/latest/images/Tokyo_Fashion_Week_runway_2026_6ce11a67dc63d30c.jpg,2,#20222c,0.17893333333333333,neutrals
data/latest/images/Tokyo_Fashion_Week_runway_2026_6ce11a67dc63d30c.jpg,3,#414553,0.10308333333333333,blue/purple
data/latest/images/Tokyo_Fashion_Week_runway_2026_6ce11a67dc63d30c.jpg,4,#7a7c8e,0.08108333333333333,blue/purple
data/latest/images/Tokyo_Fashion_Week_runway_2026_6ce11a67dc63d30c.jpg,5,#bebac7,0.07705,neutrals
data/latest/images/fashion_campaign_2026_3dee30956a1934e9.jpg,1,#7f6054,0.29204166666666664,earth
data/latest/images/fashion_campaign_2026_3dee30956a1934e9.jpg,2,#9a7f70,0.24740833333333334,earth
data/latest/images/fashion_campaign_2026_3dee30956a1934e9.jpg,3,#b7a991,0.23868333333333333,earth
data/latest/images/fashion_campaign_2026_3dee30956a1934e9.jpg,4,#231916,0.11721666666666666,neutrals
data/latest/images/fashion_campaign_2026_3dee30956a1934e9.jpg,5,#534135,0.10465,earth
data/latest/images/Seoul_Fashion_Week_street_style_2025_c0aca290f5fcbd4b.jpg,1,#081b1e,0.29113333333333336,neutrals
data/latest/images/Seoul_Fashion_Week_street_style_2025_c0aca290f5fcbd4b.jpg,2,#373f3c,0.21226666666666666,green/blue
data/latest/images/Seoul_Fashion_Week_street_style_2025_c0aca290f5fcbd4b.jpg,3,#a5ad9e,0.206925,green/blue
data/latest/images/Seoul_Fashion_Week_street_style_2025_c0aca290f5fcbd4b.jpg,4,#e6ece7,0.16260833333333333,pastels
data/latest/images/Seoul_Fashion_Week_street_style_2025_c0aca290f5fcbd4b.jpg,5,#7d695b,0.12706666666666666,earth
data/latest/images/Milan_Fashion_Week_runway_2025_e345f4f23bf4b831.jpg,1,#07060c,0.3449583333333333,neutrals
data/latest/images/Milan_Fashion_Week_runway_2025_e345f4f23bf4b831.jpg,2,#d9d2e0,0.26460833333333333,neutrals
data/latest/images/Milan_Fashion_Week_runway_2025_e345f4f23bf4b831.jpg,3,#b9acb9,0.138175,neutrals
data/latest/images/Milan_Fashion_Week_runway_2025_e345f4f23bf4b831.jpg,4,#3a3130,0.12875,primary/jewel
data/latest/images/Milan_Fashion_Week_runway_2025_e345f4f23bf4b831.jpg,5,#675b5d,0.12350833333333333,primary/jewel
data/latest/images/New_York_Fashion_Week_runway_2025_cff033c76c27ada1.webp,1,#332b1c,0.42013333333333336,earth
data/latest/images/New_York_Fashion_Week_runway_2025_cff033c76c27ada1.webp,2,#b8b5ae,0.19398333333333334,neutrals
data/latest/images/New_York_Fashion_Week_runway_2025_cff033c76c27ada1.webp,3,#19140c,0.17445833333333333,neutrals
data/latest/images/New_York_Fashion_Week_runway_2025_cff033c76c27ada1.webp,4,#77653f,0.111125,earth
data/latest/images/New_York_Fashion_Week_runway_2025_cff033c76c27ada1.webp,5,#a69780,0.1003,earth
data/latest/images/Balmain_burgundy_runway_2025_8c3557b3c16a3287.jpg,1,#d6d4d6,0.42525833333333335,neutrals
data/latest/images/Balmain_burgundy_runway_2025_8c3557b3c16a3287.jpg,2,#e6e6ea,0.3560833333333333,pastels
data/latest/images/Balmain_burgundy_runway_2025_8c3557b3c16a3287.jpg,3,#242227,0.1248,neutrals
data/latest/images/Balmain_burgundy_runway_2025_8c3557b3c16a3287.jpg,4,#5b4640,0.08315,primary/jewel
data/latest/images/Balmain_burgundy_runway_2025_8c3557b3c16a3287.jpg,5,#bf5b56,0.010708333333333334,primary/jewel
data/latest/images/fashion_campaign_2026_b5bc09bfa29a04a5.jpg,1,#463d2e,0.31969166666666665,earth
data/latest/images/fashion_campaign_2026_b5bc09bfa29a04a5.jpg,2,#292720,0.23518333333333333,neutrals
data/latest/images/fashion_campaign_2026_b5bc09bfa29a04a5.jpg,3,#68563f,0.17390833333333333,earth
data/latest/images/fashion_campaign_2026_b5bc09bfa29a04a5.jpg,4,#8d745a,0.14878333333333332,earth
data/latest/images/fashion_campaign_2026_b5bc09bfa29a04a5.jpg,5,#aa977e,0.12243333333333334,earth
data/latest/images/New_York_Fashion_Week_street_style_2025_06871c12d0357169.webp,1,#bec4c9,0.514875,neutrals
data/latest/images/New_York_Fashion_Week_street_style_2025_06871c12d0357169.webp,2,#14161b,0.16515833333333332,neutrals
data/latest/images/New_York_Fashion_Week_street_style_2025_06871c12d0357169.webp,3,#423c3d,0.12121666666666667,primary/jewel
data/latest/images/New_York_Fashion_Week_street_style_2025_06871c12d0357169.webp,4,#a99c90,0.1155,earth
data/latest/images/New_York_Fashion_Week_street_style_2025_06871c12d0357169.webp,5,#7a6a5c,0.08325,earth
data/latest/images/editorial_fashion_2025_601dbc3ef93fe032.jpg,1,#c4cbea,0.3945,pastels
data/latest/images/editorial_fashion_2025_601dbc3ef93fe032.jpg,2,#97aee0,0.2539,blue/purple
data/latest/images/editorial_fashion_2025_601dbc3ef93fe032.jpg,3,#17131b,0.22721666666666668,neutrals
data/latest/images/editorial_fashion_2025_601dbc3ef93fe032.jpg,4,#654343,0.06309166666666667,primary/jewel
data/latest/images/editorial_fashion_2025_601dbc3ef93fe032.jpg,5,#7280b8,0.06129166666666667,blue/purple
data/latest/images/lookbook_fashion_2026_859958960293d00c.jpg,1,#b5b4bc,0.468475,neutrals
data/latest/images/lookbook_fashion_2026_859958960293d00c.jpg,2,#d5d1d4,0.17613333333333334,neutrals
data/latest/images/lookbook_fashion_2026_859958960293d00c.jpg,3,#332b40,0.1545,jewel
data/latest/images/lookbook_fashion_2026_859958960293d00c.jpg,4,#a48378,0.10510833333333333,earth
data/latest/images/lookbook_fashion_2026_859958960293d00c.jpg,5,#7a4e4a,0.09578333333333333,primary/jewel
data/latest/images/Balmain_burgundy_runway_2025_bc35800df9cdcf58.webp,1,#e8e9ea,0.36580833333333335,pastels
data/latest/images/Balmain_burgundy_runway_2025_bc35800df9cdcf58.webp,2,#d0cccb,0.28595,neutrals
data/latest/images/Balmain_burgundy_runway_2025_bc35800df9cdcf58.webp,3,#171618,0.17386666666666667,neutrals
data/latest/images/Balmain_burgundy_runway_2025_bc35800df9cdcf58.webp,4,#bc7d6b,0.093575,primary/jewel
data/latest/images/Balmain_burgundy_runway_2025_bc35800df9cdcf58.webp,5,#663e33,0.0808,primary/jewel
data/latest/images/Stockholm_Fashion_Week_street_style_2025_4a67702a53361641.jpg,1,#aaa69f,0.2989833333333333,neutrals
data/latest/images/Stockholm_Fashion_Week_street_style_2025_4a67702a53361641.jpg,2,#f4f8f9,0.29336666666666666,pastels
data/latest/images/Stockholm_Fashion_Week_street_style_2025_4a67702a53361641.jpg,3,#896f59,0.17214166666666667,earth
data/latest/images/Stockholm_Fashion_Week_street_style_2025_4a67702a53361641.jpg,4,#0d1012,0.14841666666666667,neutrals
data/latest/images/Stockholm_Fashion_Week_street_style_2025_4a67702a53361641.jpg,5,#3f3c39,0.08709166666666666,earth
data/latest/images/Copenhagen_Fashion_Week_street_style_2026_0570b40b3994b39c.jpg,1,#0d1015,0.36495833333333333,neutrals
data/latest/images/Copenhagen_Fashion_Week_street_style_2026_0570b40b3994b39c.jpg,2,#b3b2b0,0.2687833333333333,neutrals
data/latest/images/Copenhagen_Fashion_Week_street_style_2026_0570b40b3994b39c.jpg,3,#525153,0.13800833333333334,neutrals
data/latest/images/Copenhagen_Fashion_Week_street_style_2026_0570b40b3994b39c.jpg,4,#2f2f32,0.11728333333333334,neutrals
data/latest/images/Copenhagen_Fashion_Week_street_style_2026_0570b40b3994b39c.jpg,5,#887d71,0.11096666666666667,earth
data/latest/images/New_York_Fashion_Week_street_style_2025_8f7ff63ec2bb8cdf.jpg,1,#ae8684,0.33413333333333334,primary/jewel
data/latest/images/New_York_Fashion_Week_street_style_2025_8f7ff63ec2bb8cdf.jpg,2,#d2b7ae,0.22511666666666666,primary/jewel
data/latest/images/New_York_Fashion_Week_street_style_2025_8f7ff63ec2bb8cdf.jpg,3,#77514d,0.17405833333333334,primary/jewel
data/latest/images/New_York_Fashion_Week_street_style_2025_8f7ff63ec2bb8cdf.jpg,4,#f8f5ed,0.14396666666666666,pastels
data/latest/images/New_York_Fashion_Week_street_style_2025_8f7ff63ec2bb8cdf.jpg,5,#371e1b,0.122725,primary/jewel
data/latest/images/editorial_fashion_2025_8e612036109a9ef0.jpg,1,#dee1e3,0.6463166666666667,neutrals
data/latest/images/editorial_fashion_2025_8e612036109a9ef0.jpg,2,#c3b5a9,0.13089166666666666,earth
data/latest/images/editorial_fashion_2025_8e612036109a9ef0.jpg,3,#b18e77,0.12755833333333333,earth
data/latest/images/editorial_fashion_2025_8e612036109a9ef0.jpg,4,#806658,0.06308333333333334,earth
data/latest/images/editorial_fashion_2025_8e612036109a9ef0.jpg,5,#262322,0.03215,neutrals
data/latest/images/Sydney_Fashion_Week_runway_2025_e10958537accae45.jpg,1,#ae9780,0.29999166666666666,earth
data/latest/images/Sydney_Fashion_Week_runway_2025_e10958537accae45.jpg,2,#877763,0.24585,earth
data/latest/images/Sydney_Fashion_Week_runway_2025_e10958537accae45.jpg,3,#d8d0cc,0.17444166666666666,neutrals
data/latest/images/Sydney_Fashion_Week_runway_2025_e10958537accae45.jpg,4,#5e4b32,0.17090833333333333,earth
data/latest/images/Sydney_Fashion_Week_runway_2025_e10958537accae45.jpg,5,#262017,0.10880833333333334,neutrals
data/latest/images/Milan_Fashion_Week_runway_2026_2ecbc2e608d86ca1.jpg,1,#988e80,0.32085,earth
data/latest/images/Milan_Fashion_Week_runway_2026_2ecbc2e608d86ca1.jpg,2,#bdb7aa,0.31816666666666665,earth
data/latest/images/Milan_Fashion_Week_runway_2026_2ecbc2e608d86ca1.jpg,3,#221c1f,0.19190833333333332,neutrals
data/latest/images/Milan_Fashion_Week_runway_2026_2ecbc2e608d86ca1.jpg,4,#5c4e49,0.1235,earth
data/latest/images/Milan_Fashion_Week_runway_2026_2ecbc2e608d86ca1.jpg,5,#4ab6e6,0.045575,blue/purple
data/latest/images/Balmain_burgundy_runway_2025_a30608ba40f3b7db.jpg,1,#1b1413,0.25553333333333333,neutrals
data/latest/images/Balmain_burgundy_runway_2025_a30608ba40f3b7db.jpg,2,#e6dbdc,0.22281666666666666,pastels
data/latest/images/Balmain_burgundy_runway_2025_a30608ba40f3b7db.jpg,3,#52453b,0.21505,earth
data/latest/images/Balmain_burgundy_runway_2025_a30608ba40f3b7db.jpg,4,#7a192a,0.16575,primary/jewel
data/latest/images/Balmain_burgundy_runway_2025_a30608ba40f3b7db.jpg,5,#a08d85,0.14085,earth
data/latest/images/Milan_Fashion_Week_runway_2025_8fbcac18d07bdc1f.jpg,1,#0a0202,0.524625,neutrals
data/latest/images/Milan_Fashion_Week_runway_2025_8fbcac18d07bdc1f.jpg,2,#46302b,0.17733333333333334,primary/jewel
data/latest/images/Milan_Fashion_Week_runway_2025_8fbcac18d07bdc1f.jpg,3,#b9815a,0.12845,earth
data/latest/images/Milan_Fashion_Week_runway_2025_8fbcac18d07bdc1f.jpg,4,#8e532c,0.09584166666666667,earth
data/latest/images/Milan_Fashion_Week_runway_2025_8fbcac18d07bdc1f.jpg,5,#d9c2b0,0.07375,earth
data/latest/images/Stockholm_Fashion_Week_street_style_2025_4ed8fab0e4ee98b2.jpg,1,#d1d3d0,0.28624,neutrals
data/latest/images/Stockholm_Fashion_Week_street_style_2025_4ed8fab0e4ee98b2.jpg,2,#6c4d3c,0.21274,earth
data/latest/images/Stockholm_Fashion_Week_street_style_2025_4ed8fab0e4ee98b2.jpg,3,#8f8c87,0.18836,neutrals
data/latest/images/Stockholm_Fashion_Week_street_style_2025_4ed8fab0e4ee98b2.jpg,4,#19181a,0.16579,neutrals
data/latest/images/Stockholm_Fashion_Week_street_style_2025_4ed8fab0e4ee98b2.jpg,5,#2f4a67,0.14687,blue/purple
data/latest/images/Paris_Fashion_Week_runway_2026_d91adcb6fa423ead.jpg,1,#e2ccbe,0.430225,earth
data/latest/images/Paris_Fashion_Week_runway_2026_d91adcb6fa423ead.jpg,2,#c69160,0.20715,earth
data/latest/images/Paris_Fashion_Week_runway_2026_d91adcb6fa423ead.jpg,3,#8a9abf,0.17155,blue/purple
data/latest/images/Paris_Fashion_Week_runway_2026_d91adcb6fa423ead.jpg,4,#252f43,0.10155,blue/purple
data/latest/images/Paris_Fashion_Week_runway_2026_d91adcb6fa423ead.jpg,5,#5e5b6d,0.089525,blue/purple
data/latest/images/Tokyo_Fashion_Week_runway_2026_3a1ef37f0b787558.jpg,1,#d7cfc9,0.375875,neutrals
data/latest/images/Tokyo_Fashion_Week_runway_2026_3a1ef37f0b787558.jpg,2,#2d180d,0.2044,neutrals
data/latest/images/Tokyo_Fashion_Week_runway_2026_3a1ef37f0b787558.jpg,3,#5f3a23,0.16236666666666666,earth
data/latest/images/Tokyo_Fashion_Week_runway_2026_3a1ef37f0b787558.jpg,4,#baa99a,0.14065833333333333,earth
data/latest/images/Tokyo_Fashion_Week_runway_2026_3a1ef37f0b787558.jpg,5,#8e6c50,0.1167,earth
data/latest/images/fashion_campaign_2026_15f070ca540391c7.jpg,1,#7e5f61,0.4120916666666667,primary/jewel
data/latest/images/fashion_campaign_2026_15f070ca540391c7.jpg,2,#fefefe,0.33275,pastels
data/latest/images/fashion_campaign_2026_15f070ca540391c7.jpg,3,#523a3c,0.17035,primary/jewel
data/latest/images/fashion_campaign_2026_15f070ca540391c7.jpg,4,#bca4a4,0.04986666666666666,primary/jewel
data/latest/images/fashion_campaign_2026_15f070ca540391c7.jpg,5,#af172e,0.03494166666666667,primary/jewel
data/latest/images/Chanel_haute_couture_2020_215a0f61b7a446e4.jpg,1,#aaa6a3,0.30894166666666667,neutrals
data/latest/images/Chanel_haute_couture_2020_215a0f61b7a446e4.jpg,2,#3c4331,0.21528333333333333,green/blue
data/latest/images/Chanel_haute_couture_2020_215a0f61b7a446e4.jpg,3,#151b14,0.20314166666666666,neutrals
data/latest/images/Chanel_haute_couture_2020_215a0f61b7a446e4.jpg,4,#797868,0.162225,earth
data/latest/images/Chanel_haute_couture_2020_215a0f61b7a446e4.jpg,5,#d6d6dc,0.11040833333333333,neutrals
data/latest/images/Sydney_Fashion_Week_runway_2025_d83d9986ecbc5947.jpg,1,#090906,0.4446833333333333,neutrals
data/latest/images/Sydney_Fashion_Week_runway_2025_d83d9986ecbc5947.jpg,2,#2b1c18,0.23253333333333334,neutrals
data/latest/images/Sydney_Fashion_Week_runway_2025_d83d9986ecbc5947.jpg,3,#443029,0.22206666666666666,earth
data/latest/images/Sydney_Fashion_Week_runway_2025_d83d9986ecbc5947.jpg,4,#8a2d30,0.08515833333333334,primary/jewel
data/latest/images/Sydney_Fashion_Week_runway_2025_d83d9986ecbc5947.jpg,5,#c48f71,0.015558333333333334,earth
data/latest/images/Copenhagen_Fashion_Week_street_style_2026_8677e41b011a984a.jpg,1,#191c27,0.33805,neutrals
data/latest/images/Copenhagen_Fashion_Week_street_style_2026_8677e41b011a984a.jpg,2,#f6f8fc,0.2882,pastels
data/latest/images/Copenhagen_Fashion_Week_street_style_2026_8677e41b011a984a.jpg,3,#72743f,0.13678333333333334,earth
data/latest/images/Copenhagen_Fashion_Week_street_style_2026_8677e41b011a984a.jpg,4,#383b47,0.13599166666666668,blue/purple
data/latest/images/Copenhagen_Fashion_Week_street_style_2026_8677e41b011a984a.jpg,5,#a5a084,0.100975,earth
data/latest/images/Milan_Fashion_Week_runway_2025_9d963244a91970c3.jpg,1,#150502,0.41596666666666665,neutrals
data/latest/images/Milan_Fashion_Week_runway_2025_9d963244a91970c3.jpg,2,#542212,0.23064166666666666,primary/jewel
data/latest/images/Milan_Fashion_Week_runway_2025_9d963244a91970c3.jpg,3,#a5644b,0.159975,earth
data/latest/images/Milan_Fashion_Week_runway_2025_9d963244a91970c3.jpg,4,#804330,0.1283,primary/jewel
data/latest/images/Milan_Fashion_Week_runway_2025_9d963244a91970c3.jpg,5,#c0aca3,0.06511666666666667,earth
data/latest/images/Chanel_haute_couture_2020_e40cd89f511a66d3.jpg,1,#c2baa8,0.25495,earth
data/latest/images/Chanel_haute_couture_2020_e40cd89f511a66d3.jpg,2,#1b1f37,0.23176666666666668,blue/purple
data/latest/images/Chanel_haute_couture_2020_e40cd89f511a66d3.jpg,3,#eeede7,0.20200833333333335,pastels
data/latest/images/Chanel_haute_couture_2020_e40cd89f511a66d3.jpg,4,#345297,0.20169166666666666,blue/purple
data/latest/images/Chanel_haute_couture_2020_e40cd89f511a66d3.jpg,5,#776c6f,0.10958333333333334,primary/jewel
data/latest/images/Seoul_Fashion_Week_street_style_2025_28a5201b2ce3186c.webp,1,#f0eeea,0.4897,pastels
data/latest/images/Seoul_Fashion_Week_street_style_2025_28a5201b2ce3186c.webp,2,#282029,0.17653333333333332,neutrals
data/latest/images/Seoul_Fashion_Week_street_style_2025_28a5201b2ce3186c.webp,3,#c8c3c0,0.15288333333333334,neutrals
data/latest/images/Seoul_Fashion_Week_street_style_2025_28a5201b2ce3186c.webp,4,#6e3d3a,0.10939166666666666,primary/jewel
data/latest/images/Seoul_Fashion_Week_street_style_2025_28a5201b2ce3186c.webp,5,#908379,0.07149166666666666,earth
data/latest/images/Gucci_Fall_2013_runway_8cc6266e9447daf3.jpg,1,#121815,0.7069083333333334,neutrals
data/latest/images/Gucci_Fall_2013_runway_8cc6266e9447daf3.jpg,2,#34342f,0.14485,earth
data/latest/images/Gucci_Fall_2013_runway_8cc6266e9447daf3.jpg,3,#6b6665,0.07004166666666667,neutrals
data/latest/images/Gucci_Fall_2013_runway_8cc6266e9447daf3.jpg,4,#a89b97,0.04568333333333333,primary/jewel
data/latest/images/Gucci_Fall_2013_runway_8cc6266e9447daf3.jpg,5,#f9f8f6,0.032516666666666666,pastels
data/latest/images/runway_fashion_2025_02f7ee287988b91a.webp,1,#140a0f,0.36325,neutrals
data/latest/images/runway_fashion_2025_02f7ee287988b91a.webp,2,#acb0c3,0.222725,blue/purple
data/latest/images/runway_fashion_2025_02f7ee287988b91a.webp,3,#9f858f,0.19475,primary/jewel
data/latest/images/runway_fashion_2025_02f7ee287988b91a.webp,4,#624a52,0.121775,primary/jewel
data/latest/images/runway_fashion_2025_02f7ee287988b91a.webp,5,#e73193,0.0975,neon
data/latest/images/Sydney_Fashion_Week_backstage_2025_8aef9918c836cd3c.jpg,1,#181615,0.40323333333333333,neutrals
data/latest/images/Sydney_Fashion_Week_backstage_2025_8aef9918c836cd3c.jpg,2,#4c3f36,0.20263333333333333,earth
data/latest/images/Sydney_Fashion_Week_backstage_2025_8aef9918c836cd3c.jpg,3,#c7c5c2,0.17353333333333334,neutrals
data/latest/images/Sydney_Fashion_Week_backstage_2025_8aef9918c836cd3c.jpg,4,#f3f3f3,0.12006666666666667,pastels
data/latest/images/Sydney_Fashion_Week_backstage_2025_8aef9918c836cd3c.jpg,5,#9b8270,0.10053333333333334,earth
data/latest/images/runway_fashion_2025_458425038ff62ea6.jpg,1,#483f34,0.2836,earth
data/latest/images/runway_fashion_2025_458425038ff62ea6.jpg,2,#74614a,0.22948333333333334,earth
data/latest/images/runway_fashion_2025_458425038ff62ea6.jpg,3,#a68766,0.21298333333333333,earth
data/latest/images/runway_fashion_2025_458425038ff62ea6.jpg,4,#161312,0.16893333333333332,neutrals
data/latest/images/runway_fashion_2025_458425038ff62ea6.jpg,5,#d4c6bf,0.105,earth
data/latest/images/lookbook_fashion_2025_a3ab297d14899b05.jpg,1,#06070a,0.6052083333333333,neutrals
data/latest/images/lookbook_fashion_2025_a3ab297d14899b05.jpg,2,#1b1c1d,0.16988333333333333,neutrals
data/latest/images/lookbook_fashion_2025_a3ab297d14899b05.jpg,3,#7a97b9,0.12300833333333333,blue/purple
data/latest/images/lookbook_fashion_2025_a3ab297d14899b05.jpg,4,#4a4e59,0.06415833333333333,blue/purple
data/latest/images/lookbook_fashion_2025_a3ab297d14899b05.jpg,5,#e6d9e9,0.037741666666666666,pastels
data/latest/images/Tokyo_Fashion_Week_street_style_2025_a42285058b50fbf7.jpg,1,#ccc8c5,0.47663333333333335,neutrals
data/latest/images/Tokyo_Fashion_Week_street_style_2025_a42285058b50fbf7.jpg,2,#1e1f20,0.17439166666666667,neutrals
data/latest/images/Tokyo_Fashion_Week_street_style_2025_a42285058b50fbf7.jpg,3,#3f413a,0.13959166666666667,green/blue
data/latest/images/Tokyo_Fashion_Week_street_style_2025_a42285058b50fbf7.jpg,4,#696855,0.11284166666666667,earth
data/latest/images/Tokyo_Fashion_Week_street_style_2025_a42285058b50fbf7.jpg,5,#909984,0.09654166666666666,green/blue
data/latest/images/Chanel_haute_couture_2020_21410c70fd8aab83.jpg,1,#090a10,0.280375,neutrals
data/latest/images/Chanel_haute_couture_2020_21410c70fd8aab83.jpg,2,#29272c,0.26775,neutrals
data/latest/images/Chanel_haute_couture_2020_21410c70fd8aab83.jpg,3,#777072,0.18518333333333334,neutrals
data/latest/images/Chanel_haute_couture_2020_21410c70fd8aab83.jpg,4,#564c4d,0.17903333333333332,primary/jewel
data/latest/images/Chanel_haute_couture_2020_21410c70fd8aab83.jpg,5,#d0c7c5,0.08765833333333334,neutrals
data/latest/images/runway_fashion_2025_b59fe4146bc358fd.webp,1,#943230,0.35128333333333334,primary/jewel
data/latest/images/runway_fashion_2025_b59fe4146bc358fd.webp,2,#cd2e34,0.2947166666666667,neon
data/latest/images/runway_fashion_2025_b59fe4146bc358fd.webp,3,#cb716b,0.16540833333333332,primary/jewel
data/latest/images/runway_fashion_2025_b59fe4146bc358fd.webp,4,#e4ab9e,0.13706666666666667,primary/jewel
data/latest/images/runway_fashion_2025_b59fe4146bc358fd.webp,5,#4c2822,0.051525,primary/jewel
data/latest/images/runway_backstage_fashion_2025_a62849f638de446f.jpg,1,#1f1715,0.31501666666666667,neutrals
data/latest/images/runway_backstage_fashion_2025_a62849f638de446f.jpg,2,#96968d,0.23599166666666666,neutrals
data/latest/images/runway_backstage_fashion_2025_a62849f638de446f.jpg,3,#746e63,0.17015,earth
data/latest/images/runway_backstage_fashion_2025_a62849f638de446f.jpg,4,#4c382e,0.15896666666666667,earth
data/latest/images/runway_backstage_fashion_2025_a62849f638de446f.jpg,5,#d7c1b7,0.119875,earth
data/latest/images/Stockholm_Fashion_Week_street_style_2026_72e2c49c0e4e9bec.jpg,1,#222024,0.28060833333333335,neutrals
data/latest/images/Stockholm_Fashion_Week_street_style_2026_72e2c49c0e4e9bec.jpg,2,#b3a5a7,0.24023333333333333,neutrals
data/latest/images/Stockholm_Fashion_Week_street_style_2026_72e2c49c0e4e9bec.jpg,3,#504847,0.19963333333333333,primary/jewel
data/latest/images/Stockholm_Fashion_Week_street_style_2026_72e2c49c0e4e9bec.jpg,4,#84706c,0.18634166666666666,primary/jewel
data/latest/images/Stockholm_Fashion_Week_street_style_2026_72e2c49c0e4e9bec.jpg,5,#e0d5cf,0.09318333333333334,neutrals
data/latest/images/Milan_Fashion_Week_runway_2025_49b18c8b9f973135.jpg,1,#3b2d24,0.2258,earth
data/latest/images/Milan_Fashion_Week_runway_2025_49b18c8b9f973135.jpg,2,#bea8a2,0.2226,primary/jewel
data/latest/images/Milan_Fashion_Week_runway_2025_49b18c8b9f973135.jpg,3,#e6dfdf,0.18981666666666666,pastels
data/latest/images/Milan_Fashion_Week_runway_2025_49b18c8b9f973135.jpg,4,#98796b,0.18430833333333332,earth
data/latest/images/Milan_Fashion_Week_runway_2025_49b18c8b9f973135.jpg,5,#814738,0.177475,primary/jewel
data/latest/images/Gucci_Fall_2013_runway_a217233149ced9ae.jpg,1,#030406,0.6119,neutrals
data/latest/images/Gucci_Fall_2013_runway_a217233149ced9ae.jpg,2,#394046,0.18965833333333335,blue/purple
data/latest/images/Gucci_Fall_2013_runway_a217233149ced9ae.jpg,3,#4c637e,0.09754166666666667,blue/purple
data/latest/images/Gucci_Fall_2013_runway_a217233149ced9ae.jpg,4,#7d8da2,0.07561666666666667,blue/purple
data/latest/images/Gucci_Fall_2013_runway_a217233149ced9ae.jpg,5,#c1c1c1,0.025283333333333335,neutrals
data/latest/images/Sydney_Fashion_Week_runway_2025_122d64f5a8dec820.jpg,1,#e5e4f2,0.3560333333333333,pastels
data/latest/images/Sydney_Fashion_Week_runway_2025_122d64f5a8dec820.jpg,2,#5e5b6d,0.300375,blue/purple
data/latest/images/Sydney_Fashion_Week_runway_2025_122d64f5a8dec820.jpg,3,#403e4f,0.248325,blue/purple
data/latest/images/Sydney_Fashion_Week_runway_2025_122d64f5a8dec820.jpg,4,#cd1d2a,0.04774166666666667,neon
data/latest/images/Sydney_Fashion_Week_runway_2025_122d64f5a8dec820.jpg,5,#caadb1,0.047525,primary/jewel
data/latest/images/Stockholm_Fashion_Week_street_style_2026_9619067c7648e18d.jpg,1,#50382d,0.28828333333333334,earth
data/latest/images/Stockholm_Fashion_Week_street_style_2026_9619067c7648e18d.jpg,2,#100a09,0.264175,neutrals
data/latest/images/Stockholm_Fashion_Week_street_style_2026_9619067c7648e18d.jpg,3,#a69f97,0.16615,earth
data/latest/images/Stockholm_Fashion_Week_street_style_2026_9619067c7648e18d.jpg,4,#71665e,0.16200833333333334,earth
data/latest/images/Stockholm_Fashion_Week_street_style_2026_9619067c7648e18d.jpg,5,#e4e2de,0.11938333333333333,neutrals
data/latest/images/fashion_campaign_2026_bc1f21b21bbfd6de.jpg,1,#c5c5cb,0.2932,neutrals
data/latest/images/fashion_campaign_2026_bc1f21b21bbfd6de.jpg,2,#e0e2e6,0.28574166666666667,pastels
data/latest/images/fashion_campaign_2026_bc1f21b21bbfd6de.jpg,3,#211f24,0.20496666666666666,neutrals
data/latest/images/fashion_campaign_2026_bc1f21b21bbfd6de.jpg,4,#809ab3,0.15286666666666668,blue/purple
data/latest/images/fashion_campaign_2026_bc1f21b21bbfd6de.jpg,5,#634f51,0.063225,primary/jewel
data/latest/images/Chanel_haute_couture_2020_9b4ba97172e5bbda.jpg,1,#bec7d7,0.32979166666666665,blue/purple
data/latest/images/Chanel_haute_couture_2020_9b4ba97172e5bbda.jpg,2,#a5a5ab,0.28170833333333334,neutrals
data/latest/images/Chanel_haute_couture_2020_9b4ba97172e5bbda.jpg,3,#848180,0.20975833333333332,neutrals
data/latest/images/Chanel_haute_couture_2020_9b4ba97172e5bbda.jpg,4,#575757,0.113225,neutrals
data/latest/images/Chanel_haute_couture_2020_9b4ba97172e5bbda.jpg,5,#292926,0.06551666666666667,neutrals
data/latest/images/Paris_Fashion_Week_runway_2026_e12ccf9df93ca581.webp,1,#63594e,0.29846666666666666,earth
data/latest/images/Paris_Fashion_Week_runway_2026_e12ccf9df93ca581.webp,2,#9e9085,0.2903,earth
data/latest/images/Paris_Fashion_Week_runway_2026_e12ccf9df93ca581.webp,3,#c2c28b,0.150475,earth
data/latest/images/Paris_Fashion_Week_runway_2026_e12ccf9df93ca581.webp,4,#f5f4f2,0.13165,pastels
data/latest/images/Paris_Fashion_Week_runway_2026_e12ccf9df93ca581.webp,5,#23211f,0.12910833333333332,neutrals
data/latest/images/lookbook_fashion_2025_a607dd13bf565c46.jpg,1,#64332b,0.3495,primary/jewel
data/latest/images/lookbook_fashion_2025_a607dd13bf565c46.jpg,2,#81483c,0.253075,primary/jewel
data/latest/images/lookbook_fashion_2025_a607dd13bf565c46.jpg,3,#151719,0.20126666666666668,neutrals
data/latest/images/lookbook_fashion_2025_a607dd13bf565c46.jpg,4,#27252d,0.14056666666666667,neutrals
data/latest/images/lookbook_fashion_2025_a607dd13bf565c46.jpg,5,#be968a,0.055591666666666664,primary/jewel
data/latest/images/editorial_fashion_2025_d800bac07cedf560.webp,1,#10120f,0.29456666666666664,neutrals
data/latest/images/editorial_fashion_2025_d800bac07cedf560.webp,2,#473637,0.267825,primary/jewel
data/latest/images/editorial_fashion_2025_d800bac07cedf560.webp,3,#675f55,0.17181666666666667,earth
data/latest/images/editorial_fashion_2025_d800bac07cedf560.webp,4,#d6d3ce,0.15215833333333334,neutrals
data/latest/images/editorial_fashion_2025_d800bac07cedf560.webp,5,#b08c54,0.11363333333333334,earth
data/latest/images/editorial_fashion_2025_5fbaba4f2f14ce76.jpg,1,#c8ccd3,0.361475,neutrals
data/latest/images/editorial_fashion_2025_5fbaba4f2f14ce76.jpg,2,#aaa3a1,0.17819166666666666,neutrals
data/latest/images/editorial_fashion_2025_5fbaba4f2f14ce76.jpg,3,#7c756a,0.17468333333333333,earth
data/latest/images/editorial_fashion_2025_5fbaba4f2f14ce76.jpg,4,#291f1c,0.156725,neutrals
data/latest/images/editorial_fashion_2025_5fbaba4f2f14ce76.jpg,5,#54473f,0.128925,earth
data/latest/images/Copenhagen_Fashion_Week_street_style_2026_dad554020bf8806e.jpg,1,#ccb29b,0.28995,earth
data/latest/images/Copenhagen_Fashion_Week_street_style_2026_dad554020bf8806e.jpg,2,#e7dcd0,0.224325,pastels
data/latest/images/Copenhagen_Fashion_Week_street_style_2026_dad554020bf8806e.jpg,3,#5b4c44,0.19063333333333332,earth
data/latest/images/Copenhagen_Fashion_Week_street_style_2026_dad554020bf8806e.jpg,4,#957b75,0.18561666666666668,primary/jewel
data/latest/images/Copenhagen_Fashion_Week_street_style_2026_dad554020bf8806e.jpg,5,#1e1b19,0.109475,neutrals
data/latest/images/runway_fashion_2025_a51e357136199a00.jpg,1,#0b0b0b,0.44319166666666665,neutrals
data/latest/images/runway_fashion_2025_a51e357136199a00.jpg,2,#9b9393,0.22463333333333332,neutrals
data/latest/images/runway_fashion_2025_a51e357136199a00.jpg,3,#bebab7,0.17150833333333335,neutrals
data/latest/images/runway_fashion_2025_a51e357136199a00.jpg,4,#403530,0.11418333333333333,earth
data/latest/images/runway_fashion_2025_a51e357136199a00.jpg,5,#df8e18,0.046483333333333335,neon
data/latest/images/Chanel_haute_couture_2020_b2271c8f2ad1e1cc.jpg,1,#39412a,0.27725,green/blue
data/latest/images/Chanel_haute_couture_2020_b2271c8f2ad1e1cc.jpg,2,#9f9a92,0.222875,earth
data/latest/images/Chanel_haute_couture_2020_b2271c8f2ad1e1cc.jpg,3,#171e15,0.184225,neutrals
data/latest/images/Chanel_haute_couture_2020_b2271c8f2ad1e1cc.jpg,4,#666a52,0.18175,earth
data/latest/images/Chanel_haute_couture_2020_b2271c8f2ad1e1cc.jpg,5,#c5c6ca,0.1339,neutrals
data/latest/images/New_York_Fashion_Week_street_style_2025_67f23141b90f4450.webp,1,#d2d5d6,0.33,neutrals
data/latest/images/New_York_Fashion_Week_street_style_2025_67f23141b90f4450.webp,2,#aba597,0.21570833333333334,earth
data/latest/images/New_York_Fashion_Week_street_style_2025_67f23141b90f4450.webp,3,#31261d,0.1608,earth
data/latest/images/New_York_Fashion_Week_street_style_2025_67f23141b90f4450.webp,4,#9d1817,0.15824166666666667,primary/jewel
data/latest/images/New_York_Fashion_Week_street_style_2025_67f23141b90f4450.webp,5,#726d5c,0.13525,earth
data/latest/images/Milan_Fashion_Week_runway_2025_07d4b80af1391cd3.jpg,1,#0c0c15,0.4048583333333333,neutrals
data/latest/images/Milan_Fashion_Week_runway_2025_07d4b80af1391cd3.jpg,2,#c8c2c1,0.26816666666666666,neutrals
data/latest/images/Milan_Fashion_Week_runway_2025_07d4b80af1391cd3.jpg,3,#222338,0.15874166666666667,blue/purple
data/latest/images/Milan_Fashion_Week_runway_2025_07d4b80af1391cd3.jpg,4,#3f4060,0.1018,blue/purple
data/latest/images/Milan_Fashion_Week_runway_2025_07d4b80af1391cd3.jpg,5,#948583,0.06643333333333333,primary/jewel
data/latest/images/leopard_print_runway_1990s_61678f957132f3fa.jpg,1,#f4f3f8,0.4736666666666667,pastels
data/latest/images/leopard_print_runway_1990s_61678f957132f3fa.jpg,2,#926542,0.162025,earth
data/latest/images/leopard_print_runway_1990s_61678f957132f3fa.jpg,3,#1e1712,0.12365,neutrals
data/latest/images/leopard_print_runway_1990s_61678f957132f3fa.jpg,4,#bb9169,0.12348333333333333,earth
data/latest/images/leopard_print_runway_1990s_61678f957132f3fa.jpg,5,#613d25,0.117175,earth
data/latest/images/runway_fashion_2025_6815bb39aa5fa3f0.jpg,1,#c9aa93,0.356075,earth
data/latest/images/runway_fashion_2025_6815bb39aa5fa3f0.jpg,2,#a4795f,0.24804166666666666,earth
data/latest/images/runway_fashion_2025_6815bb39aa5fa3f0.jpg,3,#e2e1d9,0.17396666666666666,neutrals
data/latest/images/runway_fashion_2025_6815bb39aa5fa3f0.jpg,4,#6d3e3a,0.14635833333333334,primary/jewel
data/latest/images/runway_fashion_2025_6815bb39aa5fa3f0.jpg,5,#221616,0.07555833333333334,neutrals
data/latest/images/fashion_campaign_2026_c9302bd54f00c1fb.jpg,1,#56483e,0.600075,earth
data/latest/images/fashion_campaign_2026_c9302bd54f00c1fb.jpg,2,#18120e,0.182225,neutrals
data/latest/images/fashion_campaign_2026_c9302bd54f00c1fb.jpg,3,#d1aa4f,0.10065,earth
data/latest/images/fashion_campaign_2026_c9302bd54f00c1fb.jpg,4,#f6cd9d,0.06821666666666666,earth
data/latest/images/fashion_campaign_2026_c9302bd54f00c1fb.jpg,5,#9b7336,0.04883333333333333,earth
data/latest/images/editorial_fashion_2025_a32e3701c7788650.jpg,1,#e4ded7,0.4243416666666667,neutrals
data/latest/images/editorial_fashion_2025_a32e3701c7788650.jpg,2,#f8f4f3,0.3354416666666667,pastels
data/latest/images/editorial_fashion_2025_a32e3701c7788650.jpg,3,#1e1f1e,0.167,neutrals
data/latest/images/editorial_fashion_2025_a32e3701c7788650.jpg,4,#bdaa9f,0.03675833333333333,earth
data/latest/images/editorial_fashion_2025_a32e3701c7788650.jpg,5,#8b5f53,0.036458333333333336,primary/jewel
data/latest/images/Tokyo_Fashion_Week_backstage_2025_7bc9aedea6fd6ade.jpg,1,#dce2e2,0.7159333333333333,neutrals
data/latest/images/Tokyo_Fashion_Week_backstage_2025_7bc9aedea6fd6ade.jpg,2,#bccbd5,0.11614166666666667,blue/purple
data/latest/images/Tokyo_Fashion_Week_backstage_2025_7bc9aedea6fd6ade.jpg,3,#2a344c,0.07895833333333334,blue/purple
data/latest/images/Tokyo_Fashion_Week_backstage_2025_7bc9aedea6fd6ade.jpg,4,#88939c,0.055475,blue/purple
data/latest/images/Tokyo_Fashion_Week_backstage_2025_7bc9aedea6fd6ade.jpg,5,#556d8e,0.03349166666666667,blue/purple
data/latest/images/New_York_Fashion_Week_runway_2025_1f59ba7170441e0f.jpg,1,#c7c9c7,0.31578333333333336,neutrals
data/latest/images/New_York_Fashion_Week_runway_2025_1f59ba7170441e0f.jpg,2,#121212,0.17558333333333334,neutrals
data/latest/images/New_York_Fashion_Week_runway_2025_1f59ba7170441e0f.jpg,3,#5a4f4b,0.17430833333333334,earth
data/latest/images/New_York_Fashion_Week_runway_2025_1f59ba7170441e0f.jpg,4,#332b2d,0.16716666666666666,primary/jewel
data/latest/images/New_York_Fashion_Week_runway_2025_1f59ba7170441e0f.jpg,5,#937d74,0.16715833333333333,earth
data/latest/images/Copenhagen_Fashion_Week_street_style_2026_4a67702a53361641.jpg,1,#aaa69f,0.2989833333333333,neutrals
data/latest/images/Copenhagen_Fashion_Week_street_style_2026_4a67702a53361641.jpg,2,#f4f8f9,0.29336666666666666,pastels
data/latest/images/Copenhagen_Fashion_Week_street_style_2026_4a67702a53361641.jpg,3,#896f59,0.17214166666666667,earth
data/latest/images/Copenhagen_Fashion_Week_street_style_2026_4a67702a53361641.jpg,4,#0d1012,0.14841666666666667,neutrals
data/latest/images/Copenhagen_Fashion_Week_street_style_2026_4a67702a53361641.jpg,5,#3f3c39,0.08709166666666666,earth
data/latest/images/Milan_Fashion_Week_runway_2025_a51e357136199a00.jpg,1,#0b0b0b,0.44319166666666665,neutrals
data/latest/images/Milan_Fashion_Week_runway_2025_a51e357136199a00.jpg,2,#9b9393,0.22463333333333332,neutrals
data/latest/images/Milan_Fashion_Week_runway_2025_a51e357136199a00.jpg,3,#bebab7,0.17150833333333335,neutrals
data/latest/images/Milan_Fashion_Week_runway_2025_a51e357136199a00.jpg,4,#403530,0.11418333333333333,earth
data/latest/images/Milan_Fashion_Week_runway_2025_a51e357136199a00.jpg,5,#df8e18,0.046483333333333335,neon
data/latest/images/editorial_fashion_2025_15b88d706ee32520.jpg,1,#09060a,0.32040833333333335,neutrals
data/latest/images/editorial_fashion_2025_15b88d706ee32520.jpg,2,#a29591,0.18824166666666667,primary/jewel
data/latest/images/editorial_fashion_2025_15b88d706ee32520.jpg,3,#3d302f,0.16759166666666667,primary/jewel
data/latest/images/editorial_fashion_2025_15b88d706ee32520.jpg,4,#7b5b52,0.16705833333333334,primary/jewel
data/latest/images/editorial_fashion_2025_15b88d706ee32520.jpg,5,#dad2ca,0.1567,neutrals
data/latest/images/London_Fashion_Week_runway_2025_426b570262655586.webp,1,#1c1409,0.29363333333333336,neutrals
data/latest/images/London_Fashion_Week_runway_2025_426b570262655586.webp,2,#d0a784,0.22100833333333333,earth
data/latest/images/London_Fashion_Week_runway_2025_426b570262655586.webp,3,#e6ccb6,0.19235,earth
data/latest/images/London_Fashion_Week_runway_2025_426b570262655586.webp,4,#674422,0.14849166666666666,earth
data/latest/images/London_Fashion_Week_runway_2025_426b570262655586.webp,5,#a17751,0.14451666666666665,earth
data/latest/images/Milan_Fashion_Week_runway_2025_d14ba859200bd8b9.jpg,1,#bc8f7a,0.28031666666666666,earth
data/latest/images/Milan_Fashion_Week_runway_2025_d14ba859200bd8b9.jpg,2,#191417,0.2562833333333333,neutrals
data/latest/images/Milan_Fashion_Week_runway_2025_d14ba859200bd8b9.jpg,3,#8d634d,0.195525,earth
data/latest/images/Milan_Fashion_Week_runway_2025_d14ba859200bd8b9.jpg,4,#3c2824,0.15691666666666668,primary/jewel
data/latest/images/Milan_Fashion_Week_runway_2025_d14ba859200bd8b9.jpg,5,#ddb0a9,0.11095833333333334,primary/jewel
data/latest/images/New_York_Fashion_Week_runway_2025_103017cc41e03fac.webp,1,#bdb9c2,0.3987583333333333,neutrals
data/latest/images/New_York_Fashion_Week_runway_2025_103017cc41e03fac.webp,2,#d8d3da,0.234525,neutrals
data/latest/images/New_York_Fashion_Week_runway_2025_103017cc41e03fac.webp,3,#1e1f23,0.17245,neutrals
data/latest/images/New_York_Fashion_Week_runway_2025_103017cc41e03fac.webp,4,#928385,0.10044166666666667,primary/jewel
data/latest/images/New_York_Fashion_Week_runway_2025_103017cc41e03fac.webp,5,#5a4946,0.093825,primary/jewel
data/latest/images/Paris_Fashion_Week_runway_2026_7cbf933c59bbecbd.jpg,1,#cc2b3a,0.3515583333333333,neon
data/latest/images/Paris_Fashion_Week_runway_2026_7cbf933c59bbecbd.jpg,2,#ded8d7,0.263125,neutrals
data/latest/images/Paris_Fashion_Week_runway_2026_7cbf933c59bbecbd.jpg,3,#30201d,0.15443333333333334,primary/jewel
data/latest/images/Paris_Fashion_Week_runway_2026_7cbf933c59bbecbd.jpg,4,#7a362d,0.13275,primary/jewel
data/latest/images/Paris_Fashion_Week_runway_2026_7cbf933c59bbecbd.jpg,5,#b48778,0.09813333333333334,earth
data/latest/images/Milan_Fashion_Week_runway_2025_ade72afd6e1b9837.jpg,1,#100b0f,0.5169583333333333,neutrals
data/latest/images/Milan_Fashion_Week_runway_2025_ade72afd6e1b9837.jpg,2,#332526,0.1738,primary/jewel
data/latest/images/Milan_Fashion_Week_runway_2025_ade72afd6e1b9837.jpg,3,#ceb7a9,0.12479166666666666,earth
data/latest/images/Milan_Fashion_Week_runway_2025_ade72afd6e1b9837.jpg,4,#58403d,0.10983333333333334,primary/jewel
data/latest/images/Milan_Fashion_Week_runway_2025_ade72afd6e1b9837.jpg,5,#967d73,0.07461666666666666,earth
data/latest/images/lookbook_fashion_2025_2a505eb203cd8328.jpg,1,#eeeaed,0.42259166666666664,pastels
data/latest/images/lookbook_fashion_2025_2a505eb203cd8328.jpg,2,#000204,0.3027,neutrals
data/latest/images/lookbook_fashion_2025_2a505eb203cd8328.jpg,3,#b8b3b0,0.19175833333333334,neutrals
data/latest/images/lookbook_fashion_2025_2a505eb203cd8328.jpg,4,#90725f,0.044533333333333334,earth
data/latest/images/lookbook_fashion_2025_2a505eb203cd8328.jpg,5,#352a26,0.03841666666666667,earth
data/latest/images/Seoul_Fashion_Week_runway_2026_80cdf04772dd7811.jpg,1,#ebe7e4,0.3700187969924812,pastels
data/latest/images/Seoul_Fashion_Week_runway_2026_80cdf04772dd7811.jpg,2,#6f5c53,0.2467642320085929,earth
data/latest/images/Seoul_Fashion_Week_runway_2026_80cdf04772dd7811.jpg,3,#af9b98,0.19143394199785177,primary/jewel
data/latest/images/Seoul_Fashion_Week_runway_2026_80cdf04772dd7811.jpg,4,#201717,0.15210794844253492,neutrals
data/latest/images/Seoul_Fashion_Week_runway_2026_80cdf04772dd7811.jpg,5,#dd3a35,0.0396750805585392,neon
data/latest/images/London_Fashion_Week_runway_2025_ea5fe1ce90a4a2f4.jpg,1,#45434c,0.337525,blue/purple
data/latest/images/London_Fashion_Week_runway_2025_ea5fe1ce90a4a2f4.jpg,2,#5d5964,0.33313333333333334,jewel
data/latest/images/London_Fashion_Week_runway_2025_ea5fe1ce90a4a2f4.jpg,3,#d9d5de,0.2429,neutrals
data/latest/images/London_Fashion_Week_runway_2025_ea5fe1ce90a4a2f4.jpg,4,#c2959b,0.051416666666666666,primary/jewel
data/latest/images/London_Fashion_Week_runway_2025_ea5fe1ce90a4a2f4.jpg,5,#b09cfb,0.035025,blue/purple
data/latest/images/Tokyo_Fashion_Week_backstage_2025_d862692716d8c746.jpg,1,#3e2d42,0.39705833333333335,primary/jewel
data/latest/images/Tokyo_Fashion_Week_backstage_2025_d862692716d8c746.jpg,2,#e8e4eb,0.2572833333333333,pastels
data/latest/images/Tokyo_Fashion_Week_backstage_2025_d862692716d8c746.jpg,3,#190d17,0.147925,neutrals
data/latest/images/Tokyo_Fashion_Week_backstage_2025_d862692716d8c746.jpg,4,#d0a8b1,0.1278,primary/jewel
data/latest/images/Tokyo_Fashion_Week_backstage_2025_d862692716d8c746.jpg,5,#765f72,0.06993333333333333,primary/jewel
data/latest/images/Seoul_Fashion_Week_backstage_2026_1f66d543cdad9ce4.webp,1,#beb6ac,0.26153333333333334,earth
data/latest/images/Seoul_Fashion_Week_backstage_2026_1f66d543cdad9ce4.webp,2,#141f1b,0.22710833333333333,neutrals
data/latest/images/Seoul_Fashion_Week_backstage_2026_1f66d543cdad9ce4.webp,3,#e6e6e6,0.212,pastels
data/latest/images/Seoul_Fashion_Week_backstage_2026_1f66d543cdad9ce4.webp,4,#928c84,0.210475,earth
data/latest/images/Seoul_Fashion_Week_backstage_2026_1f66d543cdad9ce4.webp,5,#62564b,0.08888333333333333,earth
data/latest/images/leopard_print_runway_1990s_4c33a16d2be523c9.jpg,1,#513b27,0.33484166666666665,earth
data/latest/images/leopard_print_runway_1990s_4c33a16d2be523c9.jpg,2,#aa967e,0.24441666666666667,earth
data/latest/images/leopard_print_runway_1990s_4c33a16d2be523c9.jpg,3,#806851,0.227575,earth
data/latest/images/leopard_print_runway_1990s_4c33a16d2be523c9.jpg,4,#241f1a,0.11581666666666666,neutrals
data/latest/images/leopard_print_runway_1990s_4c33a16d2be523c9.jpg,5,#dcdbd9,0.07735,neutrals
data/latest/images/Milan_Fashion_Week_runway_2025_59be1d1558b6fde6.jpg,1,#d3c1b4,0.3837,earth
data/latest/images/Milan_Fashion_Week_runway_2025_59be1d1558b6fde6.jpg,2,#231716,0.22088333333333332,neutrals
data/latest/images/Milan_Fashion_Week_runway_2025_59be1d1558b6fde6.jpg,3,#b69786,0.20736666666666667,earth
data/latest/images/Milan_Fashion_Week_runway_2025_59be1d1558b6fde6.jpg,4,#efeff5,0.09573333333333334,pastels
data/latest/images/Milan_Fashion_Week_runway_2025_59be1d1558b6fde6.jpg,5,#6f4938,0.09231666666666667,earth
data/latest/images/Milan_Fashion_Week_runway_2026_05bf53ae888796dc.jpg,1,#1d1a17,0.3253666666666667,neutrals
data/latest/images/Milan_Fashion_Week_runway_2026_05bf53ae888796dc.jpg,2,#bfb2a2,0.218275,earth
data/latest/images/Milan_Fashion_Week_runway_2026_05bf53ae888796dc.jpg,3,#968b7f,0.20214166666666666,earth
data/latest/images/Milan_Fashion_Week_runway_2026_05bf53ae888796dc.jpg,4,#d4d7d9,0.143075,neutrals
data/latest/images/Milan_Fashion_Week_runway_2026_05bf53ae888796dc.jpg,5,#5c564f,0.11114166666666667,earth
data/latest/images/New_York_Fashion_Week_street_style_2025_e166b8efb4e8a662.jpg,1,#0d0d0d,0.39526666666666666,neutrals
data/latest/images/New_York_Fashion_Week_street_style_2025_e166b8efb4e8a662.jpg,2,#2e2421,0.21876666666666666,primary/jewel
data/latest/images/New_York_Fashion_Week_street_style_2025_e166b8efb4e8a662.jpg,3,#5a4339,0.157975,earth
data/latest/images/New_York_Fashion_Week_street_style_2025_e166b8efb4e8a662.jpg,4,#886856,0.134525,earth
data/latest/images/New_York_Fashion_Week_street_style_2025_e166b8efb4e8a662.jpg,5,#aca09d,0.09346666666666667,primary/jewel
data/latest/images/vogue_runway_emerald_dress_6542aa8872bd2a86.jpg,1,#181f24,0.3019,neutrals
data/latest/images/vogue_runway_emerald_dress_6542aa8872bd2a86.jpg,2,#cfb093,0.22673333333333334,earth
data/latest/images/vogue_runway_emerald_dress_6542aa8872bd2a86.jpg,3,#3c504f,0.20001666666666668,blue/purple
data/latest/images/vogue_runway_emerald_dress_6542aa8872bd2a86.jpg,4,#917b6b,0.140925,earth
data/latest/images/vogue_runway_emerald_dress_6542aa8872bd2a86.jpg,5,#f3e4d7,0.130425,pastels
data/latest/images/Gucci_Fall_2013_runway_546df877241bfb98.jpg,1,#0d1117,0.6171833333333333,neutrals
data/latest/images/Gucci_Fall_2013_runway_546df877241bfb98.jpg,2,#1e1d28,0.20825,neutrals
data/latest/images/Gucci_Fall_2013_runway_546df877241bfb98.jpg,3,#59223f,0.12855,primary/jewel
data/latest/images/Gucci_Fall_2013_runway_546df877241bfb98.jpg,4,#6b677f,0.0326,blue/purple
data/latest/images/Gucci_Fall_2013_runway_546df877241bfb98.jpg,5,#ced0d9,0.013416666666666667,neutrals
data/latest/images/New_York_Fashion_Week_runway_2025_02e397debe3fd332.jpg,1,#0c0d0f,0.4567583333333333,neutrals
data/latest/images/New_York_Fashion_Week_runway_2025_02e397debe3fd332.jpg,2,#252523,0.20231666666666667,neutrals
data/latest/images/New_York_Fashion_Week_runway_2025_02e397debe3fd332.jpg,3,#eaeae4,0.14860833333333334,pastels
data/latest/images/New_York_Fashion_Week_runway_2025_02e397debe3fd332.jpg,4,#54534d,0.11325833333333334,earth
data/latest/images/New_York_Fashion_Week_runway_2025_02e397debe3fd332.jpg,5,#a19792,0.07905833333333333,earth
data/latest/images/runway_backstage_fashion_2025_f0f865c1e0e6967a.jpg,1,#131212,0.31935,neutrals
data/latest/images/runway_backstage_fashion_2025_f0f865c1e0e6967a.jpg,2,#68686e,0.26398333333333335,neutrals
data/latest/images/runway_backstage_fashion_2025_f0f865c1e0e6967a.jpg,3,#413d3e,0.20439166666666667,neutrals
data/latest/images/runway_backstage_fashion_2025_f0f865c1e0e6967a.jpg,4,#dedede,0.149725,neutrals
data/latest/images/runway_backstage_fashion_2025_f0f865c1e0e6967a.jpg,5,#b99485,0.06255,earth
data/latest/images/runway_fashion_2025_c80261de6618f37a.jpg,1,#151216,0.2915,neutrals
data/latest/images/runway_fashion_2025_c80261de6618f37a.jpg,2,#5a3d2b,0.24069166666666666,earth
data/latest/images/runway_fashion_2025_c80261de6618f37a.jpg,3,#805f45,0.21983333333333333,earth
data/latest/images/runway_fashion_2025_c80261de6618f37a.jpg,4,#302525,0.21876666666666666,primary/jewel
data/latest/images/runway_fashion_2025_c80261de6618f37a.jpg,5,#acbec0,0.029208333333333333,blue/purple
data/latest/images/Tokyo_Fashion_Week_backstage_2025_ccae34ed2a9d2f8c.png,1,#6b6e59,0.2909333333333333,earth
data/latest/images/Tokyo_Fashion_Week_backstage_2025_ccae34ed2a9d2f8c.png,2,#434a3d,0.28855,green/blue
data/latest/images/Tokyo_Fashion_Week_backstage_2025_ccae34ed2a9d2f8c.png,3,#1b2822,0.20588333333333333,neutrals
data/latest/images/Tokyo_Fashion_Week_backstage_2025_ccae34ed2a9d2f8c.png,4,#9c9772,0.12830833333333333,earth
data/latest/images/Tokyo_Fashion_Week_backstage_2025_ccae34ed2a9d2f8c.png,5,#eadea8,0.086325,earth
data/latest/images/Sydney_Fashion_Week_backstage_2025_6a5716916d0a6a07.jpg,1,#f7f7fb,0.707825,pastels
data/latest/images/Sydney_Fashion_Week_backstage_2025_6a5716916d0a6a07.jpg,2,#dbd4d2,0.13800833333333334,neutrals
data/latest/images/Sydney_Fashion_Week_backstage_2025_6a5716916d0a6a07.jpg,3,#c8b1a3,0.09095,earth
data/latest/images/Sydney_Fashion_Week_backstage_2025_6a5716916d0a6a07.jpg,4,#96827e,0.04090833333333333,primary/jewel
data/latest/images/Sydney_Fashion_Week_backstage_2025_6a5716916d0a6a07.jpg,5,#3d3a3c,0.022308333333333333,neutrals
data/latest/images/Seoul_Fashion_Week_street_style_2025_5b5c637fc710e931.jpg,1,#dbcfce,0.34785,neutrals
data/latest/images/Seoul_Fashion_Week_street_style_2025_5b5c637fc710e931.jpg,2,#f2eef1,0.19885833333333333,pastels
data/latest/images/Seoul_Fashion_Week_street_style_2025_5b5c637fc710e931.jpg,3,#b99a89,0.19733333333333333,earth
data/latest/images/Seoul_Fashion_Week_street_style_2025_5b5c637fc710e931.jpg,4,#2b2525,0.16276666666666667,neutrals
data/latest/images/Seoul_Fashion_Week_street_style_2025_5b5c637fc710e931.jpg,5,#755b4a,0.09319166666666667,earth
data/latest/images/Seoul_Fashion_Week_backstage_2026_42ba9a664d2b6974.jpg,1,#5b5d57,0.2953,neutrals
data/latest/images/Seoul_Fashion_Week_backstage_2026_42ba9a664d2b6974.jpg,2,#1b1c1d,0.259125,neutrals
data/latest/images/Seoul_Fashion_Week_backstage_2026_42ba9a664d2b6974.jpg,3,#97836d,0.175925,earth
data/latest/images/Seoul_Fashion_Week_backstage_2026_42ba9a664d2b6974.jpg,4,#e7f0f0,0.13491666666666666,pastels
data/latest/images/Seoul_Fashion_Week_backstage_2026_42ba9a664d2b6974.jpg,5,#a9b7ab,0.13473333333333334,neutrals
data/latest/images/New_York_Fashion_Week_street_style_2025_dfa2ddce4e0cb5d7.jpg,1,#817f74,0.3289916666666667,earth
data/latest/images/New_York_Fashion_Week_street_style_2025_dfa2ddce4e0cb5d7.jpg,2,#131512,0.24420833333333333,neutrals
data/latest/images/New_York_Fashion_Week_street_style_2025_dfa2ddce4e0cb5d7.jpg,3,#a49d90,0.23416666666666666,earth
data/latest/images/New_York_Fashion_Week_street_style_2025_dfa2ddce4e0cb5d7.jpg,4,#3e3e39,0.10296666666666666,earth
data/latest/images/New_York_Fashion_Week_street_style_2025_dfa2ddce4e0cb5d7.jpg,5,#d1c9b9,0.08966666666666667,earth
data/latest/images/lookbook_fashion_2026_235b8b5dbebdb5b0.jpg,1,#150d08,0.355575,neutrals
data/latest/images/lookbook_fashion_2026_235b8b5dbebdb5b0.jpg,2,#392616,0.270175,earth
data/latest/images/lookbook_fashion_2026_235b8b5dbebdb5b0.jpg,3,#593e28,0.17671666666666666,earth
data/latest/images/lookbook_fashion_2026_235b8b5dbebdb5b0.jpg,4,#92694b,0.11034166666666667,earth
data/latest/images/lookbook_fashion_2026_235b8b5dbebdb5b0.jpg,5,#e5be9d,0.08719166666666667,earth
data/latest/images/Sydney_Fashion_Week_runway_2025_b4bd35b7aea3c099.jpg,1,#0a0714,0.344775,neutrals
data/latest/images/Sydney_Fashion_Week_runway_2025_b4bd35b7aea3c099.jpg,2,#fcfdff,0.227875,pastels
data/latest/images/Sydney_Fashion_Week_runway_2025_b4bd35b7aea3c099.jpg,3,#31313f,0.16771666666666665,blue/purple
data/latest/images/Sydney_Fashion_Week_runway_2025_b4bd35b7aea3c099.jpg,4,#4f5768,0.167575,blue/purple
data/latest/images/Sydney_Fashion_Week_runway_2025_b4bd35b7aea3c099.jpg,5,#acafb8,0.09205833333333334,neutrals
data/latest/images/Balmain_burgundy_runway_2025_99bfb5f0d2bcc221.jpg,1,#c6b9b1,0.2643333333333333,earth
data/latest/images/Balmain_burgundy_runway_2025_99bfb5f0d2bcc221.jpg,2,#090906,0.19791666666666666,neutrals
data/latest/images/Balmain_burgundy_runway_2025_99bfb5f0d2bcc221.jpg,3,#2c2724,0.194625,neutrals
data/latest/images/Balmain_burgundy_runway_2025_99bfb5f0d2bcc221.jpg,4,#7e726e,0.18634166666666666,earth
data/latest/images/Balmain_burgundy_runway_2025_99bfb5f0d2bcc221.jpg,5,#5d4c44,0.15678333333333333,earth
data/latest/images/runway_backstage_fashion_2025_368f947963ee1683.jpg,1,#060606,0.454575,neutrals
data/latest/images/runway_backstage_fashion_2025_368f947963ee1683.jpg,2,#a5c4bd,0.2748583333333333,blue/purple
data/latest/images/runway_backstage_fashion_2025_368f947963ee1683.jpg,3,#2b2928,0.11946666666666667,neutrals
data/latest/images/runway_backstage_fashion_2025_368f947963ee1683.jpg,4,#ae8a7a,0.09933333333333333,earth
data/latest/images/runway_backstage_fashion_2025_368f947963ee1683.jpg,5,#7b482c,0.05176666666666667,earth
data/latest/images/London_Fashion_Week_street_style_2025_4d41b77e167f3222.jpg,1,#161110,0.39918333333333333,neutrals
data/latest/images/London_Fashion_Week_street_style_2025_4d41b77e167f3222.jpg,2,#342622,0.23178333333333334,primary/jewel
data/latest/images/London_Fashion_Week_street_style_2025_4d41b77e167f3222.jpg,3,#594542,0.148025,primary/jewel
data/latest/images/London_Fashion_Week_street_style_2025_4d41b77e167f3222.jpg,4,#e6e3e4,0.141625,pastels
data/latest/images/London_Fashion_Week_street_style_2025_4d41b77e167f3222.jpg,5,#8e7772,0.07938333333333333,primary/jewel
data/latest/images/London_Fashion_Week_runway_2025_23b0703485a17d56.jpg,1,#0f0a09,0.280425,neutrals
data/latest/images/London_Fashion_Week_runway_2025_23b0703485a17d56.jpg,2,#612918,0.235975,primary/jewel
data/latest/images/London_Fashion_Week_runway_2025_23b0703485a17d56.jpg,3,#705e4f,0.203975,earth
data/latest/images/London_Fashion_Week_runway_2025_23b0703485a17d56.jpg,4,#908071,0.16228333333333333,earth
data/latest/images/London_Fashion_Week_runway_2025_23b0703485a17d56.jpg,5,#331e17,0.11734166666666666,earth
data/latest/images/London_Fashion_Week_street_style_2025_2e94a0e83926ab27.jpg,1,#e8dfcb,0.2771416666666667,pastels
data/latest/images/London_Fashion_Week_street_style_2025_2e94a0e83926ab27.jpg,2,#181516,0.23198333333333335,neutrals
data/latest/images/London_Fashion_Week_street_style_2025_2e94a0e83926ab27.jpg,3,#c8b190,0.19954166666666667,earth
data/latest/images/London_Fashion_Week_street_style_2025_2e94a0e83926ab27.jpg,4,#9b8062,0.15463333333333334,earth
data/latest/images/London_Fashion_Week_street_style_2025_2e94a0e83926ab27.jpg,5,#4c3d32,0.1367,earth
data/latest/images/Copenhagen_Fashion_Week_street_style_2026_564f2afba2494648.png,1,#3c3e3c,0.2363,neutrals
data/latest/images/Copenhagen_Fashion_Week_street_style_2026_564f2afba2494648.png,2,#5e5c59,0.23350833333333335,neutrals
data/latest/images/Copenhagen_Fashion_Week_street_style_2026_564f2afba2494648.png,3,#838385,0.21155833333333332,neutrals
data/latest/images/Copenhagen_Fashion_Week_street_style_2026_564f2afba2494648.png,4,#1d1e1f,0.193425,neutrals
data/latest/images/Copenhagen_Fashion_Week_street_style_2026_564f2afba2494648.png,5,#a5aaaf,0.12520833333333334,neutrals
data/latest/images/Tokyo_Fashion_Week_backstage_2025_5a034afbd7b41439.png,1,#020202,0.6844995408631772,neutrals
data/latest/images/Tokyo_Fashion_Week_backstage_2025_5a034afbd7b41439.png,2,#4c484c,0.14130394857667586,neutrals
data/latest/images/Tokyo_Fashion_Week_backstage_2025_5a034afbd7b41439.png,3,#312923,0.12366391184573003,earth
data/latest/images/Tokyo_Fashion_Week_backstage_2025_5a034afbd7b41439.png,4,#836a57,0.041074380165289255,earth
data/latest/images/Tokyo_Fashion_Week_backstage_2025_5a034afbd7b41439.png,5,#d4ad97,0.00945821854912764,earth
data/latest/images/Chanel_haute_couture_2020_eb1bfd2be5f04b2d.jpg,1,#e3ded9,0.21345,neutrals
data/latest/images/Chanel_haute_couture_2020_eb1bfd2be5f04b2d.jpg,2,#b2a99e,0.2092,earth
data/latest/images/Chanel_haute_couture_2020_eb1bfd2be5f04b2d.jpg,3,#4e4e3a,0.199625,earth
data/latest/images/Chanel_haute_couture_2020_eb1bfd2be5f04b2d.jpg,4,#797562,0.19225,earth
data/latest/images/Chanel_haute_couture_2020_eb1bfd2be5f04b2d.jpg,5,#23291f,0.185475,neutrals
data/latest/images/Seoul_Fashion_Week_runway_2026_4d1cf245b7bba47d.jpg,1,#544d53,0.26819166666666666,primary/jewel
data/latest/images/Seoul_Fashion_Week_runway_2026_4d1cf245b7bba47d.jpg,2,#393539,0.25035833333333335,neutrals
data/latest/images/Seoul_Fashion_Week_runway_2026_4d1cf245b7bba47d.jpg,3,#44517c,0.20349166666666665,blue/purple
data/latest/images/Seoul_Fashion_Week_runway_2026_4d1cf245b7bba47d.jpg,4,#9396a8,0.17369166666666666,blue/purple
data/latest/images/Seoul_Fashion_Week_runway_2026_4d1cf245b7bba47d.jpg,5,#bbbed1,0.10426666666666666,blue/purple
data/latest/images/New_York_Fashion_Week_runway_2025_90c5e05f48607dba.jpg,1,#4c3e32,0.2539416666666667,earth
data/latest/images/New_York_Fashion_Week_runway_2025_90c5e05f48607dba.jpg,2,#2b221b,0.25355833333333333,neutrals
data/latest/images/New_York_Fashion_Week_runway_2025_90c5e05f48607dba.jpg,3,#7c6750,0.21865,earth
data/latest/images/New_York_Fashion_Week_runway_2025_90c5e05f48607dba.jpg,4,#120e0d,0.20661666666666667,neutrals
data/latest/images/New_York_Fashion_Week_runway_2025_90c5e05f48607dba.jpg,5,#e7cbba,0.06723333333333334,earth
data/latest/images/lookbook_fashion_2025_d9c3a7859be46625.jpg,1,#505157,0.3894666666666667,blue/purple
data/latest/images/lookbook_fashion_2025_d9c3a7859be46625.jpg,2,#737276,0.26045,neutrals
data/latest/images/lookbook_fashion_2025_d9c3a7859be46625.jpg,3,#dddfe2,0.21400833333333333,neutrals
data/latest/images/lookbook_fashion_2025_d9c3a7859be46625.jpg,4,#1c1d23,0.08859166666666667,neutrals
data/latest/images/lookbook_fashion_2025_d9c3a7859be46625.jpg,5,#53f4dd,0.047483333333333336,blue/purple
data/latest/images/Tokyo_Fashion_Week_runway_2026_52cfc956da81b18e.jpg,1,#2a1f19,0.3398,neutrals
data/latest/images/Tokyo_Fashion_Week_runway_2026_52cfc956da81b18e.jpg,2,#b1b2b7,0.27985,neutrals
data/latest/images/Tokyo_Fashion_Week_runway_2026_52cfc956da81b18e.jpg,3,#61554a,0.174525,earth
data/latest/images/Tokyo_Fashion_Week_runway_2026_52cfc956da81b18e.jpg,4,#8a8681,0.16369166666666668,neutrals
data/latest/images/Tokyo_Fashion_Week_runway_2026_52cfc956da81b18e.jpg,5,#f5f5f1,0.042133333333333335,pastels
data/latest/images/lookbook_fashion_2026_4dc386aa674b1d72.jpg,1,#c3c2ca,0.6967166666666667,neutrals
data/latest/images/lookbook_fashion_2026_4dc386aa674b1d72.jpg,2,#9e6e5f,0.10019166666666666,primary/jewel
data/latest/images/lookbook_fashion_2026_4dc386aa674b1d72.jpg,3,#48343e,0.08959166666666667,primary/jewel
data/latest/images/lookbook_fashion_2026_4dc386aa674b1d72.jpg,4,#496fa5,0.07285,blue/purple
data/latest/images/lookbook_fashion_2026_4dc386aa674b1d72.jpg,5,#c1b755,0.04065,earth
data/latest/images/Sydney_Fashion_Week_backstage_2025_bf809a342974b80c.webp,1,#706f66,0.23159166666666667,earth
data/latest/images/Sydney_Fashion_Week_backstage_2025_bf809a342974b80c.webp,2,#111214,0.21891666666666668,neutrals
data/latest/images/Sydney_Fashion_Week_backstage_2025_bf809a342974b80c.webp,3,#aa9e95,0.20186666666666667,earth
data/latest/images/Sydney_Fashion_Week_backstage_2025_bf809a342974b80c.webp,4,#e0dbdc,0.17556666666666668,neutrals
data/latest/images/Sydney_Fashion_Week_backstage_2025_bf809a342974b80c.webp,5,#2d3639,0.17205833333333334,blue/purple
data/latest/images/Seoul_Fashion_Week_runway_2026_3a1ef37f0b787558.jpg,1,#d7cfc9,0.375875,neutrals
data/latest/images/Seoul_Fashion_Week_runway_2026_3a1ef37f0b787558.jpg,2,#2d180d,0.2044,neutrals
data/latest/images/Seoul_Fashion_Week_runway_2026_3a1ef37f0b787558.jpg,3,#5f3a23,0.16236666666666666,earth
data/latest/images/Seoul_Fashion_Week_runway_2026_3a1ef37f0b787558.jpg,4,#baa99a,0.14065833333333333,earth
data/latest/images/Seoul_Fashion_Week_runway_2026_3a1ef37f0b787558.jpg,5,#8e6c50,0.1167,earth
data/latest/images/Balmain_burgundy_runway_2025_37ce611271db91f6.jpg,1,#ece4de,0.3211,pastels
data/latest/images/Balmain_burgundy_runway_2025_37ce611271db91f6.jpg,2,#121718,0.30451666666666666,neutrals
data/latest/images/Balmain_burgundy_runway_2025_37ce611271db91f6.jpg,3,#5c5b5f,0.24328333333333332,neutrals
data/latest/images/Balmain_burgundy_runway_2025_37ce611271db91f6.jpg,4,#363230,0.06990833333333334,earth
data/latest/images/Balmain_burgundy_runway_2025_37ce611271db91f6.jpg,5,#b9ada4,0.061191666666666665,earth
data/latest/images/Seoul_Fashion_Week_backstage_2026_53a783147d7045f8.jpg,1,#161720,0.24295,neutrals
data/latest/images/Seoul_Fashion_Week_backstage_2026_53a783147d7045f8.jpg,2,#3b3e47,0.214525,blue/purple
data/latest/images/Seoul_Fashion_Week_backstage_2026_53a783147d7045f8.jpg,3,#a69fa3,0.20928333333333332,neutrals
data/latest/images/Seoul_Fashion_Week_backstage_2026_53a783147d7045f8.jpg,4,#727178,0.19868333333333332,neutrals
data/latest/images/Seoul_Fashion_Week_backstage_2026_53a783147d7045f8.jpg,5,#d9d8e0,0.13455833333333334,neutrals
data/latest/images/Seoul_Fashion_Week_street_style_2025_770e0efe0c26989f.png,1,#3d4143,0.26514166666666666,blue/purple
data/latest/images/Seoul_Fashion_Week_street_style_2025_770e0efe0c26989f.png,2,#a0a19c,0.21353333333333332,neutrals
data/latest/images/Seoul_Fashion_Week_street_style_2025_770e0efe0c26989f.png,3,#15191c,0.19020833333333334,neutrals
data/latest/images/Seoul_Fashion_Week_street_style_2025_770e0efe0c26989f.png,4,#fafdff,0.16899166666666668,pastels
data/latest/images/Seoul_Fashion_Week_street_style_2025_770e0efe0c26989f.png,5,#646a67,0.162125,neutrals
data/latest/images/Copenhagen_Fashion_Week_street_style_2026_4db41a0c2f8380ea.jpg,1,#b0aca9,0.36123333333333335,neutrals
data/latest/images/Copenhagen_Fashion_Week_street_style_2026_4db41a0c2f8380ea.jpg,2,#948b87,0.23215,earth
data/latest/images/Copenhagen_Fashion_Week_street_style_2026_4db41a0c2f8380ea.jpg,3,#faf7f1,0.20178333333333334,pastels
data/latest/images/Copenhagen_Fashion_Week_street_style_2026_4db41a0c2f8380ea.jpg,4,#1e2022,0.11766666666666667,neutrals
data/latest/images/Copenhagen_Fashion_Week_street_style_2026_4db41a0c2f8380ea.jpg,5,#62544c,0.08716666666666667,earth
data/latest/images/leopard_print_runway_1990s_961377a67bc18b6e.jpg,1,#020305,0.48063333333333336,neutrals
data/latest/images/leopard_print_runway_1990s_961377a67bc18b6e.jpg,2,#5e5858,0.19705,neutrals
data/latest/images/leopard_print_runway_1990s_961377a67bc18b6e.jpg,3,#937765,0.11028333333333333,earth
data/latest/images/leopard_print_runway_1990s_961377a67bc18b6e.jpg,4,#3a2c22,0.11005,earth
data/latest/images/leopard_print_runway_1990s_961377a67bc18b6e.jpg,5,#b89c87,0.10198333333333333,earth
data/latest/images/leopard_print_runway_1990s_bcc93e40f2ea06bf.jpg,1,#ccc8c5,0.477925,neutrals
data/latest/images/leopard_print_runway_1990s_bcc93e40f2ea06bf.jpg,2,#37312c,0.152125,earth
data/latest/images/leopard_print_runway_1990s_bcc93e40f2ea06bf.jpg,3,#b89685,0.15130833333333332,earth
data/latest/images/leopard_print_runway_1990s_bcc93e40f2ea06bf.jpg,4,#725a4f,0.1359,earth
data/latest/images/leopard_print_runway_1990s_bcc93e40f2ea06bf.jpg,5,#151313,0.08274166666666667,neutrals
data/latest/images/Los_Angeles_Fashion_Week_backstage_2026_dfd65c3979c41c1c.jpg,1,#080c11,0.6001083333333334,neutrals
data/latest/images/Los_Angeles_Fashion_Week_backstage_2026_dfd65c3979c41c1c.jpg,2,#362222,0.133325,primary/jewel
data/latest/images/Los_Angeles_Fashion_Week_backstage_2026_dfd65c3979c41c1c.jpg,3,#5a3d39,0.1042,primary/jewel
data/latest/images/Los_Angeles_Fashion_Week_backstage_2026_dfd65c3979c41c1c.jpg,4,#856156,0.096475,primary/jewel
data/latest/images/Los_Angeles_Fashion_Week_backstage_2026_dfd65c3979c41c1c.jpg,5,#928f8e,0.06589166666666667,neutrals
data/latest/images/leopard_print_runway_1990s_756cf2daa7245caf.jpg,1,#b1aeb2,0.31340833333333334,neutrals
data/latest/images/leopard_print_runway_1990s_756cf2daa7245caf.jpg,2,#8b8480,0.29484166666666667,neutrals
data/latest/images/leopard_print_runway_1990s_756cf2daa7245caf.jpg,3,#63503a,0.14399166666666666,earth
data/latest/images/leopard_print_runway_1990s_756cf2daa7245caf.jpg,4,#e6e5e3,0.12419166666666667,pastels
data/latest/images/leopard_print_runway_1990s_756cf2daa7245caf.jpg,5,#1b160f,0.12356666666666667,neutrals
data/latest/images/editorial_fashion_2025_e10958537accae45.jpg,1,#ae9780,0.29999166666666666,earth
data/latest/images/editorial_fashion_2025_e10958537accae45.jpg,2,#877763,0.24585,earth
data/latest/images/editorial_fashion_2025_e10958537accae45.jpg,3,#d8d0cc,0.17444166666666666,neutrals
data/latest/images/editorial_fashion_2025_e10958537accae45.jpg,4,#5e4b32,0.17090833333333333,earth
data/latest/images/editorial_fashion_2025_e10958537accae45.jpg,5,#262017,0.10880833333333334,neutrals
data/latest/images/vogue_runway_emerald_dress_ed1a4dab4ec12780.jpg,1,#7d7a79,0.6022416666666667,neutrals
data/latest/images/vogue_runway_emerald_dress_ed1a4dab4ec12780.jpg,2,#bcb3a7,0.15466666666666667,earth
data/latest/images/vogue_runway_emerald_dress_ed1a4dab4ec12780.jpg,3,#21261f,0.103775,neutrals
data/latest/images/vogue_runway_emerald_dress_ed1a4dab4ec12780.jpg,4,#bc8d6f,0.09755833333333333,earth
data/latest/images/vogue_runway_emerald_dress_ed1a4dab4ec12780.jpg,5,#714a3c,0.041758333333333335,earth
data/latest/images/Seoul_Fashion_Week_street_style_2025_197ecb3a8c99cbd3.jpg,1,#e1d8cc,0.285925,earth
data/latest/images/Seoul_Fashion_Week_street_style_2025_197ecb3a8c99cbd3.jpg,2,#6f503f,0.23230833333333334,earth
data/latest/images/Seoul_Fashion_Week_street_style_2025_197ecb3a8c99cbd3.jpg,3,#a79a90,0.21595,earth
data/latest/images/Seoul_Fashion_Week_street_style_2025_197ecb3a8c99cbd3.jpg,4,#e5891c,0.14315833333333333,neon
data/latest/images/Seoul_Fashion_Week_street_style_2025_197ecb3a8c99cbd3.jpg,5,#1e1b1d,0.12265833333333333,neutrals
data/latest/images/leopard_print_runway_1990s_63efbde68d3d3b02.jpg,1,#171619,0.32088333333333335,neutrals
data/latest/images/leopard_print_runway_1990s_63efbde68d3d3b02.jpg,2,#3c2e27,0.24285,earth
data/latest/images/leopard_print_runway_1990s_63efbde68d3d3b02.jpg,3,#ad8a67,0.15108333333333332,earth
data/latest/images/leopard_print_runway_1990s_63efbde68d3d3b02.jpg,4,#d1bca0,0.14583333333333334,earth
data/latest/images/leopard_print_runway_1990s_63efbde68d3d3b02.jpg,5,#71573e,0.13935,earth
data/latest/images/Los_Angeles_Fashion_Week_backstage_2026_cc7aa20cd3eb227c.jpg,1,#ece8e5,0.38745833333333335,pastels
data/latest/images/Los_Angeles_Fashion_Week_backstage_2026_cc7aa20cd3eb227c.jpg,2,#725f56,0.24203333333333332,earth
data/latest/images/Los_Angeles_Fashion_Week_backstage_2026_cc7aa20cd3eb227c.jpg,3,#b19d9a,0.18256666666666665,primary/jewel
data/latest/images/Los_Angeles_Fashion_Week_backstage_2026_cc7aa20cd3eb227c.jpg,4,#201b1b,0.148225,neutrals
data/latest/images/Los_Angeles_Fashion_Week_backstage_2026_cc7aa20cd3eb227c.jpg,5,#e03a35,0.039716666666666664,neon
data/latest/images/Sydney_Fashion_Week_runway_2025_82ae5c7d9223c0a0.jpg,1,#0d0b06,0.41213333333333335,neutrals
data/latest/images/Sydney_Fashion_Week_runway_2025_82ae5c7d9223c0a0.jpg,2,#f6f2eb,0.19978333333333334,pastels
data/latest/images/Sydney_Fashion_Week_runway_2025_82ae5c7d9223c0a0.jpg,3,#302316,0.14575,earth
data/latest/images/Sydney_Fashion_Week_runway_2025_82ae5c7d9223c0a0.jpg,4,#584934,0.126625,earth
data/latest/images/Sydney_Fashion_Week_runway_2025_82ae5c7d9223c0a0.jpg,5,#83755d,0.11570833333333333,earth
data/latest/images/Seoul_Fashion_Week_backstage_2026_32fd04c4858b9450.jpg,1,#181d29,0.25138333333333335,neutrals
data/latest/images/Seoul_Fashion_Week_backstage_2026_32fd04c4858b9450.jpg,2,#3d404c,0.208975,blue/purple
data/latest/images/Seoul_Fashion_Week_backstage_2026_32fd04c4858b9450.jpg,3,#aaa2ab,0.20529166666666668,neutrals
data/latest/images/Seoul_Fashion_Week_backstage_2026_32fd04c4858b9450.jpg,4,#d6d7e3,0.17663333333333334,neutrals
data/latest/images/Seoul_Fashion_Week_backstage_2026_32fd04c4858b9450.jpg,5,#786c73,0.15771666666666667,primary/jewel
data/latest/images/Paris_Fashion_Week_runway_2026_73b3816e813aebdf.jpg,1,#afadb3,0.3763916666666667,neutrals
data/latest/images/Paris_Fashion_Week_runway_2026_73b3816e813aebdf.jpg,2,#cfcdd4,0.21040833333333334,neutrals
data/latest/images/Paris_Fashion_Week_runway_2026_73b3816e813aebdf.jpg,3,#645351,0.14213333333333333,primary/jewel
data/latest/images/Paris_Fashion_Week_runway_2026_73b3816e813aebdf.jpg,4,#92847a,0.13898333333333332,earth
data/latest/images/Paris_Fashion_Week_runway_2026_73b3816e813aebdf.jpg,5,#312a2f,0.13208333333333333,primary/jewel
data/latest/images/London_Fashion_Week_street_style_2025_2b6ed56c59233593.jpg,1,#bab09f,0.3235166666666667,earth
data/latest/images/London_Fashion_Week_street_style_2025_2b6ed56c59233593.jpg,2,#8f8682,0.23265833333333333,earth
data/latest/images/London_Fashion_Week_street_style_2025_2b6ed56c59233593.jpg,3,#605855,0.19571666666666668,earth
data/latest/images/London_Fashion_Week_street_style_2025_2b6ed56c59233593.jpg,4,#3e2f29,0.18663333333333335,earth
data/latest/images/London_Fashion_Week_street_style_2025_2b6ed56c59233593.jpg,5,#ecedeb,0.061475,pastels
data/latest/images/lookbook_fashion_2026_a750565042ae4c9f.jpg,1,#f4efe0,0.2818333333333333,pastels
data/latest/images/lookbook_fashion_2026_a750565042ae4c9f.jpg,2,#bf9875,0.212625,earth
data/latest/images/lookbook_fashion_2026_a750565042ae4c9f.jpg,3,#4e3932,0.21138333333333334,earth
data/latest/images/lookbook_fashion_2026_a750565042ae4c9f.jpg,4,#160e0e,0.2072,neutrals
data/latest/images/lookbook_fashion_2026_a750565042ae4c9f.jpg,5,#ba3322,0.08695833333333333,neon
data/latest/images/runway_fashion_2025_6261fb11c357cefe.webp,1,#bfada6,0.273625,earth
data/latest/images/runway_fashion_2025_6261fb11c357cefe.webp,2,#5c4e3d,0.23805,earth
data/latest/images/runway_fashion_2025_6261fb11c357cefe.webp,3,#dcd0cf,0.20925,neutrals
data/latest/images/runway_fashion_2025_6261fb11c357cefe.webp,4,#988677,0.16515833333333332,earth
data/latest/images/runway_fashion_2025_6261fb11c357cefe.webp,5,#211d1c,0.11391666666666667,neutrals
data/latest/images/runway_backstage_fashion_2025_4144a334c08bdfe6.jpg,1,#ae8b72,0.26895833333333335,earth
data/latest/images/runway_backstage_fashion_2025_4144a334c08bdfe6.jpg,2,#856853,0.23605,earth
data/latest/images/runway_backstage_fashion_2025_4144a334c08bdfe6.jpg,3,#d5c5bb,0.21578333333333333,earth
data/latest/images/runway_backstage_fashion_2025_4144a334c08bdfe6.jpg,4,#553b2c,0.152375,earth
data/latest/images/runway_backstage_fashion_2025_4144a334c08bdfe6.jpg,5,#16140f,0.12683333333333333,neutrals
data/latest/images/Chanel_haute_couture_2020_765b50fa0492c7a3.jpg,1,#bcbcc2,0.4827166666666667,neutrals
data/latest/images/Chanel_haute_couture_2020_765b50fa0492c7a3.jpg,2,#cbd3e1,0.2439,blue/purple
data/latest/images/Chanel_haute_couture_2020_765b50fa0492c7a3.jpg,3,#9e9a99,0.17056666666666667,neutrals
data/latest/images/Chanel_haute_couture_2020_765b50fa0492c7a3.jpg,4,#696a5d,0.06719166666666666,earth
data/latest/images/Chanel_haute_couture_2020_765b50fa0492c7a3.jpg,5,#32322f,0.035625,neutrals
data/latest/images/Sydney_Fashion_Week_runway_2025_e5e2cb0b19867c76.jpg,1,#f3f2fa,0.52895,pastels
data/latest/images/Sydney_Fashion_Week_runway_2025_e5e2cb0b19867c76.jpg,2,#ddd4db,0.18744166666666667,neutrals
data/latest/images/Sydney_Fashion_Week_runway_2025_e5e2cb0b19867c76.jpg,3,#b79e92,0.12375,earth
data/latest/images/Sydney_Fashion_Week_runway_2025_e5e2cb0b19867c76.jpg,4,#7a6960,0.107075,earth
data/latest/images/Sydney_Fashion_Week_runway_2025_e5e2cb0b19867c76.jpg,5,#383131,0.052783333333333335,primary/jewel
data/latest/images/runway_fashion_2025_a49e51709497dbb1.png,1,#cdcecc,0.37715,neutrals
data/latest/images/runway_fashion_2025_a49e51709497dbb1.png,2,#f4ede4,0.33443333333333336,pastels
data/latest/images/runway_fashion_2025_a49e51709497dbb1.png,3,#a38e7b,0.17630833333333334,earth
data/latest/images/runway_fashion_2025_a49e51709497dbb1.png,4,#e4c88f,0.065475,earth
data/latest/images/runway_fashion_2025_a49e51709497dbb1.png,5,#1a1d1c,0.04663333333333333,neutrals
data/latest/images/Paris_Fashion_Week_runway_2026_ab1c5d5000fd7094.webp,1,#1f2024,0.2733333333333333,neutrals
data/latest/images/Paris_Fashion_Week_runway_2026_ab1c5d5000fd7094.webp,2,#a59f9e,0.25374166666666664,neutrals
data/latest/images/Paris_Fashion_Week_runway_2026_ab1c5d5000fd7094.webp,3,#8f8a8b,0.21435,neutrals
data/latest/images/Paris_Fashion_Week_runway_2026_ab1c5d5000fd7094.webp,4,#6c6567,0.13131666666666666,neutrals
data/latest/images/Paris_Fashion_Week_runway_2026_ab1c5d5000fd7094.webp,5,#403c3f,0.12725833333333333,neutrals
data/latest/images/fashion_campaign_2026_f74383ed9955238d.jpg,1,#f3f1ee,0.667725,pastels
data/latest/images/fashion_campaign_2026_f74383ed9955238d.jpg,2,#e4dfda,0.20018333333333332,neutrals
data/latest/images/fashion_campaign_2026_f74383ed9955238d.jpg,3,#1a1d1c,0.07494166666666667,neutrals
data/latest/images/fashion_campaign_2026_f74383ed9955238d.jpg,4,#66615d,0.029625,earth
data/latest/images/fashion_campaign_2026_f74383ed9955238d.jpg,5,#bb9892,0.027525,primary/jewel
data/latest/images/leopard_print_runway_1990s_97658a2e51f24224.jpg,1,#0f0f0f,0.4363916666666667,neutrals
data/latest/images/leopard_print_runway_1990s_97658a2e51f24224.jpg,2,#d5d9c9,0.21895,neutrals
data/latest/images/leopard_print_runway_1990s_97658a2e51f24224.jpg,3,#2f2d29,0.143425,earth
data/latest/images/leopard_print_runway_1990s_97658a2e51f24224.jpg,4,#5e5442,0.13349166666666668,earth
data/latest/images/leopard_print_runway_1990s_97658a2e51f24224.jpg,5,#a29a89,0.06774166666666667,earth
data/latest/images/Chanel_haute_couture_2020_d7fdbdac0c08a099.jpg,1,#e7e2dd,0.28801666666666664,pastels
data/latest/images/Chanel_haute_couture_2020_d7fdbdac0c08a099.jpg,2,#3d1a0a,0.2535,earth
data/latest/images/Chanel_haute_couture_2020_d7fdbdac0c08a099.jpg,3,#7f5f49,0.18605,earth
data/latest/images/Chanel_haute_couture_2020_d7fdbdac0c08a099.jpg,4,#5d3c25,0.15370833333333334,earth
data/latest/images/Chanel_haute_couture_2020_d7fdbdac0c08a099.jpg,5,#a79890,0.118725,earth
data/latest/images/Seoul_Fashion_Week_street_style_2025_add3173e938a973e.webp,1,#989bac,0.305025,blue/purple
data/latest/images/Seoul_Fashion_Week_street_style_2025_add3173e938a973e.webp,2,#e4d4e3,0.2804,neutrals
data/latest/images/Seoul_Fashion_Week_street_style_2025_add3173e938a973e.webp,3,#c1b8c2,0.26321666666666665,neutrals
data/latest/images/Seoul_Fashion_Week_street_style_2025_add3173e938a973e.webp,4,#16161a,0.096525,neutrals
data/latest/images/Seoul_Fashion_Week_street_style_2025_add3173e938a973e.webp,5,#685b5e,0.05483333333333333,primary/jewel
data/latest/images/Milan_Fashion_Week_runway_2025_e9ae4cb8f72f0eff.jpg,1,#0f0301,0.34169166666666667,neutrals
data/latest/images/Milan_Fashion_Week_runway_2025_e9ae4cb8f72f0eff.jpg,2,#4d1b0e,0.22536666666666666,primary/jewel
data/latest/images/Milan_Fashion_Week_runway_2025_e9ae4cb8f72f0eff.jpg,3,#a25b45,0.20520833333333333,primary/jewel
data/latest/images/Milan_Fashion_Week_runway_2025_e9ae4cb8f72f0eff.jpg,4,#713524,0.13395,primary/jewel
data/latest/images/Milan_Fashion_Week_runway_2025_e9ae4cb8f72f0eff.jpg,5,#f1b5b6,0.09378333333333333,primary/jewel
data/latest/images/Tokyo_Fashion_Week_backstage_2025_88b7a1d23c92964e.jpg,1,#040807,0.6572166666666667,neutrals
data/latest/images/Tokyo_Fashion_Week_backstage_2025_88b7a1d23c92964e.jpg,2,#9e8068,0.1133,earth
data/latest/images/Tokyo_Fashion_Week_backstage_2025_88b7a1d23c92964e.jpg,3,#392f27,0.0928,earth
data/latest/images/Tokyo_Fashion_Week_backstage_2025_88b7a1d23c92964e.jpg,4,#6b5847,0.08614166666666667,earth
data/latest/images/Tokyo_Fashion_Week_backstage_2025_88b7a1d23c92964e.jpg,5,#d1bcb1,0.050541666666666665,earth
data/latest/images/Balmain_burgundy_runway_2025_b128957c7d0fb4e7.jpg,1,#dad8db,0.779075,neutrals
data/latest/images/Balmain_burgundy_runway_2025_b128957c7d0fb4e7.jpg,2,#801e27,0.07968333333333333,primary/jewel
data/latest/images/Balmain_burgundy_runway_2025_b128957c7d0fb4e7.jpg,3,#241f22,0.06478333333333333,neutrals
data/latest/images/Balmain_burgundy_runway_2025_b128957c7d0fb4e7.jpg,4,#595356,0.049525,neutrals
data/latest/images/Balmain_burgundy_runway_2025_b128957c7d0fb4e7.jpg,5,#b78c72,0.026933333333333333,earth
data/latest/images/Sydney_Fashion_Week_runway_2025_cb4c97e7b5075201.webp,1,#100b0f,0.3034833333333333,neutrals
data/latest/images/Sydney_Fashion_Week_runway_2025_cb4c97e7b5075201.webp,2,#cecfc5,0.235125,neutrals
data/latest/images/Sydney_Fashion_Week_runway_2025_cb4c97e7b5075201.webp,3,#b08560,0.16718333333333332,earth
data/latest/images/Sydney_Fashion_Week_runway_2025_cb4c97e7b5075201.webp,4,#5b4437,0.15349166666666667,earth
data/latest/images/Sydney_Fashion_Week_runway_2025_cb4c97e7b5075201.webp,5,#4280cf,0.14071666666666666,blue/purple
data/latest/images/Stockholm_Fashion_Week_street_style_2026_564f2afba2494648.png,1,#3c3e3c,0.2363,neutrals
data/latest/images/Stockholm_Fashion_Week_street_style_2026_564f2afba2494648.png,2,#5e5c59,0.23350833333333335,neutrals
data/latest/images/Stockholm_Fashion_Week_street_style_2026_564f2afba2494648.png,3,#838385,0.21155833333333332,neutrals
data/latest/images/Stockholm_Fashion_Week_street_style_2026_564f2afba2494648.png,4,#1d1e1f,0.193425,neutrals
data/latest/images/Stockholm_Fashion_Week_street_style_2026_564f2afba2494648.png,5,#a5aaaf,0.12520833333333334,neutrals
data/latest/images/Tokyo_Fashion_Week_runway_2026_1f2103212a347351.webp,1,#050e14,0.68355,neutrals
data/latest/images/Tokyo_Fashion_Week_runway_2026_1f2103212a347351.webp,2,#cb67a8,0.122475,primary/jewel
data/latest/images/Tokyo_Fashion_Week_runway_2026_1f2103212a347351.webp,3,#974876,0.08579166666666667,primary/jewel
data/latest/images/Tokyo_Fashion_Week_runway_2026_1f2103212a347351.webp,4,#4f3a4d,0.08193333333333333,primary/jewel
data/latest/images/Tokyo_Fashion_Week_runway_2026_1f2103212a347351.webp,5,#ebf0f3,0.02625,pastels
data/latest/images/Sydney_Fashion_Week_backstage_2025_3d6cddf1b080e5df.webp,1,#170e0a,0.35225833333333334,neutrals
data/latest/images/Sydney_Fashion_Week_backstage_2025_3d6cddf1b080e5df.webp,2,#483126,0.22224166666666667,earth
data/latest/images/Sydney_Fashion_Week_backstage_2025_3d6cddf1b080e5df.webp,3,#e8e3e0,0.220175,pastels
data/latest/images/Sydney_Fashion_Week_backstage_2025_3d6cddf1b080e5df.webp,4,#ccab8f,0.11274166666666667,earth
data/latest/images/Sydney_Fashion_Week_backstage_2025_3d6cddf1b080e5df.webp,5,#95664c,0.09258333333333334,earth
data/latest/images/New_York_Fashion_Week_runway_2025_99c9466ffa0e3a91.jpg,1,#191919,0.26985,neutrals
data/latest/images/New_York_Fashion_Week_runway_2025_99c9466ffa0e3a91.jpg,2,#d0cfcd,0.253175,neutrals
data/latest/images/New_York_Fashion_Week_runway_2025_99c9466ffa0e3a91.jpg,3,#a8a59e,0.16961666666666667,neutrals
data/latest/images/New_York_Fashion_Week_runway_2025_99c9466ffa0e3a91.jpg,4,#4c4742,0.16163333333333332,earth
data/latest/images/New_York_Fashion_Week_runway_2025_99c9466ffa0e3a91.jpg,5,#7e7973,0.145725,earth
data/latest/images/Tokyo_Fashion_Week_backstage_2025_f0a68ec13e56d2de.webp,1,#abbbda,0.2957416666666667,blue/purple
data/latest/images/Tokyo_Fashion_Week_backstage_2025_f0a68ec13e56d2de.webp,2,#7b87a2,0.23381666666666667,blue/purple
data/latest/images/Tokyo_Fashion_Week_backstage_2025_f0a68ec13e56d2de.webp,3,#e2ebf5,0.20525833333333332,pastels
data/latest/images/Tokyo_Fashion_Week_backstage_2025_f0a68ec13e56d2de.webp,4,#12161f,0.17256666666666667,neutrals
data/latest/images/Tokyo_Fashion_Week_backstage_2025_f0a68ec13e56d2de.webp,5,#464b5e,0.09261666666666667,blue/purple
data/latest/images/Tokyo_Fashion_Week_runway_2026_d24d1e4e87c65867.jpg,1,#8a837c,0.29206666666666664,earth
data/latest/images/Tokyo_Fashion_Week_runway_2026_d24d1e4e87c65867.jpg,2,#dbd6d1,0.22050833333333333,neutrals
data/latest/images/Tokyo_Fashion_Week_runway_2026_d24d1e4e87c65867.jpg,3,#716c66,0.20256666666666667,earth
data/latest/images/Tokyo_Fashion_Week_runway_2026_d24d1e4e87c65867.jpg,4,#aba7a4,0.15333333333333332,neutrals
data/latest/images/Tokyo_Fashion_Week_runway_2026_d24d1e4e87c65867.jpg,5,#36353a,0.131525,blue/purple
data/latest/images/Sydney_Fashion_Week_backstage_2025_82ae5c7d9223c0a0.jpg,1,#0d0b06,0.41213333333333335,neutrals
data/latest/images/Sydney_Fashion_Week_backstage_2025_82ae5c7d9223c0a0.jpg,2,#f6f2eb,0.19978333333333334,pastels
data/latest/images/Sydney_Fashion_Week_backstage_2025_82ae5c7d9223c0a0.jpg,3,#302316,0.14575,earth
data/latest/images/Sydney_Fashion_Week_backstage_2025_82ae5c7d9223c0a0.jpg,4,#584934,0.126625,earth
data/latest/images/Sydney_Fashion_Week_backstage_2025_82ae5c7d9223c0a0.jpg,5,#83755d,0.11570833333333333,earth
data/latest/images/Sydney_Fashion_Week_backstage_2025_4b0a3c97a1be7b9d.jpg,1,#030303,0.47220833333333334,neutrals
data/latest/images/Sydney_Fashion_Week_backstage_2025_4b0a3c97a1be7b9d.jpg,2,#cfdedf,0.237075,neutrals
data/latest/images/Sydney_Fashion_Week_backstage_2025_4b0a3c97a1be7b9d.jpg,3,#c7ab9d,0.1716,earth
data/latest/images/Sydney_Fashion_Week_backstage_2025_4b0a3c97a1be7b9d.jpg,4,#736c69,0.06730833333333333,earth
data/latest/images/Sydney_Fashion_Week_backstage_2025_4b0a3c97a1be7b9d.jpg,5,#acd04e,0.05180833333333333,green/blue
data/latest/images/fashion_campaign_2026_9eeec88931b25dac.jpg,1,#0a0d0d,0.2744083333333333,neutrals
data/latest/images/fashion_campaign_2026_9eeec88931b25dac.jpg,2,#7d7d7d,0.22210833333333332,neutrals
data/latest/images/fashion_campaign_2026_9eeec88931b25dac.jpg,3,#535555,0.1824,neutrals
data/latest/images/fashion_campaign_2026_9eeec88931b25dac.jpg,4,#2f3231,0.17729166666666665,neutrals
data/latest/images/fashion_campaign_2026_9eeec88931b25dac.jpg,5,#cecece,0.14379166666666668,neutrals
data/latest/images/editorial_fashion_2025_2cf122fa7243c8a5.jpg,1,#170d12,0.524625,neutrals
data/latest/images/editorial_fashion_2025_2cf122fa7243c8a5.jpg,2,#735b6f,0.18330833333333332,primary/jewel
data/latest/images/editorial_fashion_2025_2cf122fa7243c8a5.jpg,3,#5b1919,0.15401666666666666,primary/jewel
data/latest/images/editorial_fashion_2025_2cf122fa7243c8a5.jpg,4,#d12731,0.114075,neon
data/latest/images/editorial_fashion_2025_2cf122fa7243c8a5.jpg,5,#d4af9d,0.023975,earth
data/latest/images/Sydney_Fashion_Week_backstage_2025_5852b91b4dd1c4d8.webp,1,#8e8783,0.327175,neutrals
data/latest/images/Sydney_Fashion_Week_backstage_2025_5852b91b4dd1c4d8.webp,2,#ada59f,0.26705833333333334,earth
data/latest/images/Sydney_Fashion_Week_backstage_2025_5852b91b4dd1c4d8.webp,3,#6b615c,0.19728333333333334,earth
data/latest/images/Sydney_Fashion_Week_backstage_2025_5852b91b4dd1c4d8.webp,4,#c8c8c8,0.137275,neutrals
data/latest/images/Sydney_Fashion_Week_backstage_2025_5852b91b4dd1c4d8.webp,5,#392b25,0.07120833333333333,earth
data/latest/images/Stockholm_Fashion_Week_street_style_2025_b9888f3a760e4735.jpg,1,#061a1b,0.309675,neutrals
data/latest/images/Stockholm_Fashion_Week_street_style_2025_b9888f3a760e4735.jpg,2,#14426e,0.277,blue/purple
data/latest/images/Stockholm_Fashion_Week_street_style_2025_b9888f3a760e4735.jpg,3,#c4b69e,0.15016666666666667,earth
data/latest/images/Stockholm_Fashion_Week_street_style_2025_b9888f3a760e4735.jpg,4,#ede3d3,0.14685,pastels
data/latest/images/Stockholm_Fashion_Week_street_style_2025_b9888f3a760e4735.jpg,5,#7c7157,0.11630833333333333,earth
data/latest/images/Tokyo_Fashion_Week_street_style_2025_ebda64f680fd5c82.jpg,1,#a4a09f,0.3458833333333333,neutrals
data/latest/images/Tokyo_Fashion_Week_street_style_2025_ebda64f680fd5c82.jpg,2,#e6e4e0,0.23938333333333334,pastels
data/latest/images/Tokyo_Fashion_Week_street_style_2025_ebda64f680fd5c82.jpg,3,#261e21,0.17749166666666666,neutrals
data/latest/images/Tokyo_Fashion_Week_street_style_2025_ebda64f680fd5c82.jpg,4,#5f6364,0.17275,neutrals
data/latest/images/Tokyo_Fashion_Week_street_style_2025_ebda64f680fd5c82.jpg,5,#b32249,0.06449166666666667,neon
data/latest/images/fashion_campaign_2026_302aeacf60c33d17.jpg,1,#1a1819,0.23336666666666667,neutrals
data/latest/images/fashion_campaign_2026_302aeacf60c33d17.jpg,2,#5d6330,0.22545,earth
data/latest/images/fashion_campaign_2026_302aeacf60c33d17.jpg,3,#beb6ac,0.221025,earth
data/latest/images/fashion_campaign_2026_302aeacf60c33d17.jpg,4,#978b83,0.19010833333333332,earth
data/latest/images/fashion_campaign_2026_302aeacf60c33d17.jpg,5,#4f4642,0.13005,earth
data/latest/images/Seoul_Fashion_Week_backstage_2026_261013ad9bae47b2.jpg,1,#071017,0.44155,neutrals
data/latest/images/Seoul_Fashion_Week_backstage_2026_261013ad9bae47b2.jpg,2,#8a96a1,0.26111666666666666,blue/purple
data/latest/images/Seoul_Fashion_Week_backstage_2026_261013ad9bae47b2.jpg,3,#727981,0.16041666666666668,blue/purple
data/latest/images/Seoul_Fashion_Week_backstage_2026_261013ad9bae47b2.jpg,4,#3c3e46,0.07651666666666666,blue/purple
data/latest/images/Seoul_Fashion_Week_backstage_2026_261013ad9bae47b2.jpg,5,#bdd2e1,0.0604,blue/purple
data/latest/images/Sydney_Fashion_Week_runway_2025_39018ee6f59afa94.png,1,#171714,0.49396666666666667,neutrals
data/latest/images/Sydney_Fashion_Week_runway_2025_39018ee6f59afa94.png,2,#4f392e,0.172175,earth
data/latest/images/Sydney_Fashion_Week_runway_2025_39018ee6f59afa94.png,3,#8c624e,0.12328333333333333,earth
data/latest/images/Sydney_Fashion_Week_runway_2025_39018ee6f59afa94.png,4,#be9979,0.116125,earth
data/latest/images/Sydney_Fashion_Week_runway_2025_39018ee6f59afa94.png,5,#c95154,0.09445,primary/jewel
data/latest/images/editorial_fashion_2025_b4af06ffcf4cb59b.jpg,1,#e4e7e6,0.7636666666666667,pastels
data/latest/images/editorial_fashion_2025_b4af06ffcf4cb59b.jpg,2,#595b5e,0.08004166666666666,neutrals
data/latest/images/editorial_fashion_2025_b4af06ffcf4cb59b.jpg,3,#3f4346,0.07625,blue/purple
data/latest/images/editorial_fashion_2025_b4af06ffcf4cb59b.jpg,4,#b3918d,0.042425,primary/jewel
data/latest/images/editorial_fashion_2025_b4af06ffcf4cb59b.jpg,5,#222120,0.037616666666666666,neutrals
data/latest/images/Balmain_burgundy_runway_2025_9748bf16b3f19118.jpg,1,#171212,0.4084,neutrals
data/latest/images/Balmain_burgundy_runway_2025_9748bf16b3f19118.jpg,2,#4e2d24,0.19251666666666667,primary/jewel
data/latest/images/Balmain_burgundy_runway_2025_9748bf16b3f19118.jpg,3,#bd9c84,0.1594,earth
data/latest/images/Balmain_burgundy_runway_2025_9748bf16b3f19118.jpg,4,#e0d8ce,0.137175,neutrals
data/latest/images/Balmain_burgundy_runway_2025_9748bf16b3f19118.jpg,5,#835c4b,0.10250833333333334,earth
data/latest/images/Los_Angeles_Fashion_Week_backstage_2026_fd17e7391109ea62.jpg,1,#dfd6e1,0.2882416666666667,neutrals
data/latest/images/Los_Angeles_Fashion_Week_backstage_2026_fd17e7391109ea62.jpg,2,#c6b0b5,0.24571666666666667,primary/jewel
data/latest/images/Los_Angeles_Fashion_Week_backstage_2026_fd17e7391109ea62.jpg,3,#241f23,0.1717,neutrals
data/latest/images/Los_Angeles_Fashion_Week_backstage_2026_fd17e7391109ea62.jpg,4,#7b5c56,0.14723333333333333,primary/jewel
data/latest/images/Los_Angeles_Fashion_Week_backstage_2026_fd17e7391109ea62.jpg,5,#ac8e8c,0.14710833333333334,primary/jewel
data/latest/images/Gucci_Fall_2013_runway_5940c00d2816d925.jpg,1,#060707,0.5739333333333333,neutrals
data/latest/images/Gucci_Fall_2013_runway_5940c00d2816d925.jpg,2,#3e2b27,0.17571666666666666,primary/jewel
data/latest/images/Gucci_Fall_2013_runway_5940c00d2816d925.jpg,3,#744d41,0.12815833333333335,primary/jewel
data/latest/images/Gucci_Fall_2013_runway_5940c00d2816d925.jpg,4,#ac7f70,0.10181666666666667,earth
data/latest/images/Gucci_Fall_2013_runway_5940c00d2816d925.jpg,5,#e4d9d4,0.020375,neutrals
data/latest/images/Milan_Fashion_Week_runway_2026_9d963244a91970c3.jpg,1,#150502,0.41596666666666665,neutrals
data/latest/images/Milan_Fashion_Week_runway_2026_9d963244a91970c3.jpg,2,#542212,0.23064166666666666,primary/jewel
data/latest/images/Milan_Fashion_Week_runway_2026_9d963244a91970c3.jpg,3,#a5644b,0.159975,earth
data/latest/images/Milan_Fashion_Week_runway_2026_9d963244a91970c3.jpg,4,#804330,0.1283,primary/jewel
data/latest/images/Milan_Fashion_Week_runway_2026_9d963244a91970c3.jpg,5,#c0aca3,0.06511666666666667,earth
data/latest/images/Seoul_Fashion_Week_runway_2026_4d2b11835f02057f.png,1,#06070a,0.3902833333333333,neutrals
data/latest/images/Seoul_Fashion_Week_runway_2026_4d2b11835f02057f.png,2,#273138,0.20875833333333332,blue/purple
data/latest/images/Seoul_Fashion_Week_runway_2026_4d2b11835f02057f.png,3,#4f4f67,0.15968333333333334,blue/purple
data/latest/images/Seoul_Fashion_Week_runway_2026_4d2b11835f02057f.png,4,#606f9c,0.12535,blue/purple
data/latest/images/Seoul_Fashion_Week_runway_2026_4d2b11835f02057f.png,5,#979cb8,0.115925,blue/purple
data/latest/images/Gucci_Fall_2013_runway_b687aa0cffc8810b.jpg,1,#030406,0.660975,neutrals
data/latest/images/Gucci_Fall_2013_runway_b687aa0cffc8810b.jpg,2,#292c35,0.14415,blue/purple
data/latest/images/Gucci_Fall_2013_runway_b687aa0cffc8810b.jpg,3,#4d4c58,0.09945833333333333,blue/purple
data/latest/images/Gucci_Fall_2013_runway_b687aa0cffc8810b.jpg,4,#948592,0.056266666666666666,primary/jewel
data/latest/images/Gucci_Fall_2013_runway_b687aa0cffc8810b.jpg,5,#e4dbdf,0.03915,neutrals
data/latest/images/London_Fashion_Week_street_style_2025_fd2329ddd47d0c1f.jpg,1,#a4988a,0.28189166666666665,earth
data/latest/images/London_Fashion_Week_street_style_2025_fd2329ddd47d0c1f.jpg,2,#6e6b5c,0.22179166666666666,earth
data/latest/images/London_Fashion_Week_street_style_2025_fd2329ddd47d0c1f.jpg,3,#0f1519,0.21629166666666666,neutrals
data/latest/images/London_Fashion_Week_street_style_2025_fd2329ddd47d0c1f.jpg,4,#323d37,0.18916666666666668,green/blue
data/latest/images/London_Fashion_Week_street_style_2025_fd2329ddd47d0c1f.jpg,5,#d6d7d3,0.09085833333333333,neutrals
data/latest/images/London_Fashion_Week_runway_2025_b4a8c26885ae3695.webp,1,#0f1416,0.3991166666666667,neutrals
data/latest/images/London_Fashion_Week_runway_2025_b4a8c26885ae3695.webp,2,#bbb9a4,0.20443333333333333,earth
data/latest/images/London_Fashion_Week_runway_2025_b4a8c26885ae3695.webp,3,#003192,0.19180833333333333,blue/purple
data/latest/images/London_Fashion_Week_runway_2025_b4a8c26885ae3695.webp,4,#8a7b6e,0.10348333333333333,earth
data/latest/images/London_Fashion_Week_runway_2025_b4a8c26885ae3695.webp,5,#403d3a,0.10115833333333334,earth
data/latest/images/Sydney_Fashion_Week_runway_2025_3d3ac9228ccda6d9.jpg,1,#3f2d37,0.26103333333333334,primary/jewel
data/latest/images/Sydney_Fashion_Week_runway_2025_3d3ac9228ccda6d9.jpg,2,#daccba,0.23871666666666666,earth
data/latest/images/Sydney_Fashion_Week_runway_2025_3d3ac9228ccda6d9.jpg,3,#19141b,0.21411666666666668,neutrals
data/latest/images/Sydney_Fashion_Week_runway_2025_3d3ac9228ccda6d9.jpg,4,#a1947f,0.15461666666666668,earth
data/latest/images/Sydney_Fashion_Week_runway_2025_3d3ac9228ccda6d9.jpg,5,#645259,0.13151666666666667,primary/jewel
data/latest/images/Seoul_Fashion_Week_backstage_2026_fceccd6ec3d216a1.jpg,1,#171312,0.34489166666666665,neutrals
data/latest/images/Seoul_Fashion_Week_backstage_2026_fceccd6ec3d216a1.jpg,2,#c0b7af,0.24231666666666668,earth
data/latest/images/Seoul_Fashion_Week_backstage_2026_fceccd6ec3d216a1.jpg,3,#a29285,0.17011666666666667,earth
data/latest/images/Seoul_Fashion_Week_backstage_2026_fceccd6ec3d216a1.jpg,4,#453632,0.12318333333333334,primary/jewel
data/latest/images/Seoul_Fashion_Week_backstage_2026_fceccd6ec3d216a1.jpg,5,#756153,0.11949166666666666,earth
data/latest/images/lookbook_fashion_2026_4d2b11835f02057f.png,1,#06070a,0.3902833333333333,neutrals
data/latest/images/lookbook_fashion_2026_4d2b11835f02057f.png,2,#273138,0.20875833333333332,blue/purple
data/latest/images/lookbook_fashion_2026_4d2b11835f02057f.png,3,#4f4f67,0.15968333333333334,blue/purple
data/latest/images/lookbook_fashion_2026_4d2b11835f02057f.png,4,#606f9c,0.12535,blue/purple
data/latest/images/lookbook_fashion_2026_4d2b11835f02057f.png,5,#979cb8,0.115925,blue/purple
data/latest/images/Balmain_burgundy_runway_2025_939e306b411abc92.jpg,1,#0b0809,0.386,neutrals
data/latest/images/Balmain_burgundy_runway_2025_939e306b411abc92.jpg,2,#e4deee,0.2622083333333333,pastels
data/latest/images/Balmain_burgundy_runway_2025_939e306b411abc92.jpg,3,#412c29,0.14364166666666667,primary/jewel
data/latest/images/Balmain_burgundy_runway_2025_939e306b411abc92.jpg,4,#bbb2c6,0.11314166666666667,jewel
data/latest/images/Balmain_burgundy_runway_2025_939e306b411abc92.jpg,5,#866a65,0.09500833333333333,primary/jewel
data/latest/images/Tokyo_Fashion_Week_backstage_2025_20fca3e7ee6077bb.jpg,1,#989084,0.31359166666666666,earth
data/latest/images/Tokyo_Fashion_Week_backstage_2025_20fca3e7ee6077bb.jpg,2,#b4afaa,0.3058166666666667,neutrals
data/latest/images/Tokyo_Fashion_Week_backstage_2025_20fca3e7ee6077bb.jpg,3,#7d5c48,0.15983333333333333,earth
data/latest/images/Tokyo_Fashion_Week_backstage_2025_20fca3e7ee6077bb.jpg,4,#e8e6e6,0.14164166666666667,pastels
data/latest/images/Tokyo_Fashion_Week_backstage_2025_20fca3e7ee6077bb.jpg,5,#362721,0.07911666666666667,earth
data/latest/images/lookbook_fashion_2025_800b8f607675764b.jpg,1,#e7ebee,0.48135,pastels
data/latest/images/lookbook_fashion_2025_800b8f607675764b.jpg,2,#d8dade,0.3636583333333333,neutrals
data/latest/images/lookbook_fashion_2025_800b8f607675764b.jpg,3,#30313b,0.10549166666666666,blue/purple
data/latest/images/lookbook_fashion_2025_800b8f607675764b.jpg,4,#514f5a,0.03758333333333334,blue/purple
data/latest/images/lookbook_fashion_2025_800b8f607675764b.jpg,5,#a2847b,0.011916666666666667,primary/jewel
data/latest/images/Milan_Fashion_Week_runway_2026_bc8fb43a9c0db251.jpg,1,#06090d,0.268275,neutrals
data/latest/images/Milan_Fashion_Week_runway_2026_bc8fb43a9c0db251.jpg,2,#d1d1d7,0.25485,neutrals
data/latest/images/Milan_Fashion_Week_runway_2026_bc8fb43a9c0db251.jpg,3,#e8eaed,0.2501583333333333,pastels
data/latest/images/Milan_Fashion_Week_runway_2026_bc8fb43a9c0db251.jpg,4,#928f93,0.168075,neutrals
data/latest/images/Milan_Fashion_Week_runway_2026_bc8fb43a9c0db251.jpg,5,#4d4a51,0.05864166666666667,jewel
data/latest/images/Seoul_Fashion_Week_street_style_2025_691834f62f60a52f.jpg,1,#081719,0.2982916666666667,neutrals
data/latest/images/Seoul_Fashion_Week_street_style_2025_691834f62f60a52f.jpg,2,#ded8d3,0.28375,neutrals
data/latest/images/Seoul_Fashion_Week_street_style_2025_691834f62f60a52f.jpg,3,#3c3b34,0.15731666666666666,earth
data/latest/images/Seoul_Fashion_Week_street_style_2025_691834f62f60a52f.jpg,4,#8ab3e2,0.13456666666666667,blue/purple
data/latest/images/Seoul_Fashion_Week_street_style_2025_691834f62f60a52f.jpg,5,#80706b,0.126075,primary/jewel
data/latest/images/runway_backstage_fashion_2025_808fbc9492a28c0f.jpg,1,#0f0a09,0.30755,neutrals
data/latest/images/runway_backstage_fashion_2025_808fbc9492a28c0f.jpg,2,#a79f90,0.19293333333333335,earth
data/latest/images/runway_backstage_fashion_2025_808fbc9492a28c0f.jpg,3,#dce0db,0.192175,neutrals
data/latest/images/runway_backstage_fashion_2025_808fbc9492a28c0f.jpg,4,#8b634b,0.16486666666666666,earth
data/latest/images/runway_backstage_fashion_2025_808fbc9492a28c0f.jpg,5,#49403a,0.142475,earth
data/latest/images/fashion_campaign_2026_4933b4632ae82319.jpg,1,#7f6062,0.52055,primary/jewel
data/latest/images/fashion_campaign_2026_4933b4632ae82319.jpg,2,#4c3637,0.190425,primary/jewel
data/latest/images/fashion_campaign_2026_4933b4632ae82319.jpg,3,#fdfdfd,0.1558,pastels
data/latest/images/fashion_campaign_2026_4933b4632ae82319.jpg,4,#bba4a4,0.0766,primary/jewel
data/latest/images/fashion_campaign_2026_4933b4632ae82319.jpg,5,#b0192e,0.056625,primary/jewel
data/latest/images/New_York_Fashion_Week_runway_2025_c6ffdac0ea1b70d7.jpg,1,#c0ad9a,0.5967916666666667,earth
data/latest/images/New_York_Fashion_Week_runway_2025_c6ffdac0ea1b70d7.jpg,2,#886655,0.13806666666666667,earth
data/latest/images/New_York_Fashion_Week_runway_2025_c6ffdac0ea1b70d7.jpg,3,#3a2a22,0.12166666666666667,earth
data/latest/images/New_York_Fashion_Week_runway_2025_c6ffdac0ea1b70d7.jpg,4,#f6eee6,0.1135,pastels
data/latest/images/New_York_Fashion_Week_runway_2025_c6ffdac0ea1b70d7.jpg,5,#f5bf26,0.029975,neon
data/latest/images/Seoul_Fashion_Week_runway_2026_711d441432b0c5f3.jpg,1,#1053c6,0.2940083333333333,neon
data/latest/images/Seoul_Fashion_Week_runway_2026_711d441432b0c5f3.jpg,2,#dcc192,0.24969166666666667,earth
data/latest/images/Seoul_Fashion_Week_runway_2026_711d441432b0c5f3.jpg,3,#818dc4,0.22860833333333333,blue/purple
data/latest/images/Seoul_Fashion_Week_runway_2026_711d441432b0c5f3.jpg,4,#adbbe4,0.18504166666666666,blue/purple
data/latest/images/Seoul_Fashion_Week_runway_2026_711d441432b0c5f3.jpg,5,#312222,0.04265,primary/jewel
data/latest/images/editorial_fashion_2025_9147e11cd026c2e8.jpg,1,#e5dcd4,0.3335416666666667,neutrals
data/latest/images/editorial_fashion_2025_9147e11cd026c2e8.jpg,2,#d6bfad,0.25948333333333334,earth
data/latest/images/editorial_fashion_2025_9147e11cd026c2e8.jpg,3,#140d0b,0.16590833333333332,neutrals
data/latest/images/editorial_fashion_2025_9147e11cd026c2e8.jpg,4,#472f22,0.12220833333333334,earth
data/latest/images/editorial_fashion_2025_9147e11cd026c2e8.jpg,5,#a26b3e,0.11885833333333333,earth
data/latest/images/Paris_Fashion_Week_runway_2026_c65f1eaa1adde792.jpg,1,#f6f7f9,0.320875,pastels
data/latest/images/Paris_Fashion_Week_runway_2026_c65f1eaa1adde792.jpg,2,#aaa39f,0.243525,neutrals
data/latest/images/Paris_Fashion_Week_runway_2026_c65f1eaa1adde792.jpg,3,#c5c4c6,0.23904166666666668,neutrals
data/latest/images/Paris_Fashion_Week_runway_2026_c65f1eaa1adde792.jpg,4,#746f71,0.102675,neutrals
data/latest/images/Paris_Fashion_Week_runway_2026_c65f1eaa1adde792.jpg,5,#383131,0.09388333333333333,primary/jewel
data/latest/images/Paris_Fashion_Week_runway_2026_b5f3de529621f36e.jpg,1,#f7f8fa,0.288275,pastels
data/latest/images/Paris_Fashion_Week_runway_2026_b5f3de529621f36e.jpg,2,#b1a8a1,0.27798333333333336,earth
data/latest/images/Paris_Fashion_Week_runway_2026_b5f3de529621f36e.jpg,3,#c9c6c4,0.26614166666666667,neutrals
data/latest/images/Paris_Fashion_Week_runway_2026_b5f3de529621f36e.jpg,4,#8e786f,0.10139166666666667,earth
data/latest/images/Paris_Fashion_Week_runway_2026_b5f3de529621f36e.jpg,5,#2f2b2c,0.06620833333333333,primary/jewel
data/latest/images/Milan_Fashion_Week_runway_2026_81bfb23d463fe4c9.jpg,1,#09060a,0.63035,neutrals
data/latest/images/Milan_Fashion_Week_runway_2026_81bfb23d463fe4c9.jpg,2,#4c3728,0.13830833333333334,earth
data/latest/images/Milan_Fashion_Week_runway_2026_81bfb23d463fe4c9.jpg,3,#906238,0.11903333333333334,earth
data/latest/images/Milan_Fashion_Week_runway_2026_81bfb23d463fe4c9.jpg,4,#bfab8b,0.08276666666666667,earth
data/latest/images/Milan_Fashion_Week_runway_2026_81bfb23d463fe4c9.jpg,5,#f7c027,0.029541666666666667,neon
data/latest/images/fashion_campaign_2026_c55db220c0503251.jpg,1,#d9deee,0.46700833333333336,pastels
data/latest/images/fashion_campaign_2026_c55db220c0503251.jpg,2,#c6cdde,0.25666666666666665,blue/purple
data/latest/images/fashion_campaign_2026_c55db220c0503251.jpg,3,#b90a2e,0.11085,neon
data/latest/images/fashion_campaign_2026_c55db220c0503251.jpg,4,#8d8898,0.09716666666666667,jewel
data/latest/images/fashion_campaign_2026_c55db220c0503251.jpg,5,#5e262d,0.06830833333333333,primary/jewel
data/latest/images/Copenhagen_Fashion_Week_street_style_2026_b15e88af7b42f197.webp,1,#0e1013,0.224825,neutrals
data/latest/images/Copenhagen_Fashion_Week_street_style_2026_b15e88af7b42f197.webp,2,#6d6060,0.20728333333333335,primary/jewel
data/latest/images/Copenhagen_Fashion_Week_street_style_2026_b15e88af7b42f197.webp,3,#403737,0.1915,primary/jewel
data/latest/images/Copenhagen_Fashion_Week_street_style_2026_b15e88af7b42f197.webp,4,#8c8e97,0.19075833333333334,neutrals
data/latest/images/Copenhagen_Fashion_Week_street_style_2026_b15e88af7b42f197.webp,5,#d6d3d2,0.18563333333333334,neutrals
data/latest/images/Seoul_Fashion_Week_runway_2026_05c9b5088c6277ee.jpg,1,#0a080b,0.5251,neutrals
data/latest/images/Seoul_Fashion_Week_runway_2026_05c9b5088c6277ee.jpg,2,#211e22,0.29735,neutrals
data/latest/images/Seoul_Fashion_Week_runway_2026_05c9b5088c6277ee.jpg,3,#443e3f,0.07503333333333333,primary/jewel
data/latest/images/Seoul_Fashion_Week_runway_2026_05c9b5088c6277ee.jpg,4,#736e73,0.070875,neutrals
data/latest/images/Seoul_Fashion_Week_runway_2026_05c9b5088c6277ee.jpg,5,#9a979b,0.031641666666666665,neutrals
data/latest/images/leopard_print_runway_1990s_0f1772fd3febe848.jpg,1,#f5f8f3,0.506975,pastels
data/latest/images/leopard_print_runway_1990s_0f1772fd3febe848.jpg,2,#312d2e,0.23499166666666665,primary/jewel
data/latest/images/leopard_print_runway_1990s_0f1772fd3febe848.jpg,3,#604e4f,0.10135,primary/jewel
data/latest/images/leopard_print_runway_1990s_0f1772fd3febe848.jpg,4,#cfc3c0,0.08304166666666667,neutrals
data/latest/images/leopard_print_runway_1990s_0f1772fd3febe848.jpg,5,#a07f7b,0.07364166666666666,primary/jewel
data/latest/images/Gucci_Fall_2013_runway_33a4986f3bc83495.jpg,1,#000202,0.9006333333333333,neutrals
data/latest/images/Gucci_Fall_2013_runway_33a4986f3bc83495.jpg,2,#151d16,0.04149166666666667,neutrals
data/latest/images/Gucci_Fall_2013_runway_33a4986f3bc83495.jpg,3,#31402e,0.027908333333333334,green/blue
data/latest/images/Gucci_Fall_2013_runway_33a4986f3bc83495.jpg,4,#556753,0.019016666666666668,green/blue
data/latest/images/Gucci_Fall_2013_runway_33a4986f3bc83495.jpg,5,#919c87,0.01095,green/blue
data/latest/images/Milan_Fashion_Week_runway_2025_7e0f5d4eb7c40ab7.jpg,1,#777575,0.33464166666666667,neutrals
data/latest/images/Milan_Fashion_Week_runway_2025_7e0f5d4eb7c40ab7.jpg,2,#1d1618,0.2932916666666667,neutrals
data/latest/images/Milan_Fashion_Week_runway_2025_7e0f5d4eb7c40ab7.jpg,3,#454142,0.238925,neutrals
data/latest/images/Milan_Fashion_Week_runway_2025_7e0f5d4eb7c40ab7.jpg,4,#51070d,0.08669166666666667,primary/jewel
data/latest/images/Milan_Fashion_Week_runway_2025_7e0f5d4eb7c40ab7.jpg,5,#d7bfad,0.04645,earth
data/latest/images/vogue_runway_emerald_dress_81d4c9408083f8f2.jpg,1,#444921,0.24433333333333335,earth
data/latest/images/vogue_runway_emerald_dress_81d4c9408083f8f2.jpg,2,#181d0d,0.24133333333333334,neutrals
data/latest/images/vogue_runway_emerald_dress_81d4c9408083f8f2.jpg,3,#aec3af,0.20598333333333332,green/blue
data/latest/images/vogue_runway_emerald_dress_81d4c9408083f8f2.jpg,4,#7a8252,0.19498333333333334,earth
data/latest/images/vogue_runway_emerald_dress_81d4c9408083f8f2.jpg,5,#ebf0ef,0.11336666666666667,pastels
data/latest/images/Sydney_Fashion_Week_backstage_2025_6d0de2511aea133d.jpg,1,#f5f3f9,0.634375,pastels
data/latest/images/Sydney_Fashion_Week_backstage_2025_6d0de2511aea133d.jpg,2,#dbaa9c,0.15505,primary/jewel
data/latest/images/Sydney_Fashion_Week_backstage_2025_6d0de2511aea133d.jpg,3,#b87764,0.10529166666666667,primary/jewel
data/latest/images/Sydney_Fashion_Week_backstage_2025_6d0de2511aea133d.jpg,4,#6d4a5b,0.05914166666666667,primary/jewel
data/latest/images/Sydney_Fashion_Week_backstage_2025_6d0de2511aea133d.jpg,5,#2c2331,0.046141666666666664,jewel
data/latest/images/London_Fashion_Week_runway_2025_c0a6c36c7ad98cd0.jpg,1,#191312,0.37375,neutrals
data/latest/images/London_Fashion_Week_runway_2025_c0a6c36c7ad98cd0.jpg,2,#863b35,0.23318333333333333,primary/jewel
data/latest/images/London_Fashion_Week_runway_2025_c0a6c36c7ad98cd0.jpg,3,#c86757,0.21481666666666666,primary/jewel
data/latest/images/London_Fashion_Week_runway_2025_c0a6c36c7ad98cd0.jpg,4,#86746c,0.15081666666666665,earth
data/latest/images/London_Fashion_Week_runway_2025_c0a6c36c7ad98cd0.jpg,5,#d6bfad,0.027433333333333334,earth
data/latest/images/Gucci_Fall_2013_runway_08c614baf8c4a2b2.jpg,1,#0d0a0d,0.44671666666666665,neutrals
data/latest/images/Gucci_Fall_2013_runway_08c614baf8c4a2b2.jpg,2,#464441,0.2845416666666667,neutrals
data/latest/images/Gucci_Fall_2013_runway_08c614baf8c4a2b2.jpg,3,#a7a8b0,0.10731666666666667,neutrals
data/latest/images/Gucci_Fall_2013_runway_08c614baf8c4a2b2.jpg,4,#806e6f,0.08335,primary/jewel
data/latest/images/Gucci_Fall_2013_runway_08c614baf8c4a2b2.jpg,5,#5e1918,0.078075,primary/jewel
data/latest/images/London_Fashion_Week_street_style_2025_a27eaac5f7bd719f.jpg,1,#171f18,0.298175,neutrals
data/latest/images/London_Fashion_Week_street_style_2025_a27eaac5f7bd719f.jpg,2,#a5aab2,0.19973333333333335,neutrals
data/latest/images/London_Fashion_Week_street_style_2025_a27eaac5f7bd719f.jpg,3,#3b423d,0.18016666666666667,green/blue
data/latest/images/London_Fashion_Week_street_style_2025_a27eaac5f7bd719f.jpg,4,#d1d9e1,0.17235833333333334,neutrals
data/latest/images/London_Fashion_Week_street_style_2025_a27eaac5f7bd719f.jpg,5,#747277,0.14956666666666665,neutrals
data/latest/images/Tokyo_Fashion_Week_runway_2026_35bb69924f9d4cc7.webp,1,#ebedf1,0.36749166666666666,pastels
data/latest/images/Tokyo_Fashion_Week_runway_2026_35bb69924f9d4cc7.webp,2,#181a1e,0.256275,neutrals
data/latest/images/Tokyo_Fashion_Week_runway_2026_35bb69924f9d4cc7.webp,3,#60719a,0.21733333333333332,blue/purple
data/latest/images/Tokyo_Fashion_Week_runway_2026_35bb69924f9d4cc7.webp,4,#43424c,0.0985,blue/purple
data/latest/images/Tokyo_Fashion_Week_runway_2026_35bb69924f9d4cc7.webp,5,#9e9da5,0.0604,neutrals
data/latest/images/Stockholm_Fashion_Week_street_style_2026_6c94c382925b3d28.jpg,1,#014fc6,0.46377314814814813,neon
data/latest/images/Stockholm_Fashion_Week_street_style_2026_6c94c382925b3d28.jpg,2,#a2b6f2,0.2578317901234568,blue/purple
data/latest/images/Stockholm_Fashion_Week_street_style_2026_6c94c382925b3d28.jpg,3,#e1c69b,0.13767361111111112,earth
data/latest/images/Stockholm_Fashion_Week_street_style_2026_6c94c382925b3d28.jpg,4,#a1817e,0.07064043209876543,primary/jewel
data/latest/images/Stockholm_Fashion_Week_street_style_2026_6c94c382925b3d28.jpg,5,#2a1b1b,0.07008101851851851,neutrals
data/latest/images/fashion_campaign_2026_fa01da8c41f5465f.jpg,1,#d8dde0,0.5342333333333333,neutrals
data/latest/images/fashion_campaign_2026_fa01da8c41f5465f.jpg,2,#bcbaba,0.20620833333333333,neutrals
data/latest/images/fashion_campaign_2026_fa01da8c41f5465f.jpg,3,#999999,0.16780833333333334,neutrals
data/latest/images/fashion_campaign_2026_fa01da8c41f5465f.jpg,4,#90644b,0.06720833333333333,earth
data/latest/images/fashion_campaign_2026_fa01da8c41f5465f.jpg,5,#2a1f1c,0.024541666666666666,neutrals
data/latest/images/New_York_Fashion_Week_street_style_2025_1155056188b53278.jpg,1,#111014,0.29325833333333334,neutrals
data/latest/images/New_York_Fashion_Week_street_style_2025_1155056188b53278.jpg,2,#56565f,0.22375833333333334,blue/purple
data/latest/images/New_York_Fashion_Week_street_style_2025_1155056188b53278.jpg,3,#393336,0.188925,primary/jewel
data/latest/images/New_York_Fashion_Week_street_style_2025_1155056188b53278.jpg,4,#8f8082,0.15049166666666666,primary/jewel
data/latest/images/New_York_Fashion_Week_street_style_2025_1155056188b53278.jpg,5,#bababa,0.14356666666666668,neutrals
data/latest/images/Gucci_Fall_2013_runway_79bd942012ef9e43.jpg,1,#070d15,0.49095,neutrals
data/latest/images/Gucci_Fall_2013_runway_79bd942012ef9e43.jpg,2,#692d54,0.27271666666666666,primary/jewel
data/latest/images/Gucci_Fall_2013_runway_79bd942012ef9e43.jpg,3,#372239,0.17290833333333333,primary/jewel
data/latest/images/Gucci_Fall_2013_runway_79bd942012ef9e43.jpg,4,#7a7089,0.03793333333333333,jewel
data/latest/images/Gucci_Fall_2013_runway_79bd942012ef9e43.jpg,5,#d8d8e2,0.025491666666666666,neutrals
data/latest/images/Balmain_burgundy_runway_2025_ed5e78a400fd40f2.jpg,1,#e1e2e4,0.7812666666666667,neutrals
data/latest/images/Balmain_burgundy_runway_2025_ed5e78a400fd40f2.jpg,2,#1d1b1d,0.10224166666666666,neutrals
data/latest/images/Balmain_burgundy_runway_2025_ed5e78a400fd40f2.jpg,3,#c59b77,0.047983333333333336,earth
data/latest/images/Balmain_burgundy_runway_2025_ed5e78a400fd40f2.jpg,4,#a57553,0.039075,earth
data/latest/images/Balmain_burgundy_runway_2025_ed5e78a400fd40f2.jpg,5,#633b30,0.029433333333333332,primary/jewel
data/latest/images/Copenhagen_Fashion_Week_street_style_2026_9958df4ee245d9ed.jpg,1,#a19d9a,0.32240833333333335,neutrals
data/latest/images/Copenhagen_Fashion_Week_street_style_2026_9958df4ee245d9ed.jpg,2,#1d1b1a,0.22490833333333332,neutrals
data/latest/images/Copenhagen_Fashion_Week_street_style_2026_9958df4ee245d9ed.jpg,3,#807470,0.17201666666666668,earth
data/latest/images/Copenhagen_Fashion_Week_street_style_2026_9958df4ee245d9ed.jpg,4,#d9d9d9,0.142,neutrals
data/latest/images/Copenhagen_Fashion_Week_street_style_2026_9958df4ee245d9ed.jpg,5,#47413d,0.13866666666666666,earth
data/latest/images/fashion_campaign_2026_5500fa2b8dcefa6a.jpg,1,#222324,0.38664166666666666,neutrals
data/latest/images/fashion_campaign_2026_5500fa2b8dcefa6a.jpg,2,#373535,0.271525,neutrals
data/latest/images/fashion_campaign_2026_5500fa2b8dcefa6a.jpg,3,#564f4f,0.205925,primary/jewel
data/latest/images/fashion_campaign_2026_5500fa2b8dcefa6a.jpg,4,#867060,0.09886666666666667,earth
data/latest/images/fashion_campaign_2026_5500fa2b8dcefa6a.jpg,5,#c3ab8c,0.03704166666666667,earth
data/latest/images/runway_fashion_2025_18b5e822472e79a0.jpg,1,#9d8074,0.36466666666666664,earth
data/latest/images/runway_fashion_2025_18b5e822472e79a0.jpg,2,#8a6d63,0.28025833333333333,earth
data/latest/images/runway_fashion_2025_18b5e822472e79a0.jpg,3,#b38e7f,0.1765,earth
data/latest/images/runway_fashion_2025_18b5e822472e79a0.jpg,4,#6d544b,0.097925,earth
data/latest/images/runway_fashion_2025_18b5e822472e79a0.jpg,5,#d5aa96,0.08065,earth
data/latest/images/Paris_Fashion_Week_runway_2026_2cacc58707fc8270.jpg,1,#b0adb1,0.454075,neutrals
data/latest/images/Paris_Fashion_Week_runway_2026_2cacc58707fc8270.jpg,2,#cfccd1,0.21098333333333333,neutrals
data/latest/images/Paris_Fashion_Week_runway_2026_2cacc58707fc8270.jpg,3,#44363e,0.14900833333333333,primary/jewel
data/latest/images/Paris_Fashion_Week_runway_2026_2cacc58707fc8270.jpg,4,#6d6a66,0.09379166666666666,neutrals
data/latest/images/Paris_Fashion_Week_runway_2026_2cacc58707fc8270.jpg,5,#c05552,0.09214166666666666,primary/jewel
data/latest/images/New_York_Fashion_Week_street_style_2025_87afb57b081bee9c.jpg,1,#454954,0.246975,blue/purple
data/latest/images/New_York_Fashion_Week_street_style_2025_87afb57b081bee9c.jpg,2,#13151b,0.24555833333333332,neutrals
data/latest/images/New_York_Fashion_Week_street_style_2025_87afb57b081bee9c.jpg,3,#837c7d,0.20908333333333334,neutrals
data/latest/images/New_York_Fashion_Week_street_style_2025_87afb57b081bee9c.jpg,4,#abb3d3,0.18036666666666668,blue/purple
data/latest/images/New_York_Fashion_Week_street_style_2025_87afb57b081bee9c.jpg,5,#e1d7d0,0.11801666666666667,neutrals
data/latest/images/Milan_Fashion_Week_runway_2025_183c8d2b08b5a0a6.jpg,1,#cec09a,0.33255833333333334,earth
data/latest/images/Milan_Fashion_Week_runway_2025_183c8d2b08b5a0a6.jpg,2,#e9e0c8,0.29506666666666664,pastels
data/latest/images/Milan_Fashion_Week_runway_2025_183c8d2b08b5a0a6.jpg,3,#ac9a6f,0.18465,earth
data/latest/images/Milan_Fashion_Week_runway_2025_183c8d2b08b5a0a6.jpg,4,#2b231e,0.13736666666666666,neutrals
data/latest/images/Milan_Fashion_Week_runway_2025_183c8d2b08b5a0a6.jpg,5,#615446,0.05035833333333333,earth
data/latest/images/lookbook_fashion_2026_75710e8d2ca2b697.jpg,1,#95928d,0.27625833333333333,neutrals
data/latest/images/lookbook_fashion_2026_75710e8d2ca2b697.jpg,2,#77736e,0.2715916666666667,neutrals
data/latest/images/lookbook_fashion_2026_75710e8d2ca2b697.jpg,3,#574743,0.242275,primary/jewel
data/latest/images/lookbook_fashion_2026_75710e8d2ca2b697.jpg,4,#1f1d1d,0.15566666666666668,neutrals
data/latest/images/lookbook_fashion_2026_75710e8d2ca2b697.jpg,5,#e0e1df,0.05420833333333333,neutrals
data/latest/images/runway_backstage_fashion_2025_35d86b9c3828a65b.jpg,1,#0a0a0a,0.3982,neutrals
data/latest/images/runway_backstage_fashion_2025_35d86b9c3828a65b.jpg,2,#ae8059,0.244875,earth
data/latest/images/runway_backstage_fashion_2025_35d86b9c3828a65b.jpg,3,#3e2214,0.15223333333333333,earth
data/latest/images/runway_backstage_fashion_2025_35d86b9c3828a65b.jpg,4,#765b50,0.10326666666666667,earth
data/latest/images/runway_backstage_fashion_2025_35d86b9c3828a65b.jpg,5,#bcbbbf,0.101425,neutrals
data/latest/images/editorial_fashion_2025_1888e7935c9329d9.jpg,1,#ececec,0.5625416666666667,pastels
data/latest/images/editorial_fashion_2025_1888e7935c9329d9.jpg,2,#dfccc9,0.21008333333333334,primary/jewel
data/latest/images/editorial_fashion_2025_1888e7935c9329d9.jpg,3,#cfa8a1,0.15915833333333335,primary/jewel
data/latest/images/editorial_fashion_2025_1888e7935c9329d9.jpg,4,#93726c,0.04910833333333333,primary/jewel
data/latest/images/editorial_fashion_2025_1888e7935c9329d9.jpg,5,#2d2b2a,0.019108333333333335,neutrals
data/latest/images/Chanel_haute_couture_2020_5c4d8e67a7b08252.jpg,1,#bbb3a9,0.4136666666666667,earth
data/latest/images/Chanel_haute_couture_2020_5c4d8e67a7b08252.jpg,2,#9f9081,0.24424166666666666,earth
data/latest/images/Chanel_haute_couture_2020_5c4d8e67a7b08252.jpg,3,#d2d5da,0.183425,neutrals
data/latest/images/Chanel_haute_couture_2020_5c4d8e67a7b08252.jpg,4,#67624e,0.09325833333333333,earth
data/latest/images/Chanel_haute_couture_2020_5c4d8e67a7b08252.jpg,5,#2d2c29,0.06540833333333333,neutrals
data/latest/images/leopard_print_runway_1990s_9ad2ecb8b1974986.jpg,1,#52789e,0.3438,blue/purple
data/latest/images/leopard_print_runway_1990s_9ad2ecb8b1974986.jpg,2,#455166,0.24525833333333333,blue/purple
data/latest/images/leopard_print_runway_1990s_9ad2ecb8b1974986.jpg,3,#1d1f26,0.21653333333333333,neutrals
data/latest/images/leopard_print_runway_1990s_9ad2ecb8b1974986.jpg,4,#a79079,0.109,earth
data/latest/images/leopard_print_runway_1990s_9ad2ecb8b1974986.jpg,5,#e8d5bf,0.08540833333333334,pastels
data/latest/images/Chanel_haute_couture_2020_7d3d192d406ce1c3.jpg,1,#d7dfee,0.27184166666666665,pastels
data/latest/images/Chanel_haute_couture_2020_7d3d192d406ce1c3.jpg,2,#5e664d,0.215475,green/blue
data/latest/images/Chanel_haute_couture_2020_7d3d192d406ce1c3.jpg,3,#b2babe,0.1973,neutrals
data/latest/images/Chanel_haute_couture_2020_7d3d192d406ce1c3.jpg,4,#3a4433,0.16541666666666666,green/blue
data/latest/images/Chanel_haute_couture_2020_7d3d192d406ce1c3.jpg,5,#8a8e6f,0.14996666666666666,earth
data/latest/images/Milan_Fashion_Week_runway_2026_d036f7ab9dda5439.jpg,1,#0d0202,0.3808916666666667,neutrals
data/latest/images/Milan_Fashion_Week_runway_2026_d036f7ab9dda5439.jpg,2,#531e11,0.21650833333333333,primary/jewel
data/latest/images/Milan_Fashion_Week_runway_2026_d036f7ab9dda5439.jpg,3,#a95e4d,0.21556666666666666,primary/jewel
data/latest/images/Milan_Fashion_Week_runway_2026_d036f7ab9dda5439.jpg,4,#7e3c2e,0.14985,primary/jewel
data/latest/images/Milan_Fashion_Week_runway_2026_d036f7ab9dda5439.jpg,5,#d79493,0.03718333333333333,primary/jewel
data/latest/images/Milan_Fashion_Week_runway_2025_b849b3ebe0bc98ce.jpg,1,#040404,0.6513666666666666,neutrals
data/latest/images/Milan_Fashion_Week_runway_2025_b849b3ebe0bc98ce.jpg,2,#c7b6b0,0.091575,earth
data/latest/images/Milan_Fashion_Week_runway_2025_b849b3ebe0bc98ce.jpg,3,#a3877b,0.0903,earth
data/latest/images/Milan_Fashion_Week_runway_2025_b849b3ebe0bc98ce.jpg,4,#75584b,0.08798333333333333,earth
data/latest/images/Milan_Fashion_Week_runway_2025_b849b3ebe0bc98ce.jpg,5,#442e20,0.078775,earth
data/latest/images/Tokyo_Fashion_Week_backstage_2025_8399c0ce183e9f5a.jpg,1,#110f12,0.703175,neutrals
data/latest/images/Tokyo_Fashion_Week_backstage_2025_8399c0ce183e9f5a.jpg,2,#242419,0.14820833333333333,neutrals
data/latest/images/Tokyo_Fashion_Week_backstage_2025_8399c0ce183e9f5a.jpg,3,#444220,0.098025,earth
data/latest/images/Tokyo_Fashion_Week_backstage_2025_8399c0ce183e9f5a.jpg,4,#d9c1bf,0.027341666666666667,primary/jewel
data/latest/images/Tokyo_Fashion_Week_backstage_2025_8399c0ce183e9f5a.jpg,5,#987668,0.02325,earth
data/latest/images/Tokyo_Fashion_Week_street_style_2025_3a1ef37f0b787558.jpg,1,#d7cfc9,0.375875,neutrals
data/latest/images/Tokyo_Fashion_Week_street_style_2025_3a1ef37f0b787558.jpg,2,#2d180d,0.2044,neutrals
data/latest/images/Tokyo_Fashion_Week_street_style_2025_3a1ef37f0b787558.jpg,3,#5f3a23,0.16236666666666666,earth
data/latest/images/Tokyo_Fashion_Week_street_style_2025_3a1ef37f0b787558.jpg,4,#baa99a,0.14065833333333333,earth
data/latest/images/Tokyo_Fashion_Week_street_style_2025_3a1ef37f0b787558.jpg,5,#8e6c50,0.1167,earth
data/latest/images/Gucci_Fall_2013_runway_1e354601ea189b42.jpg,1,#0a0f19,0.5446916666666667,neutrals
data/latest/images/Gucci_Fall_2013_runway_1e354601ea189b42.jpg,2,#192436,0.2573,blue/purple
data/latest/images/Gucci_Fall_2013_runway_1e354601ea189b42.jpg,3,#374867,0.09475,blue/purple
data/latest/images/Gucci_Fall_2013_runway_1e354601ea189b42.jpg,4,#6f7da3,0.06565,blue/purple
data/latest/images/Gucci_Fall_2013_runway_1e354601ea189b42.jpg,5,#b5c1e2,0.037608333333333334,blue/purple
data/latest/images/Tokyo_Fashion_Week_street_style_2025_04038a08b4883a65.jpg,1,#141719,0.35481666666666667,neutrals
data/latest/images/Tokyo_Fashion_Week_street_style_2025_04038a08b4883a65.jpg,2,#2e3941,0.348525,blue/purple
data/latest/images/Tokyo_Fashion_Week_street_style_2025_04038a08b4883a65.jpg,3,#5b5d62,0.12435,neutrals
data/latest/images/Tokyo_Fashion_Week_street_style_2025_04038a08b4883a65.jpg,4,#a19996,0.09110833333333333,neutrals
data/latest/images/Tokyo_Fashion_Week_street_style_2025_04038a08b4883a65.jpg,5,#d5dede,0.0812,neutrals
data/latest/images/Stockholm_Fashion_Week_street_style_2026_1a37fe67ff53ee07.jpg,1,#dde0e1,0.30401666666666666,neutrals
data/latest/images/Stockholm_Fashion_Week_street_style_2026_1a37fe67ff53ee07.jpg,2,#c7c6c4,0.2856416666666667,neutrals
data/latest/images/Stockholm_Fashion_Week_street_style_2026_1a37fe67ff53ee07.jpg,3,#a3a4a6,0.23209166666666667,neutrals
data/latest/images/Stockholm_Fashion_Week_street_style_2026_1a37fe67ff53ee07.jpg,4,#767275,0.11766666666666667,neutrals
data/latest/images/Stockholm_Fashion_Week_street_style_2026_1a37fe67ff53ee07.jpg,5,#38343a,0.060583333333333336,jewel
data/latest/images/Seoul_Fashion_Week_street_style_2025_5b830b28aa2712aa.jpg,1,#1f2123,0.3073470267164608,neutrals
data/latest/images/Seoul_Fashion_Week_street_style_2025_5b830b28aa2712aa.jpg,2,#494949,0.21105046442593126,neutrals
data/latest/images/Seoul_Fashion_Week_street_style_2025_5b830b28aa2712aa.jpg,3,#797c80,0.1980154170257589,neutrals
data/latest/images/Seoul_Fashion_Week_street_style_2025_5b830b28aa2712aa.jpg,4,#a8abac,0.15899406300871397,neutrals
data/latest/images/Seoul_Fashion_Week_street_style_2025_5b830b28aa2712aa.jpg,5,#e9f1f3,0.12459302882313511,pastels
data/latest/images/Sydney_Fashion_Week_backstage_2025_c7259444cf2e2dfd.jpg,1,#0f1416,0.5904916666666666,neutrals
data/latest/images/Sydney_Fashion_Week_backstage_2025_c7259444cf2e2dfd.jpg,2,#242b2e,0.19148333333333334,blue/purple
data/latest/images/Sydney_Fashion_Week_backstage_2025_c7259444cf2e2dfd.jpg,3,#dbd5ce,0.11824166666666666,neutrals
data/latest/images/Sydney_Fashion_Week_backstage_2025_c7259444cf2e2dfd.jpg,4,#b49b8e,0.053575,earth
data/latest/images/Sydney_Fashion_Week_backstage_2025_c7259444cf2e2dfd.jpg,5,#795f55,0.04620833333333333,earth
data/latest/images/Sydney_Fashion_Week_backstage_2025_a9fb3c20838e1f27.jpg,1,#e5e3df,0.5815166666666667,neutrals
data/latest/images/Sydney_Fashion_Week_backstage_2025_a9fb3c20838e1f27.jpg,2,#b1a89d,0.17806666666666668,earth
data/latest/images/Sydney_Fashion_Week_backstage_2025_a9fb3c20838e1f27.jpg,3,#45373e,0.0817,primary/jewel
data/latest/images/Sydney_Fashion_Week_backstage_2025_a9fb3c20838e1f27.jpg,4,#807175,0.0802,primary/jewel
data/latest/images/Sydney_Fashion_Week_backstage_2025_a9fb3c20838e1f27.jpg,5,#1a1319,0.07851666666666667,neutrals
data/latest/images/Milan_Fashion_Week_runway_2025_adcc6cc061355dc3.jpg,1,#541a1b,0.3321,primary/jewel
data/latest/images/Milan_Fashion_Week_runway_2025_adcc6cc061355dc3.jpg,2,#b52a34,0.29844166666666666,neon
data/latest/images/Milan_Fashion_Week_runway_2025_adcc6cc061355dc3.jpg,3,#83403f,0.16955,primary/jewel
data/latest/images/Milan_Fashion_Week_runway_2025_adcc6cc061355dc3.jpg,4,#b48469,0.11521666666666666,earth
data/latest/images/Milan_Fashion_Week_runway_2025_adcc6cc061355dc3.jpg,5,#e1c2a6,0.08469166666666667,earth
data/latest/images/London_Fashion_Week_runway_2025_7b95a0246fd9f8fd.jpg,1,#d0cccb,0.30180833333333335,neutrals
data/latest/images/London_Fashion_Week_runway_2025_7b95a0246fd9f8fd.jpg,2,#c0987b,0.29734166666666667,earth
data/latest/images/London_Fashion_Week_runway_2025_7b95a0246fd9f8fd.jpg,3,#924f2f,0.19628333333333334,earth
data/latest/images/London_Fashion_Week_runway_2025_7b95a0246fd9f8fd.jpg,4,#341920,0.1482,primary/jewel
data/latest/images/London_Fashion_Week_runway_2025_7b95a0246fd9f8fd.jpg,5,#5a72b5,0.05636666666666667,blue/purple
data/latest/images/Milan_Fashion_Week_runway_2025_b4bd35b7aea3c099.jpg,1,#0a0714,0.344775,neutrals
data/latest/images/Milan_Fashion_Week_runway_2025_b4bd35b7aea3c099.jpg,2,#fcfdff,0.227875,pastels
data/latest/images/Milan_Fashion_Week_runway_2025_b4bd35b7aea3c099.jpg,3,#31313f,0.16771666666666665,blue/purple
data/latest/images/Milan_Fashion_Week_runway_2025_b4bd35b7aea3c099.jpg,4,#4f5768,0.167575,blue/purple
data/latest/images/Milan_Fashion_Week_runway_2025_b4bd35b7aea3c099.jpg,5,#acafb8,0.09205833333333334,neutrals
data/latest/images/Tokyo_Fashion_Week_runway_2026_06086ef6ac4fc8df.jpg,1,#17171e,0.30815,neutrals
data/latest/images/Tokyo_Fashion_Week_runway_2026_06086ef6ac4fc8df.jpg,2,#374f85,0.25554166666666667,blue/purple
data/latest/images/Tokyo_Fashion_Week_runway_2026_06086ef6ac4fc8df.jpg,3,#6b99f6,0.20311666666666667,blue/purple
data/latest/images/Tokyo_Fashion_Week_runway_2026_06086ef6ac4fc8df.jpg,4,#ededed,0.18785833333333332,pastels
data/latest/images/Tokyo_Fashion_Week_runway_2026_06086ef6ac4fc8df.jpg,5,#a79389,0.04533333333333334,earth
data/latest/images/London_Fashion_Week_runway_2025_6da68d1287210017.webp,1,#cdbea8,0.39755833333333335,earth
data/latest/images/London_Fashion_Week_runway_2025_6da68d1287210017.webp,2,#e4d9d0,0.33936666666666665,earth
data/latest/images/London_Fashion_Week_runway_2025_6da68d1287210017.webp,3,#b39d7b,0.17704166666666668,earth
data/latest/images/London_Fashion_Week_runway_2025_6da68d1287210017.webp,4,#8a7053,0.0528,earth
data/latest/images/London_Fashion_Week_runway_2025_6da68d1287210017.webp,5,#3f2f21,0.03323333333333333,earth
data/latest/images/New_York_Fashion_Week_street_style_2025_0b4ba755974d36fb.jpg,1,#c0c7cf,0.29113333333333336,neutrals
data/latest/images/New_York_Fashion_Week_street_style_2025_0b4ba755974d36fb.jpg,2,#a1a2a9,0.2821166666666667,neutrals
data/latest/images/New_York_Fashion_Week_street_style_2025_0b4ba755974d36fb.jpg,3,#18201a,0.18086666666666668,neutrals
data/latest/images/New_York_Fashion_Week_street_style_2025_0b4ba755974d36fb.jpg,4,#3a433c,0.12978333333333333,green/blue
data/latest/images/New_York_Fashion_Week_street_style_2025_0b4ba755974d36fb.jpg,5,#78787d,0.1161,neutrals
data/latest/images/Sydney_Fashion_Week_runway_2025_8472cb9a5900d9d8.jpg,1,#e6e7eb,0.47989166666666666,pastels
data/latest/images/Sydney_Fashion_Week_runway_2025_8472cb9a5900d9d8.jpg,2,#b8a6a2,0.20125,primary/jewel
data/latest/images/Sydney_Fashion_Week_runway_2025_8472cb9a5900d9d8.jpg,3,#232122,0.133125,neutrals
data/latest/images/Sydney_Fashion_Week_runway_2025_8472cb9a5900d9d8.jpg,4,#7a645f,0.09416666666666666,primary/jewel
data/latest/images/Sydney_Fashion_Week_runway_2025_8472cb9a5900d9d8.jpg,5,#e41e30,0.09156666666666667,neon
data/latest/images/Los_Angeles_Fashion_Week_backstage_2026_5d88206db6fa6762.jpg,1,#09100a,0.7077333333333333,neutrals
data/latest/images/Los_Angeles_Fashion_Week_backstage_2026_5d88206db6fa6762.jpg,2,#dfe0e1,0.1121,neutrals
data/latest/images/Los_Angeles_Fashion_Week_backstage_2026_5d88206db6fa6762.jpg,3,#202821,0.09795833333333333,neutrals
data/latest/images/Los_Angeles_Fashion_Week_backstage_2026_5d88206db6fa6762.jpg,4,#a4a4aa,0.045875,neutrals
data/latest/images/Los_Angeles_Fashion_Week_backstage_2026_5d88206db6fa6762.jpg,5,#5e5d5c,0.036333333333333336,neutrals
data/latest/images/London_Fashion_Week_runway_2025_49fc56629bf53996.jpg,1,#e0e0e6,0.356125,pastels
data/latest/images/London_Fashion_Week_runway_2025_49fc56629bf53996.jpg,2,#534b54,0.3157083333333333,primary/jewel
data/latest/images/London_Fashion_Week_runway_2025_49fc56629bf53996.jpg,3,#6b646e,0.24798333333333333,jewel
data/latest/images/London_Fashion_Week_runway_2025_49fc56629bf53996.jpg,4,#b9aeaf,0.054858333333333335,neutrals
data/latest/images/London_Fashion_Week_runway_2025_49fc56629bf53996.jpg,5,#412322,0.025325,primary/jewel
data/latest/images/Chanel_haute_couture_2020_d5e22136fa7dc907.jpg,1,#b1a9b1,0.320625,neutrals
data/latest/images/Chanel_haute_couture_2020_d5e22136fa7dc907.jpg,2,#ccc7ce,0.21456666666666666,neutrals
data/latest/images/Chanel_haute_couture_2020_d5e22136fa7dc907.jpg,3,#81787c,0.18246666666666667,neutrals
data/latest/images/Chanel_haute_couture_2020_d5e22136fa7dc907.jpg,4,#4d4445,0.14444166666666666,primary/jewel
data/latest/images/Chanel_haute_couture_2020_d5e22136fa7dc907.jpg,5,#161415,0.1379,neutrals
data/latest/images/Los_Angeles_Fashion_Week_backstage_2026_56bbc16726e54553.jpg,1,#d6d2cb,0.27125,neutrals
data/latest/images/Los_Angeles_Fashion_Week_backstage_2026_56bbc16726e54553.jpg,2,#afa9a1,0.2452,neutrals
data/latest/images/Los_Angeles_Fashion_Week_backstage_2026_56bbc16726e54553.jpg,3,#4b423c,0.18405833333333332,earth
data/latest/images/Los_Angeles_Fashion_Week_backstage_2026_56bbc16726e54553.jpg,4,#8e7e6c,0.157275,earth
data/latest/images/Los_Angeles_Fashion_Week_backstage_2026_56bbc16726e54553.jpg,5,#171413,0.14221666666666666,neutrals
data/latest/images/Gucci_Fall_2013_runway_97381f2ee03c17ff.jpg,1,#03080e,0.8355833333333333,neutrals
data/latest/images/Gucci_Fall_2013_runway_97381f2ee03c17ff.jpg,2,#24242e,0.10090833333333334,blue/purple
data/latest/images/Gucci_Fall_2013_runway_97381f2ee03c17ff.jpg,3,#534251,0.038891666666666665,primary/jewel
data/latest/images/Gucci_Fall_2013_runway_97381f2ee03c17ff.jpg,4,#907e91,0.015858333333333332,primary/jewel
data/latest/images/Gucci_Fall_2013_runway_97381f2ee03c17ff.jpg,5,#d3ccd4,0.008758333333333333,neutrals
data/latest/images/editorial_fashion_2025_31e6d1976c207d46.jpg,1,#c6cdec,0.44554166666666667,pastels
data/latest/images/editorial_fashion_2025_31e6d1976c207d46.jpg,2,#98afe1,0.24978333333333333,blue/purple
data/latest/images/editorial_fashion_2025_31e6d1976c207d46.jpg,3,#130f1b,0.19613333333333333,neutrals
data/latest/images/editorial_fashion_2025_31e6d1976c207d46.jpg,4,#7083ba,0.06426666666666667,blue/purple
data/latest/images/editorial_fashion_2025_31e6d1976c207d46.jpg,5,#4a3a4a,0.044275,primary/jewel
data/latest/images/Copenhagen_Fashion_Week_street_style_2026_7d0c012e49a7e8ef.jpg,1,#120e0b,0.34476666666666667,neutrals
data/latest/images/Copenhagen_Fashion_Week_street_style_2026_7d0c012e49a7e8ef.jpg,2,#a99274,0.21356666666666665,earth
data/latest/images/Copenhagen_Fashion_Week_street_style_2026_7d0c012e49a7e8ef.jpg,3,#6f5d49,0.15420833333333334,earth
data/latest/images/Copenhagen_Fashion_Week_street_style_2026_7d0c012e49a7e8ef.jpg,4,#433122,0.152175,earth
data/latest/images/Copenhagen_Fashion_Week_street_style_2026_7d0c012e49a7e8ef.jpg,5,#e6c6ab,0.13528333333333334,earth
data/latest/images/New_York_Fashion_Week_street_style_2025_9da30beba9315338.jpg,1,#857e7a,0.3392833333333333,earth
data/latest/images/New_York_Fashion_Week_street_style_2025_9da30beba9315338.jpg,2,#a89d98,0.25145,earth
data/latest/images/New_York_Fashion_Week_street_style_2025_9da30beba9315338.jpg,3,#2e262d,0.1923,primary/jewel
data/latest/images/New_York_Fashion_Week_street_style_2025_9da30beba9315338.jpg,4,#5f524b,0.1382,earth
data/latest/images/New_York_Fashion_Week_street_style_2025_9da30beba9315338.jpg,5,#d1c4bf,0.07876666666666667,earth
data/latest/images/Milan_Fashion_Week_runway_2025_6f2bc5a9d1270011.jpg,1,#0d0a0b,0.4371083333333333,neutrals
data/latest/images/Milan_Fashion_Week_runway_2025_6f2bc5a9d1270011.jpg,2,#cfd0d2,0.17719166666666666,neutrals
data/latest/images/Milan_Fashion_Week_runway_2025_6f2bc5a9d1270011.jpg,3,#9b9a9e,0.14384166666666667,neutrals
data/latest/images/Milan_Fashion_Week_runway_2025_6f2bc5a9d1270011.jpg,4,#362c28,0.13971666666666666,earth
data/latest/images/Milan_Fashion_Week_runway_2025_6f2bc5a9d1270011.jpg,5,#6f6056,0.10214166666666667,earth
data/latest/images/London_Fashion_Week_street_style_2025_fc87da4f9ec902f2.jpg,1,#17141e,0.2769666666666667,neutrals
data/latest/images/London_Fashion_Week_street_style_2025_fc87da4f9ec902f2.jpg,2,#2e2a32,0.20689166666666667,jewel
data/latest/images/London_Fashion_Week_street_style_2025_fc87da4f9ec902f2.jpg,3,#4d4a4c,0.1845,neutrals
data/latest/images/London_Fashion_Week_street_style_2025_fc87da4f9ec902f2.jpg,4,#726f6e,0.17778333333333332,neutrals
data/latest/images/London_Fashion_Week_street_style_2025_fc87da4f9ec902f2.jpg,5,#baafb9,0.15385833333333335,neutrals
data/latest/images/Sydney_Fashion_Week_runway_2025_0c3ff3564ded29fe.jpg,1,#131417,0.26259166666666667,neutrals
data/latest/images/Sydney_Fashion_Week_runway_2025_0c3ff3564ded29fe.jpg,2,#c5c6ca,0.26125,neutrals
data/latest/images/Sydney_Fashion_Week_runway_2025_0c3ff3564ded29fe.jpg,3,#393c40,0.19923333333333335,blue/purple
data/latest/images/Sydney_Fashion_Week_runway_2025_0c3ff3564ded29fe.jpg,4,#a1a2a4,0.13990833333333333,neutrals
data/latest/images/Sydney_Fashion_Week_runway_2025_0c3ff3564ded29fe.jpg,5,#676a6f,0.13701666666666668,neutrals
data/latest/images/New_York_Fashion_Week_runway_2025_34e780fed3541efd.webp,1,#baa28f,0.33698333333333336,earth
data/latest/images/New_York_Fashion_Week_runway_2025_34e780fed3541efd.webp,2,#73543e,0.212175,earth
data/latest/images/New_York_Fashion_Week_runway_2025_34e780fed3541efd.webp,3,#1f140d,0.20901666666666666,neutrals
data/latest/images/New_York_Fashion_Week_runway_2025_34e780fed3541efd.webp,4,#eee2d7,0.1799,pastels
data/latest/images/New_York_Fashion_Week_runway_2025_34e780fed3541efd.webp,5,#b10b17,0.061925,primary/jewel
data/latest/images/Gucci_Fall_2013_runway_37e3e4e30f54f852.jpg,1,#020409,0.7609916666666666,neutrals
data/latest/images/Gucci_Fall_2013_runway_37e3e4e30f54f852.jpg,2,#22242d,0.09781666666666666,neutrals
data/latest/images/Gucci_Fall_2013_runway_37e3e4e30f54f852.jpg,3,#837a73,0.06460833333333334,earth
data/latest/images/Gucci_Fall_2013_runway_37e3e4e30f54f852.jpg,4,#554f48,0.05516666666666667,earth
data/latest/images/Gucci_Fall_2013_runway_37e3e4e30f54f852.jpg,5,#e8d5d2,0.021416666666666667,pastels
data/latest/images/Milan_Fashion_Week_runway_2025_bae59047c2d27c51.jpg,1,#0d0709,0.3963333333333333,neutrals
data/latest/images/Milan_Fashion_Week_runway_2025_bae59047c2d27c51.jpg,2,#2d2223,0.271325,neutrals
data/latest/images/Milan_Fashion_Week_runway_2025_bae59047c2d27c51.jpg,3,#e4d8cd,0.15385833333333335,earth
data/latest/images/Milan_Fashion_Week_runway_2025_bae59047c2d27c51.jpg,4,#b5aba2,0.100325,earth
data/latest/images/Milan_Fashion_Week_runway_2025_bae59047c2d27c51.jpg,5,#797675,0.07815833333333333,neutrals
data/latest/images/runway_fashion_2025_a756947f32a1dd49.jpg,1,#dbccb8,0.31519166666666665,earth
data/latest/images/runway_fashion_2025_a756947f32a1dd49.jpg,2,#ede8e3,0.24033333333333334,pastels
data/latest/images/runway_fashion_2025_a756947f32a1dd49.jpg,3,#282625,0.17686666666666667,neutrals
data/latest/images/runway_fashion_2025_a756947f32a1dd49.jpg,4,#c0aa87,0.17435833333333334,earth
data/latest/images/runway_fashion_2025_a756947f32a1dd49.jpg,5,#79604b,0.09325,earth
data/latest/images/leopard_print_runway_1990s_aa1431bb78dddf7f.jpg,1,#f8fcf6,0.511625,pastels
data/latest/images/leopard_print_runway_1990s_aa1431bb78dddf7f.jpg,2,#433633,0.1993,primary/jewel
data/latest/images/leopard_print_runway_1990s_aa1431bb78dddf7f.jpg,3,#191919,0.14616666666666667,neutrals
data/latest/images/leopard_print_runway_1990s_aa1431bb78dddf7f.jpg,4,#805f4c,0.08105833333333333,earth
data/latest/images/leopard_print_runway_1990s_aa1431bb78dddf7f.jpg,5,#c9a48c,0.06185,earth
data/latest/images/Tokyo_Fashion_Week_street_style_2025_39a5a76d20dd5ead.jpg,1,#e4e7e6,0.323575,pastels
data/latest/images/Tokyo_Fashion_Week_street_style_2025_39a5a76d20dd5ead.jpg,2,#c7c6c4,0.2876416666666667,neutrals
data/latest/images/Tokyo_Fashion_Week_street_style_2025_39a5a76d20dd5ead.jpg,3,#8f8d8f,0.16786666666666666,neutrals
data/latest/images/Tokyo_Fashion_Week_street_style_2025_39a5a76d20dd5ead.jpg,4,#56565b,0.12935833333333333,neutrals
data/latest/images/Tokyo_Fashion_Week_street_style_2025_39a5a76d20dd5ead.jpg,5,#212228,0.09155833333333334,neutrals
data/latest/images/lookbook_fashion_2026_7c8c266b0d1460da.jpg,1,#a0a3aa,0.43201666666666666,neutrals
data/latest/images/lookbook_fashion_2026_7c8c266b0d1460da.jpg,2,#c5c7d1,0.19615,neutrals
data/latest/images/lookbook_fashion_2026_7c8c266b0d1460da.jpg,3,#28202d,0.16671666666666668,neutrals
data/latest/images/lookbook_fashion_2026_7c8c266b0d1460da.jpg,4,#2a4981,0.11719166666666667,blue/purple
data/latest/images/lookbook_fashion_2026_7c8c266b0d1460da.jpg,5,#78524f,0.087925,primary/jewel
data/latest/images/Sydney_Fashion_Week_backstage_2025_3232893caef56974.jpg,1,#675449,0.282675,earth
data/latest/images/Sydney_Fashion_Week_backstage_2025_3232893caef56974.jpg,2,#191313,0.23273333333333332,neutrals
data/latest/images/Sydney_Fashion_Week_backstage_2025_3232893caef56974.jpg,3,#402e26,0.18815,earth
data/latest/images/Sydney_Fashion_Week_backstage_2025_3232893caef56974.jpg,4,#967361,0.17264166666666667,earth
data/latest/images/Sydney_Fashion_Week_backstage_2025_3232893caef56974.jpg,5,#aea59a,0.1238,earth
data/latest/images/runway_fashion_2025_24435c3f7513a33f.jpg,1,#cbb0a0,0.35425833333333334,earth
data/latest/images/runway_fashion_2025_24435c3f7513a33f.jpg,2,#53411c,0.21525,earth
data/latest/images/runway_fashion_2025_24435c3f7513a33f.jpg,3,#ede5e1,0.18275833333333333,pastels
data/latest/images/runway_fashion_2025_24435c3f7513a33f.jpg,4,#91703d,0.12760833333333332,earth
data/latest/images/runway_fashion_2025_24435c3f7513a33f.jpg,5,#231a12,0.120125,neutrals
data/latest/images/Tokyo_Fashion_Week_runway_2026_58cd293a53366466.png,1,#a59b8c,0.390075,earth
data/latest/images/Tokyo_Fashion_Week_runway_2026_58cd293a53366466.png,2,#695948,0.19785,earth
data/latest/images/Tokyo_Fashion_Week_runway_2026_58cd293a53366466.png,3,#2c2415,0.18701666666666666,neutrals
data/latest/images/Tokyo_Fashion_Week_runway_2026_58cd293a53366466.png,4,#ccb4a3,0.142775,earth
data/latest/images/Tokyo_Fashion_Week_runway_2026_58cd293a53366466.png,5,#d6474b,0.08228333333333333,primary/jewel
data/latest/images/New_York_Fashion_Week_runway_2025_a4cf61319c97dae9.jpg,1,#030303,0.731171875,neutrals
data/latest/images/New_York_Fashion_Week_runway_2025_a4cf61319c97dae9.jpg,2,#f4f7f6,0.09552951388888889,pastels
data/latest/images/New_York_Fashion_Week_runway_2025_a4cf61319c97dae9.jpg,3,#432a26,0.06657986111111111,primary/jewel
data/latest/images/New_York_Fashion_Week_runway_2025_a4cf61319c97dae9.jpg,4,#beb3a0,0.05956597222222222,earth
data/latest/images/New_York_Fashion_Week_runway_2025_a4cf61319c97dae9.jpg,5,#836661,0.04715277777777778,primary/jewel
data/latest/images/lookbook_fashion_2025_415f97118c1ef6e8.jpg,1,#113b33,0.39231666666666665,blue/purple
data/latest/images/lookbook_fashion_2025_415f97118c1ef6e8.jpg,2,#204e4a,0.28230833333333333,blue/purple
data/latest/images/lookbook_fashion_2025_415f97118c1ef6e8.jpg,3,#85c7f0,0.17450833333333332,blue/purple
data/latest/images/lookbook_fashion_2025_415f97118c1ef6e8.jpg,4,#5387b2,0.08428333333333334,blue/purple
data/latest/images/lookbook_fashion_2025_415f97118c1ef6e8.jpg,5,#08121d,0.06658333333333333,neutrals
data/latest/images/Balmain_burgundy_runway_2025_83b829e415e54ed9.jpg,1,#ebe0da,0.31448333333333334,pastels
data/latest/images/Balmain_burgundy_runway_2025_83b829e415e54ed9.jpg,2,#141a1b,0.24024166666666666,neutrals
data/latest/images/Balmain_burgundy_runway_2025_83b829e415e54ed9.jpg,3,#525457,0.2267,neutrals
data/latest/images/Balmain_burgundy_runway_2025_83b829e415e54ed9.jpg,4,#ee3a2e,0.14795,neon
data/latest/images/Balmain_burgundy_runway_2025_83b829e415e54ed9.jpg,5,#d8a998,0.070625,earth
data/latest/images/Milan_Fashion_Week_runway_2025_47e2dbdd3a902dc8.jpg,1,#090a0c,0.445175,neutrals
data/latest/images/Milan_Fashion_Week_runway_2025_47e2dbdd3a902dc8.jpg,2,#232830,0.17656666666666668,blue/purple
data/latest/images/Milan_Fashion_Week_runway_2025_47e2dbdd3a902dc8.jpg,3,#454954,0.17393333333333333,blue/purple
data/latest/images/Milan_Fashion_Week_runway_2025_47e2dbdd3a902dc8.jpg,4,#8a7b6b,0.14568333333333333,earth
data/latest/images/Milan_Fashion_Week_runway_2025_47e2dbdd3a902dc8.jpg,5,#d3c5c7,0.05864166666666667,neutrals
data/latest/images/Copenhagen_Fashion_Week_street_style_2026_577a122f9317b211.jpg,1,#dadada,0.38908333333333334,neutrals
data/latest/images/Copenhagen_Fashion_Week_street_style_2026_577a122f9317b211.jpg,2,#392f29,0.21783333333333332,earth
data/latest/images/Copenhagen_Fashion_Week_street_style_2026_577a122f9317b211.jpg,3,#15120f,0.21501666666666666,neutrals
data/latest/images/Copenhagen_Fashion_Week_street_style_2026_577a122f9317b211.jpg,4,#9c8a80,0.09095833333333334,earth
data/latest/images/Copenhagen_Fashion_Week_street_style_2026_577a122f9317b211.jpg,5,#605248,0.08710833333333333,earth
data/latest/images/Paris_Fashion_Week_runway_2026_f4c0ddba43e150ec.jpg,1,#aeaeb8,0.36440833333333333,neutrals
data/latest/images/Paris_Fashion_Week_runway_2026_f4c0ddba43e150ec.jpg,2,#cecdd5,0.322325,neutrals
data/latest/images/Paris_Fashion_Week_runway_2026_f4c0ddba43e150ec.jpg,3,#3b2e3b,0.14033333333333334,primary/jewel
data/latest/images/Paris_Fashion_Week_runway_2026_f4c0ddba43e150ec.jpg,4,#6e6272,0.1166,primary/jewel
data/latest/images/Paris_Fashion_Week_runway_2026_f4c0ddba43e150ec.jpg,5,#c04d6c,0.05633333333333333,primary/jewel
data/latest/images/vogue_runway_emerald_dress_906392c8c8d27446.jpg,1,#fcffff,0.7557416666666666,pastels
data/latest/images/vogue_runway_emerald_dress_906392c8c8d27446.jpg,2,#008863,0.113075,green/blue
data/latest/images/vogue_runway_emerald_dress_906392c8c8d27446.jpg,3,#10b389,0.05973333333333333,neon
data/latest/images/vogue_runway_emerald_dress_906392c8c8d27446.jpg,4,#00583d,0.047358333333333336,green/blue
data/latest/images/vogue_runway_emerald_dress_906392c8c8d27446.jpg,5,#031c12,0.024091666666666667,neutrals
data/latest/images/Milan_Fashion_Week_runway_2026_d6f50f225bbc7bb2.jpg,1,#403935,0.2699083333333333,earth
data/latest/images/Milan_Fashion_Week_runway_2026_d6f50f225bbc7bb2.jpg,2,#d2d1cf,0.24535833333333334,neutrals
data/latest/images/Milan_Fashion_Week_runway_2026_d6f50f225bbc7bb2.jpg,3,#b0a79f,0.21624166666666667,earth
data/latest/images/Milan_Fashion_Week_runway_2026_d6f50f225bbc7bb2.jpg,4,#7f7570,0.14499166666666666,earth
data/latest/images/Milan_Fashion_Week_runway_2026_d6f50f225bbc7bb2.jpg,5,#171413,0.1235,neutrals
data/latest/images/leopard_print_runway_1990s_ed2a0092398c36c0.jpg,1,#1f0e13,0.24768333333333334,neutrals
data/latest/images/leopard_print_runway_1990s_ed2a0092398c36c0.jpg,2,#9e463d,0.21009166666666668,primary/jewel
data/latest/images/leopard_print_runway_1990s_ed2a0092398c36c0.jpg,3,#cd7453,0.2087,earth
data/latest/images/leopard_print_runway_1990s_ed2a0092398c36c0.jpg,4,#5e2324,0.18845833333333334,primary/jewel
data/latest/images/leopard_print_runway_1990s_ed2a0092398c36c0.jpg,5,#ebb989,0.14506666666666668,earth
data/latest/images/runway_backstage_fashion_2025_f0a68ec13e56d2de.webp,1,#abbbda,0.2957416666666667,blue/purple
data/latest/images/runway_backstage_fashion_2025_f0a68ec13e56d2de.webp,2,#7b87a2,0.23381666666666667,blue/purple
data/latest/images/runway_backstage_fashion_2025_f0a68ec13e56d2de.webp,3,#e2ebf5,0.20525833333333332,pastels
data/latest/images/runway_backstage_fashion_2025_f0a68ec13e56d2de.webp,4,#12161f,0.17256666666666667,neutrals
data/latest/images/runway_backstage_fashion_2025_f0a68ec13e56d2de.webp,5,#464b5e,0.09261666666666667,blue/purple
data/latest/images/leopard_print_runway_1990s_fa2193da2b956524.jpg,1,#1b1517,0.39279166666666665,neutrals
data/latest/images/leopard_print_runway_1990s_fa2193da2b956524.jpg,2,#e3d7d0,0.20919166666666666,earth
data/latest/images/leopard_print_runway_1990s_fa2193da2b956524.jpg,3,#3e2a22,0.17915833333333334,earth
data/latest/images/leopard_print_runway_1990s_fa2193da2b956524.jpg,4,#725441,0.11310833333333334,earth
data/latest/images/leopard_print_runway_1990s_fa2193da2b956524.jpg,5,#b39685,0.10575,earth
data/latest/images/Balmain_burgundy_runway_2025_08f70e0bec333d08.jpg,1,#f0eef7,0.4499666666666667,pastels
data/latest/images/Balmain_burgundy_runway_2025_08f70e0bec333d08.jpg,2,#d6d0dc,0.22316666666666668,neutrals
data/latest/images/Balmain_burgundy_runway_2025_08f70e0bec333d08.jpg,3,#1f2123,0.17813333333333334,neutrals
data/latest/images/Balmain_burgundy_runway_2025_08f70e0bec333d08.jpg,4,#b69f95,0.08755833333333334,earth
data/latest/images/Balmain_burgundy_runway_2025_08f70e0bec333d08.jpg,5,#674f4d,0.061175,primary/jewel
data/latest/images/Seoul_Fashion_Week_street_style_2025_584c429c979f6234.jpg,1,#1d1d1d,0.26836666666666664,neutrals
data/latest/images/Seoul_Fashion_Week_street_style_2025_584c429c979f6234.jpg,2,#544a44,0.244125,earth
data/latest/images/Seoul_Fashion_Week_street_style_2025_584c429c979f6234.jpg,3,#d1bba3,0.20216666666666666,earth
data/latest/images/Seoul_Fashion_Week_street_style_2025_584c429c979f6234.jpg,4,#8f7d73,0.17874166666666666,earth
data/latest/images/Seoul_Fashion_Week_street_style_2025_584c429c979f6234.jpg,5,#f5f5ef,0.1066,pastels
data/latest/images/Stockholm_Fashion_Week_street_style_2026_4f9744094fedcc89.jpg,1,#021617,0.30218333333333336,neutrals
data/latest/images/Stockholm_Fashion_Week_street_style_2026_4f9744094fedcc89.jpg,2,#6c7568,0.2857,green/blue
data/latest/images/Stockholm_Fashion_Week_street_style_2026_4f9744094fedcc89.jpg,3,#908d7b,0.25215,earth
data/latest/images/Stockholm_Fashion_Week_street_style_2026_4f9744094fedcc89.jpg,4,#3d4639,0.08771666666666667,green/blue
data/latest/images/Stockholm_Fashion_Week_street_style_2026_4f9744094fedcc89.jpg,5,#c5b3a4,0.07225,earth
data/latest/images/Milan_Fashion_Week_runway_2025_7200695712e48dbc.webp,1,#dddcde,0.556125,neutrals
data/latest/images/Milan_Fashion_Week_runway_2025_7200695712e48dbc.webp,2,#46352f,0.16908333333333334,earth
data/latest/images/Milan_Fashion_Week_runway_2025_7200695712e48dbc.webp,3,#f2f1f5,0.10821666666666667,pastels
data/latest/images/Milan_Fashion_Week_runway_2025_7200695712e48dbc.webp,4,#8f8886,0.09055,neutrals
data/latest/images/Milan_Fashion_Week_runway_2025_7200695712e48dbc.webp,5,#c5b6ae,0.076025,earth
data/latest/images/Seoul_Fashion_Week_street_style_2025_bf809a342974b80c.webp,1,#706f66,0.23159166666666667,earth
data/latest/images/Seoul_Fashion_Week_street_style_2025_bf809a342974b80c.webp,2,#111214,0.21891666666666668,neutrals
data/latest/images/Seoul_Fashion_Week_street_style_2025_bf809a342974b80c.webp,3,#aa9e95,0.20186666666666667,earth
data/latest/images/Seoul_Fashion_Week_street_style_2025_bf809a342974b80c.webp,4,#e0dbdc,0.17556666666666668,neutrals
data/latest/images/Seoul_Fashion_Week_street_style_2025_bf809a342974b80c.webp,5,#2d3639,0.17205833333333334,blue/purple
data/latest/images/Sydney_Fashion_Week_runway_2025_ba1fe2adfeb38482.jpg,1,#524b50,0.351675,primary/jewel
data/latest/images/Sydney_Fashion_Week_runway_2025_ba1fe2adfeb38482.jpg,2,#e3e2ea,0.2627333333333333,pastels
data/latest/images/Sydney_Fashion_Week_runway_2025_ba1fe2adfeb38482.jpg,3,#695d62,0.25654166666666667,primary/jewel
data/latest/images/Sydney_Fashion_Week_runway_2025_ba1fe2adfeb38482.jpg,4,#a57367,0.065825,primary/jewel
data/latest/images/Sydney_Fashion_Week_runway_2025_ba1fe2adfeb38482.jpg,5,#acb1d2,0.063225,blue/purple
data/latest/images/Stockholm_Fashion_Week_street_style_2026_177bbf17ef56217f.jpg,1,#ccb49f,0.25054166666666666,earth
data/latest/images/Stockholm_Fashion_Week_street_style_2026_177bbf17ef56217f.jpg,2,#170908,0.237075,neutrals
data/latest/images/Stockholm_Fashion_Week_street_style_2026_177bbf17ef56217f.jpg,3,#a67b52,0.18909166666666666,earth
data/latest/images/Stockholm_Fashion_Week_street_style_2026_177bbf17ef56217f.jpg,4,#805337,0.1705,earth
data/latest/images/Stockholm_Fashion_Week_street_style_2026_177bbf17ef56217f.jpg,5,#4f2917,0.15279166666666666,earth
data/latest/images/London_Fashion_Week_street_style_2025_1ad11ef6c816ad9b.jpg,1,#171618,0.32971666666666666,neutrals
data/latest/images/London_Fashion_Week_street_style_2025_1ad11ef6c816ad9b.jpg,2,#3d3a39,0.240725,neutrals
data/latest/images/London_Fashion_Week_street_style_2025_1ad11ef6c816ad9b.jpg,3,#a99a92,0.19054166666666666,earth
data/latest/images/London_Fashion_Week_street_style_2025_1ad11ef6c816ad9b.jpg,4,#6e625c,0.184125,earth
data/latest/images/London_Fashion_Week_street_style_2025_1ad11ef6c816ad9b.jpg,5,#e3e0e1,0.054891666666666665,neutrals
data/latest/images/Copenhagen_Fashion_Week_street_style_2026_71de9d149e4bb653.jpg,1,#777779,0.299225,neutrals
data/latest/images/Copenhagen_Fashion_Week_street_style_2026_71de9d149e4bb653.jpg,2,#141a1a,0.21144166666666667,neutrals
data/latest/images/Copenhagen_Fashion_Week_street_style_2026_71de9d149e4bb653.jpg,3,#d2cbcf,0.18241666666666667,neutrals
data/latest/images/Copenhagen_Fashion_Week_street_style_2026_71de9d149e4bb653.jpg,4,#4a4c4b,0.15610833333333332,neutrals
data/latest/images/Copenhagen_Fashion_Week_street_style_2026_71de9d149e4bb653.jpg,5,#a69f9b,0.15080833333333332,neutrals
data/latest/images/Stockholm_Fashion_Week_street_style_2025_fceee36d5a149ca4.png,1,#929298,0.27723333333333333,neutrals
data/latest/images/Stockholm_Fashion_Week_street_style_2025_fceee36d5a149ca4.png,2,#706b6a,0.24425833333333333,neutrals
data/latest/images/Stockholm_Fashion_Week_street_style_2025_fceee36d5a149ca4.png,3,#121b26,0.21905833333333333,neutrals
data/latest/images/Stockholm_Fashion_Week_street_style_2025_fceee36d5a149ca4.png,4,#474545,0.19245833333333334,neutrals
data/latest/images/Stockholm_Fashion_Week_street_style_2025_fceee36d5a149ca4.png,5,#c4caca,0.06699166666666667,neutrals
data/latest/images/Tokyo_Fashion_Week_runway_2026_1e7d085501299b70.jpg,1,#4e4c50,0.31919166666666665,neutrals
data/latest/images/Tokyo_Fashion_Week_runway_2026_1e7d085501299b70.jpg,2,#666569,0.265575,neutrals
data/latest/images/Tokyo_Fashion_Week_runway_2026_1e7d085501299b70.jpg,3,#e1e9eb,0.24946666666666667,pastels
data/latest/images/Tokyo_Fashion_Week_runway_2026_1e7d085501299b70.jpg,4,#c1c7ce,0.10446666666666667,neutrals
data/latest/images/Tokyo_Fashion_Week_runway_2026_1e7d085501299b70.jpg,5,#86998f,0.0613,green/blue
data/latest/images/Sydney_Fashion_Week_backstage_2025_6f85ce93d0e9ab70.jpg,1,#9f8c85,0.287125,earth
data/latest/images/Sydney_Fashion_Week_backstage_2025_6f85ce93d0e9ab70.jpg,2,#81716c,0.2241,primary/jewel
data/latest/images/Sydney_Fashion_Week_backstage_2025_6f85ce93d0e9ab70.jpg,3,#141618,0.21431666666666666,neutrals
data/latest/images/Sydney_Fashion_Week_backstage_2025_6f85ce93d0e9ab70.jpg,4,#c8a496,0.18225833333333333,earth
data/latest/images/Sydney_Fashion_Week_backstage_2025_6f85ce93d0e9ab70.jpg,5,#4c342a,0.0922,earth
data/latest/images/London_Fashion_Week_runway_2025_795167f4d3947f36.jpg,1,#e3d5c4,0.3965666666666667,earth
data/latest/images/London_Fashion_Week_runway_2025_795167f4d3947f36.jpg,2,#c4ae8d,0.211825,earth
data/latest/images/London_Fashion_Week_runway_2025_795167f4d3947f36.jpg,3,#703020,0.15211666666666668,primary/jewel
data/latest/images/London_Fashion_Week_runway_2025_795167f4d3947f36.jpg,4,#9e5a47,0.13260833333333333,primary/jewel
data/latest/images/London_Fashion_Week_runway_2025_795167f4d3947f36.jpg,5,#362026,0.10688333333333333,primary/jewel
data/latest/images/Milan_Fashion_Week_runway_2025_d4f0117a08b85e00.jpg,1,#03060a,0.32025,neutrals
data/latest/images/Milan_Fashion_Week_runway_2025_d4f0117a08b85e00.jpg,2,#2b2b36,0.24454166666666666,blue/purple
data/latest/images/Milan_Fashion_Week_runway_2025_d4f0117a08b85e00.jpg,3,#4c4d57,0.23206666666666667,blue/purple
data/latest/images/Milan_Fashion_Week_runway_2025_d4f0117a08b85e00.jpg,4,#d7dbe3,0.11589166666666667,neutrals
data/latest/images/Milan_Fashion_Week_runway_2025_d4f0117a08b85e00.jpg,5,#8b7e80,0.08725,primary/jewel
data/latest/images/London_Fashion_Week_runway_2025_1d3d8da0cdcf5847.jpg,1,#060606,0.5711583333333333,neutrals
data/latest/images/London_Fashion_Week_runway_2025_1d3d8da0cdcf5847.jpg,2,#64554e,0.14475833333333332,earth
data/latest/images/London_Fashion_Week_runway_2025_1d3d8da0cdcf5847.jpg,3,#281f1f,0.10741666666666666,neutrals
data/latest/images/London_Fashion_Week_runway_2025_1d3d8da0cdcf5847.jpg,4,#817479,0.10564166666666666,primary/jewel
data/latest/images/London_Fashion_Week_runway_2025_1d3d8da0cdcf5847.jpg,5,#e4b1c3,0.071025,primary/jewel
data/latest/images/vogue_runway_emerald_dress_87b0aca83ef9457f.jpg,1,#4c7216,0.3125833333333333,green/blue
data/latest/images/vogue_runway_emerald_dress_87b0aca83ef9457f.jpg,2,#bfaca2,0.206975,earth
data/latest/images/vogue_runway_emerald_dress_87b0aca83ef9457f.jpg,3,#191817,0.18355833333333332,neutrals
data/latest/images/vogue_runway_emerald_dress_87b0aca83ef9457f.jpg,4,#947769,0.15836666666666666,earth
data/latest/images/vogue_runway_emerald_dress_87b0aca83ef9457f.jpg,5,#494339,0.13851666666666668,earth
data/latest/images/New_York_Fashion_Week_street_style_2025_f1345348b6b813a5.png,1,#4d4440,0.24538333333333334,earth
data/latest/images/New_York_Fashion_Week_street_style_2025_f1345348b6b813a5.png,2,#e1c3b9,0.2303,earth
data/latest/images/New_York_Fashion_Week_street_style_2025_f1345348b6b813a5.png,3,#1d1918,0.20048333333333335,neutrals
data/latest/images/New_York_Fashion_Week_street_style_2025_f1345348b6b813a5.png,4,#fbf9f9,0.16703333333333334,pastels
data/latest/images/New_York_Fashion_Week_street_style_2025_f1345348b6b813a5.png,5,#8d7a6c,0.1568,earth
data/latest/images/Los_Angeles_Fashion_Week_backstage_2026_918b4e8ce7868be4.jpg,1,#040404,0.43655,neutrals
data/latest/images/Los_Angeles_Fashion_Week_backstage_2026_918b4e8ce7868be4.jpg,2,#4a3826,0.20005833333333334,earth
data/latest/images/Los_Angeles_Fashion_Week_backstage_2026_918b4e8ce7868be4.jpg,3,#342719,0.18605,earth
data/latest/images/Los_Angeles_Fashion_Week_backstage_2026_918b4e8ce7868be4.jpg,4,#121430,0.10219166666666667,blue/purple
data/latest/images/Los_Angeles_Fashion_Week_backstage_2026_918b4e8ce7868be4.jpg,5,#a1653a,0.07515,earth
data/latest/images/fashion_campaign_2026_d9498517ea8af727.jpg,1,#837e51,0.3178916666666667,earth
data/latest/images/fashion_campaign_2026_d9498517ea8af727.jpg,2,#1e1f27,0.21741666666666667,neutrals
data/latest/images/fashion_campaign_2026_d9498517ea8af727.jpg,3,#5c5848,0.1901,earth
data/latest/images/fashion_campaign_2026_d9498517ea8af727.jpg,4,#ceb3a3,0.14435,earth
data/latest/images/fashion_campaign_2026_d9498517ea8af727.jpg,5,#8690a1,0.13024166666666667,blue/purple
data/latest/images/Paris_Fashion_Week_runway_2026_e5ef182d44b05d28.webp,1,#1b2f23,0.39619166666666666,green/blue
data/latest/images/Paris_Fashion_Week_runway_2026_e5ef182d44b05d28.webp,2,#08140d,0.28270833333333334,neutrals
data/latest/images/Paris_Fashion_Week_runway_2026_e5ef182d44b05d28.webp,3,#c0b6ac,0.13378333333333334,earth
data/latest/images/Paris_Fashion_Week_runway_2026_e5ef182d44b05d28.webp,4,#93857d,0.09656666666666666,earth
data/latest/images/Paris_Fashion_Week_runway_2026_e5ef182d44b05d28.webp,5,#595752,0.09075,neutrals
data/latest/images/New_York_Fashion_Week_runway_2025_cbb53b160a213630.jpg,1,#0d0a0d,0.43046666666666666,neutrals
data/latest/images/New_York_Fashion_Week_runway_2025_cbb53b160a213630.jpg,2,#f6f6f2,0.23718333333333333,pastels
data/latest/images/New_York_Fashion_Week_runway_2025_cbb53b160a213630.jpg,3,#3a2f26,0.15365,earth
data/latest/images/New_York_Fashion_Week_runway_2025_cbb53b160a213630.jpg,4,#6b5c51,0.10885,earth
data/latest/images/New_York_Fashion_Week_runway_2025_cbb53b160a213630.jpg,5,#cdc7b7,0.06985,earth
data/latest/images/Milan_Fashion_Week_runway_2026_57b085d335eca7e7.png,1,#7d7169,0.24081666666666668,earth
data/latest/images/Milan_Fashion_Week_runway_2026_57b085d335eca7e7.png,2,#f1ece9,0.21685833333333332,pastels
data/latest/images/Milan_Fashion_Week_runway_2026_57b085d335eca7e7.png,3,#c0ac97,0.21420833333333333,earth
data/latest/images/Milan_Fashion_Week_runway_2026_57b085d335eca7e7.png,4,#151216,0.16420833333333335,neutrals
data/latest/images/Milan_Fashion_Week_runway_2026_57b085d335eca7e7.png,5,#502e2a,0.16390833333333332,primary/jewel
data/latest/images/editorial_fashion_2025_e644da8d5e2d574a.jpg,1,#484b58,0.2909,blue/purple
data/latest/images/editorial_fashion_2025_e644da8d5e2d574a.jpg,2,#8eaeba,0.21911666666666665,blue/purple
data/latest/images/editorial_fashion_2025_e644da8d5e2d574a.jpg,3,#cca879,0.21834166666666666,earth
data/latest/images/editorial_fashion_2025_e644da8d5e2d574a.jpg,4,#78787a,0.20191666666666666,neutrals
data/latest/images/editorial_fashion_2025_e644da8d5e2d574a.jpg,5,#d6dad3,0.069725,neutrals
data/latest/images/Tokyo_Fashion_Week_street_style_2025_253a8e581093b422.webp,1,#d5dfe1,0.30241666666666667,neutrals
data/latest/images/Tokyo_Fashion_Week_street_style_2025_253a8e581093b422.webp,2,#2d3031,0.21164166666666667,blue/purple
data/latest/images/Tokyo_Fashion_Week_street_style_2025_253a8e581093b422.webp,3,#bdb9b0,0.19156666666666666,neutrals
data/latest/images/Tokyo_Fashion_Week_street_style_2025_253a8e581093b422.webp,4,#988c89,0.18364166666666668,primary/jewel
data/latest/images/Tokyo_Fashion_Week_street_style_2025_253a8e581093b422.webp,5,#565656,0.11073333333333334,neutrals
data/latest/images/New_York_Fashion_Week_street_style_2025_36aedcf9c8456113.jpg,1,#44263a,0.28578333333333333,primary/jewel
data/latest/images/New_York_Fashion_Week_street_style_2025_36aedcf9c8456113.jpg,2,#1c1419,0.28565833333333335,neutrals
data/latest/images/New_York_Fashion_Week_street_style_2025_36aedcf9c8456113.jpg,3,#604d39,0.211475,earth
data/latest/images/New_York_Fashion_Week_street_style_2025_36aedcf9c8456113.jpg,4,#dfdac5,0.11046666666666667,earth
data/latest/images/New_York_Fashion_Week_street_style_2025_36aedcf9c8456113.jpg,5,#a1907c,0.10661666666666667,earth
data/latest/images/Stockholm_Fashion_Week_street_style_2025_ed6b1c2afb85b500.jpg,1,#d0cdc2,0.3189166666666667,neutrals
data/latest/images/Stockholm_Fashion_Week_street_style_2025_ed6b1c2afb85b500.jpg,2,#b1ad9e,0.30215,earth
data/latest/images/Stockholm_Fashion_Week_street_style_2025_ed6b1c2afb85b500.jpg,3,#565244,0.15465833333333334,earth
data/latest/images/Stockholm_Fashion_Week_street_style_2025_ed6b1c2afb85b500.jpg,4,#837969,0.13174166666666667,earth
data/latest/images/Stockholm_Fashion_Week_street_style_2025_ed6b1c2afb85b500.jpg,5,#2b2615,0.09253333333333333,neutrals
data/latest/images/London_Fashion_Week_runway_2025_c970159ca74c52e8.jpg,1,#0a1517,0.316025,neutrals
data/latest/images/London_Fashion_Week_runway_2025_c970159ca74c52e8.jpg,2,#21333e,0.233775,blue/purple
data/latest/images/London_Fashion_Week_runway_2025_c970159ca74c52e8.jpg,3,#b9b9b9,0.1917,neutrals
data/latest/images/London_Fashion_Week_runway_2025_c970159ca74c52e8.jpg,4,#8d8f8e,0.15425,neutrals
data/latest/images/London_Fashion_Week_runway_2025_c970159ca74c52e8.jpg,5,#4b555d,0.10425,blue/purple
data/latest/images/London_Fashion_Week_runway_2025_8f3fff0baff80f6f.jpg,1,#07090b,0.5475583333333334,neutrals
data/latest/images/London_Fashion_Week_runway_2025_8f3fff0baff80f6f.jpg,2,#3c3334,0.17700833333333332,primary/jewel
data/latest/images/London_Fashion_Week_runway_2025_8f3fff0baff80f6f.jpg,3,#7d6d7a,0.15854166666666666,primary/jewel
data/latest/images/London_Fashion_Week_runway_2025_8f3fff0baff80f6f.jpg,4,#3724b1,0.06026666666666667,blue/purple
data/latest/images/London_Fashion_Week_runway_2025_8f3fff0baff80f6f.jpg,5,#daabc4,0.056625,primary/jewel
data/latest/images/Milan_Fashion_Week_runway_2025_d20b9e6b70333381.jpg,1,#dccdc7,0.3525083333333333,earth
data/latest/images/Milan_Fashion_Week_runway_2025_d20b9e6b70333381.jpg,2,#1d1208,0.22435,neutrals
data/latest/images/Milan_Fashion_Week_runway_2025_d20b9e6b70333381.jpg,3,#353028,0.18818333333333334,earth
data/latest/images/Milan_Fashion_Week_runway_2025_d20b9e6b70333381.jpg,4,#ad9f93,0.13385,earth
data/latest/images/Milan_Fashion_Week_runway_2025_d20b9e6b70333381.jpg,5,#554e44,0.10110833333333333,earth
data/latest/images/lookbook_fashion_2026_fda7c9444dabcba9.jpg,1,#9da09f,0.46481666666666666,neutrals
data/latest/images/lookbook_fashion_2026_fda7c9444dabcba9.jpg,2,#794136,0.17369166666666666,primary/jewel
data/latest/images/lookbook_fashion_2026_fda7c9444dabcba9.jpg,3,#1a1511,0.14579166666666668,neutrals
data/latest/images/lookbook_fashion_2026_fda7c9444dabcba9.jpg,4,#b89566,0.13059166666666666,earth
data/latest/images/lookbook_fashion_2026_fda7c9444dabcba9.jpg,5,#e7cdc0,0.08510833333333333,pastels
data/latest/images/Stockholm_Fashion_Week_street_style_2025_605f43749dcab073.jpg,1,#171516,0.25633333333333336,neutrals
data/latest/images/Stockholm_Fashion_Week_street_style_2025_605f43749dcab073.jpg,2,#3c3a3f,0.242175,neutrals
data/latest/images/Stockholm_Fashion_Week_street_style_2025_605f43749dcab073.jpg,3,#605c62,0.20186666666666667,neutrals
data/latest/images/Stockholm_Fashion_Week_street_style_2025_605f43749dcab073.jpg,4,#f055a1,0.17483333333333334,primary/jewel
data/latest/images/Stockholm_Fashion_Week_street_style_2025_605f43749dcab073.jpg,5,#988c89,0.12479166666666666,primary/jewel
data/latest/images/Chanel_haute_couture_2020_1cc36077844b38d6.webp,1,#e5e3ea,0.6213666666666666,pastels
data/latest/images/Chanel_haute_couture_2020_1cc36077844b38d6.webp,2,#f7f5fc,0.19281666666666666,pastels
data/latest/images/Chanel_haute_couture_2020_1cc36077844b38d6.webp,3,#231a1f,0.072525,neutrals
data/latest/images/Chanel_haute_couture_2020_1cc36077844b38d6.webp,4,#645e67,0.05815833333333333,jewel
data/latest/images/Chanel_haute_couture_2020_1cc36077844b38d6.webp,5,#a29fa7,0.05513333333333333,neutrals
data/latest/images/vogue_runway_emerald_dress_219b14495d3b48db.jpg,1,#8e3542,0.4209,primary/jewel
data/latest/images/vogue_runway_emerald_dress_219b14495d3b48db.jpg,2,#1d221f,0.27991666666666665,neutrals
data/latest/images/vogue_runway_emerald_dress_219b14495d3b48db.jpg,3,#316663,0.13318333333333332,blue/purple
data/latest/images/vogue_runway_emerald_dress_219b14495d3b48db.jpg,4,#39bcb1,0.11660833333333333,blue/purple
data/latest/images/vogue_runway_emerald_dress_219b14495d3b48db.jpg,5,#af8c7f,0.04939166666666667,earth
data/latest/images/New_York_Fashion_Week_runway_2025_585befe24a8c49ea.jpg,1,#b1a8a1,0.24634166666666665,earth
data/latest/images/New_York_Fashion_Week_runway_2025_585befe24a8c49ea.jpg,2,#171c1c,0.23788333333333334,neutrals
data/latest/images/New_York_Fashion_Week_runway_2025_585befe24a8c49ea.jpg,3,#7b726b,0.21375833333333333,earth
data/latest/images/New_York_Fashion_Week_runway_2025_585befe24a8c49ea.jpg,4,#44453e,0.20526666666666665,earth
data/latest/images/New_York_Fashion_Week_runway_2025_585befe24a8c49ea.jpg,5,#ede9e8,0.09675,pastels
data/latest/images/Gucci_Fall_2013_runway_f4d1494a817de5c1.jpg,1,#03080e,0.784425,neutrals
data/latest/images/Gucci_Fall_2013_runway_f4d1494a817de5c1.jpg,2,#1d202d,0.118275,neutrals
data/latest/images/Gucci_Fall_2013_runway_f4d1494a817de5c1.jpg,3,#3e414e,0.04504166666666667,blue/purple
data/latest/images/Gucci_Fall_2013_runway_f4d1494a817de5c1.jpg,4,#d0d3e2,0.030616666666666667,neutrals
data/latest/images/Gucci_Fall_2013_runway_f4d1494a817de5c1.jpg,5,#848ca3,0.021641666666666667,blue/purple
data/latest/images/London_Fashion_Week_street_style_2025_96757aab6cb415c1.webp,1,#baaa99,0.31880833333333336,earth
data/latest/images/London_Fashion_Week_street_style_2025_96757aab6cb415c1.webp,2,#997e68,0.21078333333333332,earth
data/latest/images/London_Fashion_Week_street_style_2025_96757aab6cb415c1.webp,3,#181917,0.201025,neutrals
data/latest/images/London_Fashion_Week_street_style_2025_96757aab6cb415c1.webp,4,#5d4739,0.14694166666666666,earth
data/latest/images/London_Fashion_Week_street_style_2025_96757aab6cb415c1.webp,5,#d4ccc2,0.12244166666666667,earth
data/latest/images/New_York_Fashion_Week_street_style_2025_07ca50551c3b9f7e.jpg,1,#b7ac9c,0.40881666666666666,earth
data/latest/images/New_York_Fashion_Week_street_style_2025_07ca50551c3b9f7e.jpg,2,#dbd5ca,0.25365,neutrals
data/latest/images/New_York_Fashion_Week_street_style_2025_07ca50551c3b9f7e.jpg,3,#3a3738,0.13845833333333332,neutrals
data/latest/images/New_York_Fashion_Week_street_style_2025_07ca50551c3b9f7e.jpg,4,#161414,0.10303333333333334,neutrals
data/latest/images/New_York_Fashion_Week_street_style_2025_07ca50551c3b9f7e.jpg,5,#7f645d,0.09604166666666666,primary/jewel
data/latest/images/Tokyo_Fashion_Week_backstage_2025_4234131156993f87.jpg,1,#020202,0.7453583333333333,neutrals
data/latest/images/Tokyo_Fashion_Week_backstage_2025_4234131156993f87.jpg,2,#746d62,0.08629166666666667,earth
data/latest/images/Tokyo_Fashion_Week_backstage_2025_4234131156993f87.jpg,3,#443c33,0.069525,earth
data/latest/images/Tokyo_Fashion_Week_backstage_2025_4234131156993f87.jpg,4,#ac9f91,0.06481666666666666,earth
data/latest/images/Tokyo_Fashion_Week_backstage_2025_4234131156993f87.jpg,5,#ebe3dc,0.034008333333333335,pastels
data/latest/images/Chanel_haute_couture_2020_2aee9fc6739d39da.jpg,1,#e6e7eb,0.343725,pastels
data/latest/images/Chanel_haute_couture_2020_2aee9fc6739d39da.jpg,2,#c2c5c4,0.21775,neutrals
data/latest/images/Chanel_haute_couture_2020_2aee9fc6739d39da.jpg,3,#68755a,0.16558333333333333,green/blue
data/latest/images/Chanel_haute_couture_2020_2aee9fc6739d39da.jpg,4,#9aa080,0.15398333333333333,earth
data/latest/images/Chanel_haute_couture_2020_2aee9fc6739d39da.jpg,5,#3d4b37,0.11895833333333333,green/blue
data/latest/images/London_Fashion_Week_street_style_2025_b80b4125ec0473ed.jpg,1,#b9b1a5,0.30875,earth
data/latest/images/London_Fashion_Week_street_style_2025_b80b4125ec0473ed.jpg,2,#8f8075,0.20426666666666668,earth
data/latest/images/London_Fashion_Week_street_style_2025_b80b4125ec0473ed.jpg,3,#1f1d1c,0.19129166666666667,neutrals
data/latest/images/London_Fashion_Week_street_style_2025_b80b4125ec0473ed.jpg,4,#534c49,0.1824,earth
data/latest/images/London_Fashion_Week_street_style_2025_b80b4125ec0473ed.jpg,5,#e2e1df,0.11329166666666667,neutrals
data/latest/images/London_Fashion_Week_runway_2025_d83d9986ecbc5947.jpg,1,#090906,0.4446833333333333,neutrals
data/latest/images/London_Fashion_Week_runway_2025_d83d9986ecbc5947.jpg,2,#2b1c18,0.23253333333333334,neutrals
data/latest/images/London_Fashion_Week_runway_2025_d83d9986ecbc5947.jpg,3,#443029,0.22206666666666666,earth
data/latest/images/London_Fashion_Week_runway_2025_d83d9986ecbc5947.jpg,4,#8a2d30,0.08515833333333334,primary/jewel
data/latest/images/London_Fashion_Week_runway_2025_d83d9986ecbc5947.jpg,5,#c48f71,0.015558333333333334,earth
data/latest/images/vogue_runway_emerald_dress_d60d6eb0980d95e9.jpg,1,#232a25,0.389775,neutrals
data/latest/images/vogue_runway_emerald_dress_d60d6eb0980d95e9.jpg,2,#060a08,0.38483333333333336,neutrals
data/latest/images/vogue_runway_emerald_dress_d60d6eb0980d95e9.jpg,3,#47473d,0.19061666666666666,earth
data/latest/images/vogue_runway_emerald_dress_d60d6eb0980d95e9.jpg,4,#948775,0.027416666666666666,earth
data/latest/images/vogue_runway_emerald_dress_d60d6eb0980d95e9.jpg,5,#e9f1ef,0.007358333333333333,pastels
data/latest/images/London_Fashion_Week_street_style_2025_75b5f0d63b7d5ce0.jpg,1,#a5a4a6,0.5025583333333333,neutrals
data/latest/images/London_Fashion_Week_street_style_2025_75b5f0d63b7d5ce0.jpg,2,#1e2221,0.16354166666666667,neutrals
data/latest/images/London_Fashion_Week_street_style_2025_75b5f0d63b7d5ce0.jpg,3,#88817d,0.15335833333333335,earth
data/latest/images/London_Fashion_Week_street_style_2025_75b5f0d63b7d5ce0.jpg,4,#4f504c,0.10320833333333333,neutrals
data/latest/images/London_Fashion_Week_street_style_2025_75b5f0d63b7d5ce0.jpg,5,#d0cfd1,0.07733333333333334,neutrals
data/latest/images/lookbook_fashion_2025_c0a6c36c7ad98cd0.jpg,1,#191312,0.37375,neutrals
data/latest/images/lookbook_fashion_2025_c0a6c36c7ad98cd0.jpg,2,#863b35,0.23318333333333333,primary/jewel
data/latest/images/lookbook_fashion_2025_c0a6c36c7ad98cd0.jpg,3,#c86757,0.21481666666666666,primary/jewel
data/latest/images/lookbook_fashion_2025_c0a6c36c7ad98cd0.jpg,4,#86746c,0.15081666666666665,earth
data/latest/images/lookbook_fashion_2025_c0a6c36c7ad98cd0.jpg,5,#d6bfad,0.027433333333333334,earth
data/latest/images/Seoul_Fashion_Week_runway_2026_2a45a9edb84350a7.webp,1,#0a0d10,0.39824166666666666,neutrals
data/latest/images/Seoul_Fashion_Week_runway_2026_2a45a9edb84350a7.webp,2,#e3c2af,0.17863333333333334,earth
data/latest/images/Seoul_Fashion_Week_runway_2026_2a45a9edb84350a7.webp,3,#3e3435,0.14430833333333334,primary/jewel
data/latest/images/Seoul_Fashion_Week_runway_2026_2a45a9edb84350a7.webp,4,#925c49,0.14228333333333334,earth
data/latest/images/Seoul_Fashion_Week_runway_2026_2a45a9edb84350a7.webp,5,#b38f7f,0.13653333333333334,earth
data/latest/images/runway_fashion_2025_cfc6c418f47a860f.jpg,1,#9d8273,0.37361666666666665,earth
data/latest/images/runway_fashion_2025_cfc6c418f47a860f.jpg,2,#473419,0.19265,earth
data/latest/images/runway_fashion_2025_cfc6c418f47a860f.jpg,3,#21170a,0.14954166666666666,neutrals
data/latest/images/runway_fashion_2025_cfc6c418f47a860f.jpg,4,#7c573f,0.14503333333333332,earth
data/latest/images/runway_fashion_2025_cfc6c418f47a860f.jpg,5,#ccc4c0,0.13915833333333333,neutrals
data/latest/images/Tokyo_Fashion_Week_street_style_2025_333c9a26b6455b44.jpg,1,#6e758a,0.33626666666666666,blue/purple
data/latest/images/Tokyo_Fashion_Week_street_style_2025_333c9a26b6455b44.jpg,2,#615d63,0.2806,neutrals
data/latest/images/Tokyo_Fashion_Week_street_style_2025_333c9a26b6455b44.jpg,3,#463d39,0.19568333333333332,earth
data/latest/images/Tokyo_Fashion_Week_street_style_2025_333c9a26b6455b44.jpg,4,#aa9c8e,0.13625833333333334,earth
data/latest/images/Tokyo_Fashion_Week_street_style_2025_333c9a26b6455b44.jpg,5,#201917,0.05119166666666667,neutrals
data/latest/images/Seoul_Fashion_Week_backstage_2026_034b7a9423f7a3a4.jpg,1,#282219,0.37945833333333334,neutrals
data/latest/images/Seoul_Fashion_Week_backstage_2026_034b7a9423f7a3a4.jpg,2,#13110d,0.3628166666666667,neutrals
data/latest/images/Seoul_Fashion_Week_backstage_2026_034b7a9423f7a3a4.jpg,3,#cebea6,0.14924166666666666,earth
data/latest/images/Seoul_Fashion_Week_backstage_2026_034b7a9423f7a3a4.jpg,4,#9784b5,0.05575833333333333,jewel
data/latest/images/Seoul_Fashion_Week_backstage_2026_034b7a9423f7a3a4.jpg,5,#57494b,0.052725,primary/jewel
data/latest/images/Milan_Fashion_Week_runway_2025_05bf53ae888796dc.jpg,1,#1d1a17,0.3253666666666667,neutrals
data/latest/images/Milan_Fashion_Week_runway_2025_05bf53ae888796dc.jpg,2,#bfb2a2,0.218275,earth
data/latest/images/Milan_Fashion_Week_runway_2025_05bf53ae888796dc.jpg,3,#968b7f,0.20214166666666666,earth
data/latest/images/Milan_Fashion_Week_runway_2025_05bf53ae888796dc.jpg,4,#d4d7d9,0.143075,neutrals
data/latest/images/Milan_Fashion_Week_runway_2025_05bf53ae888796dc.jpg,5,#5c564f,0.11114166666666667,earth
data/latest/images/London_Fashion_Week_street_style_2025_e99b3f0418f41a45.jpg,1,#121013,0.28884166666666666,neutrals
data/latest/images/London_Fashion_Week_street_style_2025_e99b3f0418f41a45.jpg,2,#b1afa9,0.26545833333333335,neutrals
data/latest/images/London_Fashion_Week_street_style_2025_e99b3f0418f41a45.jpg,3,#45413f,0.174825,earth
data/latest/images/London_Fashion_Week_street_style_2025_e99b3f0418f41a45.jpg,4,#77726c,0.16624166666666668,earth
data/latest/images/London_Fashion_Week_street_style_2025_e99b3f0418f41a45.jpg,5,#dadddc,0.10463333333333333,neutrals
data/latest/images/runway_fashion_2025_e4223dfc8003b4f9.webp,1,#060a06,0.44235833333333335,neutrals
data/latest/images/runway_fashion_2025_e4223dfc8003b4f9.webp,2,#5a5859,0.20305833333333334,neutrals
data/latest/images/runway_fashion_2025_e4223dfc8003b4f9.webp,3,#2a2a28,0.1794,neutrals
data/latest/images/runway_fashion_2025_e4223dfc8003b4f9.webp,4,#898381,0.10099166666666666,neutrals
data/latest/images/runway_fashion_2025_e4223dfc8003b4f9.webp,5,#ddd1ca,0.07419166666666667,earth
data/latest/images/London_Fashion_Week_runway_2025_769d9f223ec23917.webp,1,#d9b696,0.35028333333333334,earth
data/latest/images/London_Fashion_Week_runway_2025_769d9f223ec23917.webp,2,#140e06,0.19001666666666667,neutrals
data/latest/images/London_Fashion_Week_runway_2025_769d9f223ec23917.webp,3,#ab835f,0.18264166666666667,earth
data/latest/images/London_Fashion_Week_runway_2025_769d9f223ec23917.webp,4,#6e4b25,0.15384166666666665,earth
data/latest/images/London_Fashion_Week_runway_2025_769d9f223ec23917.webp,5,#3c1f10,0.12321666666666667,earth
data/latest/images/Seoul_Fashion_Week_runway_2026_7b92066db84877c0.png,1,#eaeaea,0.7025166666666667,pastels
data/latest/images/Seoul_Fashion_Week_runway_2026_7b92066db84877c0.png,2,#4e6a73,0.09436666666666667,blue/purple
data/latest/images/Seoul_Fashion_Week_runway_2026_7b92066db84877c0.png,3,#bba599,0.08285833333333334,earth
data/latest/images/Seoul_Fashion_Week_runway_2026_7b92066db84877c0.png,4,#311d19,0.06125,primary/jewel
data/latest/images/Seoul_Fashion_Week_runway_2026_7b92066db84877c0.png,5,#8e5b40,0.059008333333333336,earth
data/latest/images/fashion_campaign_2026_f02544c977b6c0ea.jpg,1,#cecad3,0.31651666666666667,neutrals
data/latest/images/fashion_campaign_2026_f02544c977b6c0ea.jpg,2,#a79fa5,0.24331666666666665,neutrals
data/latest/images/fashion_campaign_2026_f02544c977b6c0ea.jpg,3,#847a80,0.23964166666666667,neutrals
data/latest/images/fashion_campaign_2026_f02544c977b6c0ea.jpg,4,#211e20,0.12084166666666667,neutrals
data/latest/images/fashion_campaign_2026_f02544c977b6c0ea.jpg,5,#554848,0.07968333333333333,primary/jewel
data/latest/images/Chanel_haute_couture_2020_db2356b4d07146c4.jpg,1,#c7c9d3,0.3663166666666667,neutrals
data/latest/images/Chanel_haute_couture_2020_db2356b4d07146c4.jpg,2,#e3e5ef,0.243,pastels
data/latest/images/Chanel_haute_couture_2020_db2356b4d07146c4.jpg,3,#a4a09f,0.17689166666666667,neutrals
data/latest/images/Chanel_haute_couture_2020_db2356b4d07146c4.jpg,4,#7f7b78,0.17028333333333334,neutrals
data/latest/images/Chanel_haute_couture_2020_db2356b4d07146c4.jpg,5,#42413b,0.043508333333333336,earth
data/latest/images/New_York_Fashion_Week_runway_2025_648808f74d7297a2.webp,1,#ab968a,0.24193333333333333,earth
data/latest/images/New_York_Fashion_Week_runway_2025_648808f74d7297a2.webp,2,#decfc0,0.22583333333333333,earth
data/latest/images/New_York_Fashion_Week_runway_2025_648808f74d7297a2.webp,3,#725d53,0.22025833333333333,earth
data/latest/images/New_York_Fashion_Week_runway_2025_648808f74d7297a2.webp,4,#8b080d,0.15744166666666667,primary/jewel
data/latest/images/New_York_Fashion_Week_runway_2025_648808f74d7297a2.webp,5,#351b15,0.15453333333333333,primary/jewel
data/latest/images/lookbook_fashion_2025_404888b4a070ab83.png,1,#e0bc92,0.47255833333333336,earth
data/latest/images/lookbook_fashion_2025_404888b4a070ab83.png,2,#181516,0.17743333333333333,neutrals
data/latest/images/lookbook_fashion_2025_404888b4a070ab83.png,3,#ecefee,0.164875,pastels
data/latest/images/lookbook_fashion_2025_404888b4a070ab83.png,4,#9e8470,0.09886666666666667,earth
data/latest/images/lookbook_fashion_2025_404888b4a070ab83.png,5,#694232,0.08626666666666667,earth
data/latest/images/Seoul_Fashion_Week_street_style_2025_c8d84d45a672262c.jpg,1,#1b201e,0.5597083333333334,neutrals
data/latest/images/Seoul_Fashion_Week_street_style_2025_c8d84d45a672262c.jpg,2,#a7aca9,0.17266666666666666,neutrals
data/latest/images/Seoul_Fashion_Week_street_style_2025_c8d84d45a672262c.jpg,3,#787b77,0.139125,neutrals
data/latest/images/Seoul_Fashion_Week_street_style_2025_c8d84d45a672262c.jpg,4,#474c47,0.102375,neutrals
data/latest/images/Seoul_Fashion_Week_street_style_2025_c8d84d45a672262c.jpg,5,#f6f9f8,0.026125,pastels
data/latest/images/lookbook_fashion_2025_10ae0e12d20b54f0.jpg,1,#69637e,0.315275,blue/purple
data/latest/images/lookbook_fashion_2025_10ae0e12d20b54f0.jpg,2,#7e7993,0.2860333333333333,blue/purple
data/latest/images/lookbook_fashion_2025_10ae0e12d20b54f0.jpg,3,#c5d0de,0.17676666666666666,blue/purple
data/latest/images/lookbook_fashion_2025_10ae0e12d20b54f0.jpg,4,#a3afc1,0.17243333333333333,blue/purple
data/latest/images/lookbook_fashion_2025_10ae0e12d20b54f0.jpg,5,#47373c,0.04949166666666667,primary/jewel
data/latest/images/Milan_Fashion_Week_runway_2026_1aab88cff0f67df6.jpg,1,#c7c6c4,0.3253083333333333,neutrals
data/latest/images/Milan_Fashion_Week_runway_2026_1aab88cff0f67df6.jpg,2,#98979b,0.2982416666666667,neutrals
data/latest/images/Milan_Fashion_Week_runway_2026_1aab88cff0f67df6.jpg,3,#4d443f,0.173175,earth
data/latest/images/Milan_Fashion_Week_runway_2026_1aab88cff0f67df6.jpg,4,#191513,0.141225,neutrals
data/latest/images/Milan_Fashion_Week_runway_2026_1aab88cff0f67df6.jpg,5,#d9622c,0.06205,neon
data/latest/images/Tokyo_Fashion_Week_street_style_2025_1c6eaede1aa246e8.png,1,#101010,0.2765666666666667,neutrals
data/latest/images/Tokyo_Fashion_Week_street_style_2025_1c6eaede1aa246e8.png,2,#4e4a48,0.23314166666666666,neutrals
data/latest/images/Tokyo_Fashion_Week_street_style_2025_1c6eaede1aa246e8.png,3,#2e2a26,0.22255,earth
data/latest/images/Tokyo_Fashion_Week_street_style_2025_1c6eaede1aa246e8.png,4,#6b6a66,0.21751666666666666,neutrals
data/latest/images/Tokyo_Fashion_Week_street_style_2025_1c6eaede1aa246e8.png,5,#a8987a,0.050225,earth
data/latest/images/editorial_fashion_2025_19a23134e92da2ba.jpg,1,#aeb0b3,0.34350833333333336,neutrals
data/latest/images/editorial_fashion_2025_19a23134e92da2ba.jpg,2,#7f7f7f,0.22031666666666666,neutrals
data/latest/images/editorial_fashion_2025_19a23134e92da2ba.jpg,3,#504b45,0.192075,earth
data/latest/images/editorial_fashion_2025_19a23134e92da2ba.jpg,4,#161415,0.16285,neutrals
data/latest/images/editorial_fashion_2025_19a23134e92da2ba.jpg,5,#d18137,0.08125,neon
data/latest/images/New_York_Fashion_Week_runway_2025_6c2a76624ece86f6.jpg,1,#050608,0.7004833333333333,neutrals
data/latest/images/New_York_Fashion_Week_runway_2025_6c2a76624ece86f6.jpg,2,#383032,0.15863333333333332,primary/jewel
data/latest/images/New_York_Fashion_Week_runway_2025_6c2a76624ece86f6.jpg,3,#8f6d5d,0.07205,earth
data/latest/images/New_York_Fashion_Week_runway_2025_6c2a76624ece86f6.jpg,4,#407cc1,0.037566666666666665,blue/purple
data/latest/images/New_York_Fashion_Week_runway_2025_6c2a76624ece86f6.jpg,5,#a9d0f6,0.031266666666666665,blue/purple
data/latest/images/Balmain_burgundy_runway_2025_048e2f0d499329c6.jpg,1,#0f0d10,0.4548083333333333,neutrals
data/latest/images/Balmain_burgundy_runway_2025_048e2f0d499329c6.jpg,2,#cc3243,0.224275,neon
data/latest/images/Balmain_burgundy_runway_2025_048e2f0d499329c6.jpg,3,#dcdbd9,0.13090833333333332,neutrals
data/latest/images/Balmain_burgundy_runway_2025_048e2f0d499329c6.jpg,4,#4f332d,0.117875,primary/jewel
data/latest/images/Balmain_burgundy_runway_2025_048e2f0d499329c6.jpg,5,#b38276,0.07213333333333333,primary/jewel
data/latest/images/lookbook_fashion_2026_6173be83f069e1c5.jpg,1,#d4c4a6,0.387225,earth
data/latest/images/lookbook_fashion_2026_6173be83f069e1c5.jpg,2,#201716,0.19455,neutrals
data/latest/images/lookbook_fashion_2026_6173be83f069e1c5.jpg,3,#69433a,0.183625,primary/jewel
data/latest/images/lookbook_fashion_2026_6173be83f069e1c5.jpg,4,#a3896e,0.12295,earth
data/latest/images/lookbook_fashion_2026_6173be83f069e1c5.jpg,5,#f8f8f8,0.11165,pastels
data/latest/images/runway_fashion_2025_6da68d1287210017.webp,1,#cdbea8,0.39755833333333335,earth
data/latest/images/runway_fashion_2025_6da68d1287210017.webp,2,#e4d9d0,0.33936666666666665,earth
data/latest/images/runway_fashion_2025_6da68d1287210017.webp,3,#b39d7b,0.17704166666666668,earth
data/latest/images/runway_fashion_2025_6da68d1287210017.webp,4,#8a7053,0.0528,earth
data/latest/images/runway_fashion_2025_6da68d1287210017.webp,5,#3f2f21,0.03323333333333333,earth
data/latest/images/Seoul_Fashion_Week_street_style_2025_c06cf9ac0af6a7a0.jpg,1,#c8b395,0.31205,earth
data/latest/images/Seoul_Fashion_Week_street_style_2025_c06cf9ac0af6a7a0.jpg,2,#0d1410,0.197925,neutrals
data/latest/images/Seoul_Fashion_Week_street_style_2025_c06cf9ac0af6a7a0.jpg,3,#a48d6f,0.197775,earth
data/latest/images/Seoul_Fashion_Week_street_style_2025_c06cf9ac0af6a7a0.jpg,4,#353228,0.15391666666666667,earth
data/latest/images/Seoul_Fashion_Week_street_style_2025_c06cf9ac0af6a7a0.jpg,5,#73634c,0.13833333333333334,earth
data/latest/images/New_York_Fashion_Week_runway_2025_20110784f63123be.jpg,1,#403b41,0.3124416666666667,primary/jewel
data/latest/images/New_York_Fashion_Week_runway_2025_20110784f63123be.jpg,2,#161416,0.3015833333333333,neutrals
data/latest/images/New_York_Fashion_Week_runway_2025_20110784f63123be.jpg,3,#b19da6,0.166625,primary/jewel
data/latest/images/New_York_Fashion_Week_runway_2025_20110784f63123be.jpg,4,#8d6170,0.159375,primary/jewel
data/latest/images/New_York_Fashion_Week_runway_2025_20110784f63123be.jpg,5,#cedbf1,0.059975,pastels
data/latest/images/Milan_Fashion_Week_runway_2025_25e695471cb83db8.png,1,#7c7069,0.23991666666666667,earth
data/latest/images/Milan_Fashion_Week_runway_2025_25e695471cb83db8.png,2,#f1ece9,0.2187,pastels
data/latest/images/Milan_Fashion_Week_runway_2025_25e695471cb83db8.png,3,#bfaa96,0.21555833333333332,earth
data/latest/images/Milan_Fashion_Week_runway_2025_25e695471cb83db8.png,4,#151216,0.163625,neutrals
data/latest/images/Milan_Fashion_Week_runway_2025_25e695471cb83db8.png,5,#502e2a,0.1622,primary/jewel
data/latest/images/runway_fashion_2025_b4bd35b7aea3c099.jpg,1,#0a0714,0.344775,neutrals
data/latest/images/runway_fashion_2025_b4bd35b7aea3c099.jpg,2,#fcfdff,0.227875,pastels
data/latest/images/runway_fashion_2025_b4bd35b7aea3c099.jpg,3,#31313f,0.16771666666666665,blue/purple
data/latest/images/runway_fashion_2025_b4bd35b7aea3c099.jpg,4,#4f5768,0.167575,blue/purple
data/latest/images/runway_fashion_2025_b4bd35b7aea3c099.jpg,5,#acafb8,0.09205833333333334,neutrals
data/latest/images/Milan_Fashion_Week_runway_2026_2cacc58707fc8270.jpg,1,#b0adb1,0.454075,neutrals
data/latest/images/Milan_Fashion_Week_runway_2026_2cacc58707fc8270.jpg,2,#cfccd1,0.21098333333333333,neutrals
data/latest/images/Milan_Fashion_Week_runway_2026_2cacc58707fc8270.jpg,3,#44363e,0.14900833333333333,primary/jewel
data/latest/images/Milan_Fashion_Week_runway_2026_2cacc58707fc8270.jpg,4,#6d6a66,0.09379166666666666,neutrals
data/latest/images/Milan_Fashion_Week_runway_2026_2cacc58707fc8270.jpg,5,#c05552,0.09214166666666666,primary/jewel
data/latest/images/Tokyo_Fashion_Week_street_style_2025_d20e9494d69c1158.jpg,1,#787284,0.29804166666666665,jewel
data/latest/images/Tokyo_Fashion_Week_street_style_2025_d20e9494d69c1158.jpg,2,#0f0f18,0.227725,neutrals
data/latest/images/Tokyo_Fashion_Week_street_style_2025_d20e9494d69c1158.jpg,3,#433d47,0.217075,jewel
data/latest/images/Tokyo_Fashion_Week_street_style_2025_d20e9494d69c1158.jpg,4,#ada4b4,0.13871666666666665,jewel
data/latest/images/Tokyo_Fashion_Week_street_style_2025_d20e9494d69c1158.jpg,5,#e4dfe6,0.11844166666666667,pastels
data/latest/images/Milan_Fashion_Week_runway_2026_8fbcac18d07bdc1f.jpg,1,#0a0202,0.524625,neutrals
data/latest/images/Milan_Fashion_Week_runway_2026_8fbcac18d07bdc1f.jpg,2,#46302b,0.17733333333333334,primary/jewel
data/latest/images/Milan_Fashion_Week_runway_2026_8fbcac18d07bdc1f.jpg,3,#b9815a,0.12845,earth
data/latest/images/Milan_Fashion_Week_runway_2026_8fbcac18d07bdc1f.jpg,4,#8e532c,0.09584166666666667,earth
data/latest/images/Milan_Fashion_Week_runway_2026_8fbcac18d07bdc1f.jpg,5,#d9c2b0,0.07375,earth
data/latest/images/editorial_fashion_2025_66361b0d90004231.webp,1,#a99d8f,0.4597333333333333,earth
data/latest/images/editorial_fashion_2025_66361b0d90004231.webp,2,#2e2928,0.18358333333333332,primary/jewel
data/latest/images/editorial_fashion_2025_66361b0d90004231.webp,3,#7d7168,0.16615833333333332,earth
data/latest/images/editorial_fashion_2025_66361b0d90004231.webp,4,#6f1b24,0.11686666666666666,primary/jewel
data/latest/images/editorial_fashion_2025_66361b0d90004231.webp,5,#cbc2b6,0.07365833333333334,earth
data/latest/images/Paris_Fashion_Week_runway_2026_da368051e2fe7397.webp,1,#2c2b2a,0.2759916666666667,neutrals
data/latest/images/Paris_Fashion_Week_runway_2026_da368051e2fe7397.webp,2,#615f5a,0.2578416666666667,neutrals
data/latest/images/Paris_Fashion_Week_runway_2026_da368051e2fe7397.webp,3,#9e948b,0.22849166666666668,earth
data/latest/images/Paris_Fashion_Week_runway_2026_da368051e2fe7397.webp,4,#f4f7f6,0.207625,pastels
data/latest/images/Paris_Fashion_Week_runway_2026_da368051e2fe7397.webp,5,#f1443c,0.03005,neon
data/latest/images/Milan_Fashion_Week_runway_2026_8e0dc7da12324987.jpg,1,#ccd1d9,0.356625,neutrals
data/latest/images/Milan_Fashion_Week_runway_2026_8e0dc7da12324987.jpg,2,#4f5e86,0.23025,blue/purple
data/latest/images/Milan_Fashion_Week_runway_2026_8e0dc7da12324987.jpg,3,#11151e,0.16375833333333334,neutrals
data/latest/images/Milan_Fashion_Week_runway_2026_8e0dc7da12324987.jpg,4,#8e94a2,0.1459,blue/purple
data/latest/images/Milan_Fashion_Week_runway_2026_8e0dc7da12324987.jpg,5,#3d3c48,0.10346666666666667,blue/purple
data/latest/images/London_Fashion_Week_runway_2025_0d30a1154cb76bfa.jpg,1,#934425,0.2500583333333333,earth
data/latest/images/London_Fashion_Week_runway_2025_0d30a1154cb76bfa.jpg,2,#552516,0.24448333333333333,primary/jewel
data/latest/images/London_Fashion_Week_runway_2025_0d30a1154cb76bfa.jpg,3,#1a0d0a,0.23530833333333334,neutrals
data/latest/images/London_Fashion_Week_runway_2025_0d30a1154cb76bfa.jpg,4,#a68065,0.16948333333333335,earth
data/latest/images/London_Fashion_Week_runway_2025_0d30a1154cb76bfa.jpg,5,#dec2a5,0.10066666666666667,earth
data/latest/images/lookbook_fashion_2025_d85a3cc14085c9f5.jpg,1,#d6dde4,0.33995,neutrals
data/latest/images/lookbook_fashion_2025_d85a3cc14085c9f5.jpg,2,#977969,0.20466666666666666,earth
data/latest/images/lookbook_fashion_2025_d85a3cc14085c9f5.jpg,3,#5a484b,0.16374166666666667,primary/jewel
data/latest/images/lookbook_fashion_2025_d85a3cc14085c9f5.jpg,4,#b8aea7,0.16135,earth
data/latest/images/lookbook_fashion_2025_d85a3cc14085c9f5.jpg,5,#261b1e,0.13029166666666667,neutrals
data/latest/images/vogue_runway_emerald_dress_ed138aede393ea1a.jpg,1,#283022,0.29370833333333335,green/blue
data/latest/images/vogue_runway_emerald_dress_ed138aede393ea1a.jpg,2,#3e4e32,0.256075,green/blue
data/latest/images/vogue_runway_emerald_dress_ed138aede393ea1a.jpg,3,#14170f,0.227875,neutrals
data/latest/images/vogue_runway_emerald_dress_ed138aede393ea1a.jpg,4,#61714d,0.145925,green/blue
data/latest/images/vogue_runway_emerald_dress_ed138aede393ea1a.jpg,5,#d5a783,0.07641666666666666,earth
data/latest/images/London_Fashion_Week_runway_2025_e3019a8fbc1b380a.jpg,1,#ccaeb0,0.42799166666666666,primary/jewel
data/latest/images/London_Fashion_Week_runway_2025_e3019a8fbc1b380a.jpg,2,#958893,0.34863333333333335,primary/jewel
data/latest/images/London_Fashion_Week_runway_2025_e3019a8fbc1b380a.jpg,3,#6b5c62,0.0976,primary/jewel
data/latest/images/London_Fashion_Week_runway_2025_e3019a8fbc1b380a.jpg,4,#211e20,0.0817,neutrals
data/latest/images/London_Fashion_Week_runway_2025_e3019a8fbc1b380a.jpg,5,#e3931a,0.044075,neon
data/latest/images/Balmain_burgundy_runway_2025_90e47d0b4452a4fa.jpg,1,#13161b,0.36290833333333333,neutrals
data/latest/images/Balmain_burgundy_runway_2025_90e47d0b4452a4fa.jpg,2,#f3eae4,0.2849083333333333,pastels
data/latest/images/Balmain_burgundy_runway_2025_90e47d0b4452a4fa.jpg,3,#5c5c61,0.226775,neutrals
data/latest/images/Balmain_burgundy_runway_2025_90e47d0b4452a4fa.jpg,4,#343035,0.082425,primary/jewel
data/latest/images/Balmain_burgundy_runway_2025_90e47d0b4452a4fa.jpg,5,#bcb0a3,0.04298333333333333,earth
data/latest/images/Tokyo_Fashion_Week_backstage_2025_d19c23fc32259496.jpg,1,#816143,0.27894166666666664,earth
data/latest/images/Tokyo_Fashion_Week_backstage_2025_d19c23fc32259496.jpg,2,#503213,0.24628333333333333,earth
data/latest/images/Tokyo_Fashion_Week_backstage_2025_d19c23fc32259496.jpg,3,#24140f,0.17245,neutrals
data/latest/images/Tokyo_Fashion_Week_backstage_2025_d19c23fc32259496.jpg,4,#9296a7,0.15438333333333334,blue/purple
data/latest/images/Tokyo_Fashion_Week_backstage_2025_d19c23fc32259496.jpg,5,#282e41,0.14794166666666667,blue/purple
data/latest/images/Sydney_Fashion_Week_runway_2025_2bc4b69508ff382e.jpg,1,#704e45,0.288875,primary/jewel
data/latest/images/Sydney_Fashion_Week_runway_2025_2bc4b69508ff382e.jpg,2,#947d83,0.25993333333333335,primary/jewel
data/latest/images/Sydney_Fashion_Week_runway_2025_2bc4b69508ff382e.jpg,3,#c6a492,0.19295833333333334,earth
data/latest/images/Sydney_Fashion_Week_runway_2025_2bc4b69508ff382e.jpg,4,#301f1e,0.17560833333333334,primary/jewel
data/latest/images/Sydney_Fashion_Week_runway_2025_2bc4b69508ff382e.jpg,5,#f1e1a5,0.082625,earth
data/latest/images/Milan_Fashion_Week_runway_2026_c112e8b1474dc52e.jpg,1,#a39d97,0.27553333333333335,neutrals
data/latest/images/Milan_Fashion_Week_runway_2026_c112e8b1474dc52e.jpg,2,#c8c6c3,0.24861666666666668,neutrals
data/latest/images/Milan_Fashion_Week_runway_2026_c112e8b1474dc52e.jpg,3,#191514,0.17314166666666667,neutrals
data/latest/images/Milan_Fashion_Week_runway_2026_c112e8b1474dc52e.jpg,4,#483b3a,0.17040833333333333,primary/jewel
data/latest/images/Milan_Fashion_Week_runway_2026_c112e8b1474dc52e.jpg,5,#7e716b,0.1323,earth
data/latest/images/Balmain_burgundy_runway_2025_82e5237653ab5202.jpg,1,#dedbe6,0.5806333333333333,pastels
data/latest/images/Balmain_burgundy_runway_2025_82e5237653ab5202.jpg,2,#1e1919,0.14985,neutrals
data/latest/images/Balmain_burgundy_runway_2025_82e5237653ab5202.jpg,3,#823a30,0.09730833333333333,primary/jewel
data/latest/images/Balmain_burgundy_runway_2025_82e5237653ab5202.jpg,4,#a48981,0.09346666666666667,primary/jewel
data/latest/images/Balmain_burgundy_runway_2025_82e5237653ab5202.jpg,5,#e1b095,0.07874166666666667,earth
data/latest/images/London_Fashion_Week_runway_2025_46e9e4b75a53c5ad.jpg,1,#595461,0.3225,jewel
data/latest/images/London_Fashion_Week_runway_2025_46e9e4b75a53c5ad.jpg,2,#726d7d,0.291425,jewel
data/latest/images/London_Fashion_Week_runway_2025_46e9e4b75a53c5ad.jpg,3,#e3e5ed,0.2663083333333333,pastels
data/latest/images/London_Fashion_Week_runway_2025_46e9e4b75a53c5ad.jpg,4,#2c2136,0.0726,jewel
data/latest/images/London_Fashion_Week_runway_2025_46e9e4b75a53c5ad.jpg,5,#a09bbf,0.04716666666666667,blue/purple
data/latest/images/Sydney_Fashion_Week_runway_2025_1099cb80b127631b.webp,1,#694962,0.31400833333333333,primary/jewel
data/latest/images/Sydney_Fashion_Week_runway_2025_1099cb80b127631b.webp,2,#c171a7,0.2814083333333333,primary/jewel
data/latest/images/Sydney_Fashion_Week_runway_2025_1099cb80b127631b.webp,3,#1a0f1d,0.200725,neutrals
data/latest/images/Sydney_Fashion_Week_runway_2025_1099cb80b127631b.webp,4,#f1c5df,0.12508333333333332,primary/jewel
data/latest/images/Sydney_Fashion_Week_runway_2025_1099cb80b127631b.webp,5,#bb7d58,0.078775,earth
data/latest/images/Seoul_Fashion_Week_street_style_2025_c4310a88eeaf1479.webp,1,#dee8ea,0.5018416666666666,pastels
data/latest/images/Seoul_Fashion_Week_street_style_2025_c4310a88eeaf1479.webp,2,#031018,0.19834166666666667,neutrals
data/latest/images/Seoul_Fashion_Week_street_style_2025_c4310a88eeaf1479.webp,3,#25303b,0.12579166666666666,blue/purple
data/latest/images/Seoul_Fashion_Week_street_style_2025_c4310a88eeaf1479.webp,4,#aca89f,0.120075,neutrals
data/latest/images/Seoul_Fashion_Week_street_style_2025_c4310a88eeaf1479.webp,5,#756f6d,0.05395,neutrals
data/latest/images/Tokyo_Fashion_Week_backstage_2025_0af01d92505230c0.jpg,1,#c1dbe4,0.23520833333333332,blue/purple
data/latest/images/Tokyo_Fashion_Week_backstage_2025_0af01d92505230c0.jpg,2,#9aa8ac,0.21653333333333333,blue/purple
data/latest/images/Tokyo_Fashion_Week_backstage_2025_0af01d92505230c0.jpg,3,#6a7779,0.19429166666666667,blue/purple
data/latest/images/Tokyo_Fashion_Week_backstage_2025_0af01d92505230c0.jpg,4,#3a4b4e,0.19266666666666668,blue/purple
data/latest/images/Tokyo_Fashion_Week_backstage_2025_0af01d92505230c0.jpg,5,#102024,0.1613,neutrals
data/latest/images/Seoul_Fashion_Week_backstage_2026_5b9f2f25adbdc293.jpg,1,#130e19,0.3056083333333333,neutrals
data/latest/images/Seoul_Fashion_Week_backstage_2026_5b9f2f25adbdc293.jpg,2,#5c505f,0.194175,primary/jewel
data/latest/images/Seoul_Fashion_Week_backstage_2026_5b9f2f25adbdc293.jpg,3,#95889e,0.17201666666666668,jewel
data/latest/images/Seoul_Fashion_Week_backstage_2026_5b9f2f25adbdc293.jpg,4,#362936,0.16665,primary/jewel
data/latest/images/Seoul_Fashion_Week_backstage_2026_5b9f2f25adbdc293.jpg,5,#bdbbcb,0.16155,neutrals
data/latest/images/lookbook_fashion_2026_db1df0f845b1b587.jpg,1,#d2c3b5,0.3339916666666667,earth
data/latest/images/lookbook_fashion_2026_db1df0f845b1b587.jpg,2,#b89f8a,0.22426666666666667,earth
data/latest/images/lookbook_fashion_2026_db1df0f845b1b587.jpg,3,#151410,0.18855,neutrals
data/latest/images/lookbook_fashion_2026_db1df0f845b1b587.jpg,4,#8f5931,0.14315,earth
data/latest/images/lookbook_fashion_2026_db1df0f845b1b587.jpg,5,#5b361e,0.11004166666666666,earth
data/latest/images/runway_fashion_2025_ee30c3b3b5a9e8b0.webp,1,#0c0d0f,0.6096333333333334,neutrals
data/latest/images/runway_fashion_2025_ee30c3b3b5a9e8b0.webp,2,#322826,0.19223333333333334,primary/jewel
data/latest/images/runway_fashion_2025_ee30c3b3b5a9e8b0.webp,3,#54514b,0.10311666666666666,earth
data/latest/images/runway_fashion_2025_ee30c3b3b5a9e8b0.webp,4,#b33728,0.048175,neon
data/latest/images/runway_fashion_2025_ee30c3b3b5a9e8b0.webp,5,#8e8f7c,0.04684166666666666,earth
data/latest/images/lookbook_fashion_2025_fa01da8c41f5465f.jpg,1,#d8dde0,0.5342333333333333,neutrals
data/latest/images/lookbook_fashion_2025_fa01da8c41f5465f.jpg,2,#bcbaba,0.20620833333333333,neutrals
data/latest/images/lookbook_fashion_2025_fa01da8c41f5465f.jpg,3,#999999,0.16780833333333334,neutrals
data/latest/images/lookbook_fashion_2025_fa01da8c41f5465f.jpg,4,#90644b,0.06720833333333333,earth
data/latest/images/lookbook_fashion_2025_fa01da8c41f5465f.jpg,5,#2a1f1c,0.024541666666666666,neutrals
data/latest/images/Stockholm_Fashion_Week_street_style_2025_8b6c36aee74b957d.jpg,1,#0a0a0a,0.455925,neutrals
data/latest/images/Stockholm_Fashion_Week_street_style_2025_8b6c36aee74b957d.jpg,2,#8b8072,0.17966666666666667,earth
data/latest/images/Stockholm_Fashion_Week_street_style_2025_8b6c36aee74b957d.jpg,3,#2e2928,0.13779166666666667,primary/jewel
data/latest/images/Stockholm_Fashion_Week_street_style_2025_8b6c36aee74b957d.jpg,4,#afa699,0.1306,earth
data/latest/images/Stockholm_Fashion_Week_street_style_2025_8b6c36aee74b957d.jpg,5,#614f4b,0.09601666666666667,primary/jewel
data/latest/images/lookbook_fashion_2025_b77d09cadcff1aad.jpg,1,#221f20,0.3075,neutrals
data/latest/images/lookbook_fashion_2025_b77d09cadcff1aad.jpg,2,#9b7e68,0.24571666666666667,earth
data/latest/images/lookbook_fashion_2025_b77d09cadcff1aad.jpg,3,#cab9a7,0.19304166666666667,earth
data/latest/images/lookbook_fashion_2025_b77d09cadcff1aad.jpg,4,#5c4a3e,0.17848333333333333,earth
data/latest/images/lookbook_fashion_2025_b77d09cadcff1aad.jpg,5,#f1ede3,0.07525833333333333,pastels
data/latest/images/Copenhagen_Fashion_Week_street_style_2026_07da9c6160e58aa5.jpg,1,#69574f,0.25475,earth
data/latest/images/Copenhagen_Fashion_Week_street_style_2026_07da9c6160e58aa5.jpg,2,#40352e,0.24256666666666668,earth
data/latest/images/Copenhagen_Fashion_Week_street_style_2026_07da9c6160e58aa5.jpg,3,#191618,0.18510833333333335,neutrals
data/latest/images/Copenhagen_Fashion_Week_street_style_2026_07da9c6160e58aa5.jpg,4,#9c8172,0.18344166666666667,earth
data/latest/images/Copenhagen_Fashion_Week_street_style_2026_07da9c6160e58aa5.jpg,5,#c7c5c5,0.13413333333333333,neutrals
data/latest/images/Stockholm_Fashion_Week_street_style_2026_2e94a0e83926ab27.jpg,1,#e8dfcb,0.2771416666666667,pastels
data/latest/images/Stockholm_Fashion_Week_street_style_2026_2e94a0e83926ab27.jpg,2,#181516,0.23198333333333335,neutrals
data/latest/images/Stockholm_Fashion_Week_street_style_2026_2e94a0e83926ab27.jpg,3,#c8b190,0.19954166666666667,earth
data/latest/images/Stockholm_Fashion_Week_street_style_2026_2e94a0e83926ab27.jpg,4,#9b8062,0.15463333333333334,earth
data/latest/images/Stockholm_Fashion_Week_street_style_2026_2e94a0e83926ab27.jpg,5,#4c3d32,0.1367,earth
data/latest/images/Seoul_Fashion_Week_street_style_2025_cd70045ebef0c70c.jpg,1,#141a19,0.2957666666666667,neutrals
data/latest/images/Seoul_Fashion_Week_street_style_2025_cd70045ebef0c70c.jpg,2,#393e30,0.22603333333333334,green/blue
data/latest/images/Seoul_Fashion_Week_street_style_2025_cd70045ebef0c70c.jpg,3,#6c6b54,0.18010833333333334,earth
data/latest/images/Seoul_Fashion_Week_street_style_2025_cd70045ebef0c70c.jpg,4,#aba290,0.16628333333333334,earth
data/latest/images/Seoul_Fashion_Week_street_style_2025_cd70045ebef0c70c.jpg,5,#d2cec5,0.13180833333333333,neutrals
data/latest/images/Balmain_burgundy_runway_2025_cc24d742d5207be7.jpg,1,#151a1a,0.3845,neutrals
data/latest/images/Balmain_burgundy_runway_2025_cc24d742d5207be7.jpg,2,#ebe3de,0.269775,pastels
data/latest/images/Balmain_burgundy_runway_2025_cc24d742d5207be7.jpg,3,#5a5a5f,0.238825,neutrals
data/latest/images/Balmain_burgundy_runway_2025_cc24d742d5207be7.jpg,4,#302f2e,0.06653333333333333,neutrals
data/latest/images/Balmain_burgundy_runway_2025_cc24d742d5207be7.jpg,5,#ad907d,0.04036666666666667,earth
data/latest/images/editorial_fashion_2025_93205c3ca0920b7a.webp,1,#f0f0d7,0.404825,pastels
data/latest/images/editorial_fashion_2025_93205c3ca0920b7a.webp,2,#cbccac,0.25585833333333335,earth
data/latest/images/editorial_fashion_2025_93205c3ca0920b7a.webp,3,#9a9e8c,0.14475,earth
data/latest/images/editorial_fashion_2025_93205c3ca0920b7a.webp,4,#131820,0.12741666666666668,neutrals
data/latest/images/editorial_fashion_2025_93205c3ca0920b7a.webp,5,#474c52,0.06715,blue/purple
data/latest/images/London_Fashion_Week_runway_2025_58e74f93440487d0.webp,1,#473f37,0.3178666666666667,earth
data/latest/images/London_Fashion_Week_runway_2025_58e74f93440487d0.webp,2,#002c84,0.20466666666666666,blue/purple
data/latest/images/London_Fashion_Week_runway_2025_58e74f93440487d0.webp,3,#131517,0.19948333333333335,neutrals
data/latest/images/London_Fashion_Week_runway_2025_58e74f93440487d0.webp,4,#c4b49f,0.1484,earth
data/latest/images/London_Fashion_Week_runway_2025_58e74f93440487d0.webp,5,#887864,0.12958333333333333,earth
data/latest/images/runway_backstage_fashion_2025_3e5b54436fff9bfa.jpg,1,#f3e6e3,0.2573166666666667,pastels
data/latest/images/runway_backstage_fashion_2025_3e5b54436fff9bfa.jpg,2,#a8837c,0.22328333333333333,primary/jewel
data/latest/images/runway_backstage_fashion_2025_3e5b54436fff9bfa.jpg,3,#d5b0a8,0.22303333333333333,primary/jewel
data/latest/images/runway_backstage_fashion_2025_3e5b54436fff9bfa.jpg,4,#0d0a0a,0.166625,neutrals
data/latest/images/runway_backstage_fashion_2025_3e5b54436fff9bfa.jpg,5,#684538,0.12974166666666667,earth
data/latest/images/Stockholm_Fashion_Week_street_style_2025_89ce1f0e8434a586.jpg,1,#e7deca,0.2730916666666667,pastels
data/latest/images/Stockholm_Fashion_Week_street_style_2025_89ce1f0e8434a586.jpg,2,#181516,0.23285833333333333,neutrals
data/latest/images/Stockholm_Fashion_Week_street_style_2025_89ce1f0e8434a586.jpg,3,#c8b18e,0.1969,earth
data/latest/images/Stockholm_Fashion_Week_street_style_2025_89ce1f0e8434a586.jpg,4,#9c8163,0.15994166666666668,earth
data/latest/images/Stockholm_Fashion_Week_street_style_2025_89ce1f0e8434a586.jpg,5,#4d3e33,0.13720833333333332,earth
data/latest/images/Seoul_Fashion_Week_street_style_2025_4a67702a53361641.jpg,1,#aaa69f,0.2989833333333333,neutrals
data/latest/images/Seoul_Fashion_Week_street_style_2025_4a67702a53361641.jpg,2,#f4f8f9,0.29336666666666666,pastels
data/latest/images/Seoul_Fashion_Week_street_style_2025_4a67702a53361641.jpg,3,#896f59,0.17214166666666667,earth
data/latest/images/Seoul_Fashion_Week_street_style_2025_4a67702a53361641.jpg,4,#0d1012,0.14841666666666667,neutrals
data/latest/images/Seoul_Fashion_Week_street_style_2025_4a67702a53361641.jpg,5,#3f3c39,0.08709166666666666,earth
data/latest/images/leopard_print_runway_1990s_f3313c3f3d54db12.webp,1,#25211c,0.3183,neutrals
data/latest/images/leopard_print_runway_1990s_f3313c3f3d54db12.webp,2,#8b6f5f,0.20068333333333332,earth
data/latest/images/leopard_print_runway_1990s_f3313c3f3d54db12.webp,3,#5b4537,0.18359166666666665,earth
data/latest/images/leopard_print_runway_1990s_f3313c3f3d54db12.webp,4,#a89b99,0.16956666666666667,primary/jewel
data/latest/images/leopard_print_runway_1990s_f3313c3f3d54db12.webp,5,#bec7cb,0.12785833333333332,neutrals
data/latest/images/Tokyo_Fashion_Week_backstage_2025_e19d0cd53357b354.jpg,1,#8c908d,0.28189166666666665,neutrals
data/latest/images/Tokyo_Fashion_Week_backstage_2025_e19d0cd53357b354.jpg,2,#bfc2c1,0.23790833333333333,neutrals
data/latest/images/Tokyo_Fashion_Week_backstage_2025_e19d0cd53357b354.jpg,3,#555951,0.19424166666666667,green/blue
data/latest/images/Tokyo_Fashion_Week_backstage_2025_e19d0cd53357b354.jpg,4,#212529,0.18978333333333333,neutrals
data/latest/images/Tokyo_Fashion_Week_backstage_2025_e19d0cd53357b354.jpg,5,#edeef0,0.096175,pastels
data/latest/images/lookbook_fashion_2026_e5a29d8139b1b87c.jpg,1,#2d1a16,0.4099333333333333,neutrals
data/latest/images/lookbook_fashion_2026_e5a29d8139b1b87c.jpg,2,#180c09,0.373125,neutrals
data/latest/images/lookbook_fashion_2026_e5a29d8139b1b87c.jpg,3,#46281f,0.15235,primary/jewel
data/latest/images/lookbook_fashion_2026_e5a29d8139b1b87c.jpg,4,#74432a,0.050508333333333336,earth
data/latest/images/lookbook_fashion_2026_e5a29d8139b1b87c.jpg,5,#b9886d,0.014083333333333333,earth
data/latest/images/Tokyo_Fashion_Week_backstage_2025_4b68540a428157bb.jpg,1,#9c8e86,0.24574166666666666,earth
data/latest/images/Tokyo_Fashion_Week_backstage_2025_4b68540a428157bb.jpg,2,#d1bdb1,0.22008333333333333,earth
data/latest/images/Tokyo_Fashion_Week_backstage_2025_4b68540a428157bb.jpg,3,#0d0b09,0.2008,neutrals
data/latest/images/Tokyo_Fashion_Week_backstage_2025_4b68540a428157bb.jpg,4,#3c3530,0.196975,earth
data/latest/images/Tokyo_Fashion_Week_backstage_2025_4b68540a428157bb.jpg,5,#6a6768,0.1364,neutrals
data/latest/images/Stockholm_Fashion_Week_street_style_2026_4765f599bef6c914.jpg,1,#aba299,0.3152,earth
data/latest/images/Stockholm_Fashion_Week_street_style_2026_4765f599bef6c914.jpg,2,#643b2a,0.211925,earth
data/latest/images/Stockholm_Fashion_Week_street_style_2026_4765f599bef6c914.jpg,3,#8c7263,0.202125,earth
data/latest/images/Stockholm_Fashion_Week_street_style_2026_4765f599bef6c914.jpg,4,#2a130d,0.174225,neutrals
data/latest/images/Stockholm_Fashion_Week_street_style_2026_4765f599bef6c914.jpg,5,#eaddcc,0.096525,pastels
data/latest/images/Tokyo_Fashion_Week_backstage_2025_6c2833af2a45c4f5.jpg,1,#13191e,0.31250833333333333,neutrals
data/latest/images/Tokyo_Fashion_Week_backstage_2025_6c2833af2a45c4f5.jpg,2,#e5e1e4,0.2643583333333333,neutrals
data/latest/images/Tokyo_Fashion_Week_backstage_2025_6c2833af2a45c4f5.jpg,3,#ebc58d,0.19954166666666667,earth
data/latest/images/Tokyo_Fashion_Week_backstage_2025_6c2833af2a45c4f5.jpg,4,#b8937f,0.12889166666666665,earth
data/latest/images/Tokyo_Fashion_Week_backstage_2025_6c2833af2a45c4f5.jpg,5,#795645,0.0947,earth
data/latest/images/Seoul_Fashion_Week_backstage_2026_17522cf0278e10b7.jpg,1,#534b51,0.27960833333333335,primary/jewel
data/latest/images/Seoul_Fashion_Week_backstage_2026_17522cf0278e10b7.jpg,2,#393438,0.22826666666666667,primary/jewel
data/latest/images/Seoul_Fashion_Week_backstage_2026_17522cf0278e10b7.jpg,3,#46527c,0.21398333333333333,blue/purple
data/latest/images/Seoul_Fashion_Week_backstage_2026_17522cf0278e10b7.jpg,4,#9396a8,0.17344166666666666,blue/purple
data/latest/images/Seoul_Fashion_Week_backstage_2026_17522cf0278e10b7.jpg,5,#bbbed1,0.1047,blue/purple
data/latest/images/Tokyo_Fashion_Week_runway_2026_dea2a7f756df5e26.png,1,#7a6a67,0.25280833333333336,primary/jewel
data/latest/images/Tokyo_Fashion_Week_runway_2026_dea2a7f756df5e26.png,2,#c7303c,0.247175,neon
data/latest/images/Tokyo_Fashion_Week_runway_2026_dea2a7f756df5e26.png,3,#d58a88,0.23101666666666668,primary/jewel
data/latest/images/Tokyo_Fashion_Week_runway_2026_dea2a7f756df5e26.png,4,#e3d5d0,0.16450833333333334,earth
data/latest/images/Tokyo_Fashion_Week_runway_2026_dea2a7f756df5e26.png,5,#60261d,0.10449166666666666,primary/jewel
data/latest/images/Sydney_Fashion_Week_backstage_2025_f4616d28cc93f5fa.jpg,1,#121013,0.33053333333333335,neutrals
data/latest/images/Sydney_Fashion_Week_backstage_2025_f4616d28cc93f5fa.jpg,2,#e2e2e2,0.28775833333333334,neutrals
data/latest/images/Sydney_Fashion_Week_backstage_2025_f4616d28cc93f5fa.jpg,3,#312e30,0.17878333333333332,neutrals
data/latest/images/Sydney_Fashion_Week_backstage_2025_f4616d28cc93f5fa.jpg,4,#aba29a,0.13563333333333333,earth
data/latest/images/Sydney_Fashion_Week_backstage_2025_f4616d28cc93f5fa.jpg,5,#6e5e5b,0.06729166666666667,primary/jewel
data/latest/images/Balmain_burgundy_runway_2025_920cc73decbd9177.webp,1,#ebe0d6,0.5317,pastels
data/latest/images/Balmain_burgundy_runway_2025_920cc73decbd9177.webp,2,#5d393b,0.14295833333333333,primary/jewel
data/latest/images/Balmain_burgundy_runway_2025_920cc73decbd9177.webp,3,#b89a87,0.122075,earth
data/latest/images/Balmain_burgundy_runway_2025_920cc73decbd9177.webp,4,#362222,0.10239166666666667,primary/jewel
data/latest/images/Balmain_burgundy_runway_2025_920cc73decbd9177.webp,5,#85695b,0.100875,earth
data/latest/images/New_York_Fashion_Week_runway_2025_19e50a26c03c7e2e.jpg,1,#989182,0.3711583333333333,earth
data/latest/images/New_York_Fashion_Week_runway_2025_19e50a26c03c7e2e.jpg,2,#777268,0.209,earth
data/latest/images/New_York_Fashion_Week_runway_2025_19e50a26c03c7e2e.jpg,3,#4e4b47,0.18031666666666665,earth
data/latest/images/New_York_Fashion_Week_runway_2025_19e50a26c03c7e2e.jpg,4,#c7c5c5,0.13849166666666668,neutrals
data/latest/images/New_York_Fashion_Week_runway_2025_19e50a26c03c7e2e.jpg,5,#171714,0.10103333333333334,neutrals
data/latest/images/fashion_campaign_2026_5b1f03bd9fdb8e0a.jpg,1,#906a6a,0.4290083333333333,primary/jewel
data/latest/images/fashion_campaign_2026_5b1f03bd9fdb8e0a.jpg,2,#765657,0.26159166666666667,primary/jewel
data/latest/images/fashion_campaign_2026_5b1f03bd9fdb8e0a.jpg,3,#b0142c,0.120875,primary/jewel
data/latest/images/fashion_campaign_2026_5b1f03bd9fdb8e0a.jpg,4,#2d2228,0.1053,neutrals
data/latest/images/fashion_campaign_2026_5b1f03bd9fdb8e0a.jpg,5,#ceb0aa,0.083225,primary/jewel
data/latest/images/Paris_Fashion_Week_runway_2026_703b5daa52d56712.jpg,1,#bdb6b4,0.33160833333333334,neutrals
data/latest/images/Paris_Fashion_Week_runway_2026_703b5daa52d56712.jpg,2,#faf9fb,0.277925,pastels
data/latest/images/Paris_Fashion_Week_runway_2026_703b5daa52d56712.jpg,3,#a38f80,0.22123333333333334,earth
data/latest/images/Paris_Fashion_Week_runway_2026_703b5daa52d56712.jpg,4,#55463e,0.09370833333333334,earth
data/latest/images/Paris_Fashion_Week_runway_2026_703b5daa52d56712.jpg,5,#242122,0.075525,neutrals
data/latest/images/Balmain_burgundy_runway_2025_c2ad17eaf661aa56.jpg,1,#090204,0.6071083333333334,neutrals
data/latest/images/Balmain_burgundy_runway_2025_c2ad17eaf661aa56.jpg,2,#310d19,0.18265833333333334,primary/jewel
data/latest/images/Balmain_burgundy_runway_2025_c2ad17eaf661aa56.jpg,3,#542736,0.12618333333333334,primary/jewel
data/latest/images/Balmain_burgundy_runway_2025_c2ad17eaf661aa56.jpg,4,#856561,0.05375833333333333,primary/jewel
data/latest/images/Balmain_burgundy_runway_2025_c2ad17eaf661aa56.jpg,5,#c6b1ac,0.030291666666666668,primary/jewel
data/latest/images/Milan_Fashion_Week_runway_2025_1c44b107d19855bd.jpg,1,#b1c6ec,0.34031666666666666,blue/purple
data/latest/images/Milan_Fashion_Week_runway_2025_1c44b107d19855bd.jpg,2,#77a5e9,0.2695916666666667,blue/purple
data/latest/images/Milan_Fashion_Week_runway_2025_1c44b107d19855bd.jpg,3,#b75849,0.1379,primary/jewel
data/latest/images/Milan_Fashion_Week_runway_2025_1c44b107d19855bd.jpg,4,#6c71ac,0.13284166666666666,blue/purple
data/latest/images/Milan_Fashion_Week_runway_2025_1c44b107d19855bd.jpg,5,#522a27,0.11935,primary/jewel
data/latest/images/Seoul_Fashion_Week_runway_2026_640f9c8a24bd00c6.jpg,1,#effad4,0.49278333333333335,pastels
data/latest/images/Seoul_Fashion_Week_runway_2026_640f9c8a24bd00c6.jpg,2,#dee1c4,0.23294166666666666,earth
data/latest/images/Seoul_Fashion_Week_runway_2026_640f9c8a24bd00c6.jpg,3,#372b25,0.126175,earth
data/latest/images/Seoul_Fashion_Week_runway_2026_640f9c8a24bd00c6.jpg,4,#c2b89b,0.116975,earth
data/latest/images/Seoul_Fashion_Week_runway_2026_640f9c8a24bd00c6.jpg,5,#85725e,0.031125,earth
data/latest/images/Seoul_Fashion_Week_street_style_2025_5d5128ee43545c5c.webp,1,#d1dde3,0.34353333333333336,neutrals
data/latest/images/Seoul_Fashion_Week_street_style_2025_5d5128ee43545c5c.webp,2,#303134,0.2226,neutrals
data/latest/images/Seoul_Fashion_Week_street_style_2025_5d5128ee43545c5c.webp,3,#bcb3ab,0.16464166666666666,earth
data/latest/images/Seoul_Fashion_Week_street_style_2025_5d5128ee43545c5c.webp,4,#8f8d8f,0.16304166666666667,neutrals
data/latest/images/Seoul_Fashion_Week_street_style_2025_5d5128ee43545c5c.webp,5,#525355,0.10618333333333334,neutrals
data/latest/images/Copenhagen_Fashion_Week_street_style_2026_c6ddee96f5343d31.jpg,1,#a4a7a8,0.3499083333333333,neutrals
data/latest/images/Copenhagen_Fashion_Week_street_style_2026_c6ddee96f5343d31.jpg,2,#4b4840,0.22469166666666668,earth
data/latest/images/Copenhagen_Fashion_Week_street_style_2026_c6ddee96f5343d31.jpg,3,#222529,0.20589166666666667,neutrals
data/latest/images/Copenhagen_Fashion_Week_street_style_2026_c6ddee96f5343d31.jpg,4,#79736b,0.123325,earth
data/latest/images/Copenhagen_Fashion_Week_street_style_2026_c6ddee96f5343d31.jpg,5,#c7cbce,0.09618333333333333,neutrals
data/latest/images/Tokyo_Fashion_Week_backstage_2025_4144a334c08bdfe6.jpg,1,#ae8b72,0.26895833333333335,earth
data/latest/images/Tokyo_Fashion_Week_backstage_2025_4144a334c08bdfe6.jpg,2,#856853,0.23605,earth
data/latest/images/Tokyo_Fashion_Week_backstage_2025_4144a334c08bdfe6.jpg,3,#d5c5bb,0.21578333333333333,earth
data/latest/images/Tokyo_Fashion_Week_backstage_2025_4144a334c08bdfe6.jpg,4,#553b2c,0.152375,earth
data/latest/images/Tokyo_Fashion_Week_backstage_2025_4144a334c08bdfe6.jpg,5,#16140f,0.12683333333333333,neutrals
data/latest/images/editorial_fashion_2025_64397324420ccf3d.webp,1,#403c22,0.26263333333333333,earth
data/latest/images/editorial_fashion_2025_64397324420ccf3d.webp,2,#1a1a10,0.2612083333333333,neutrals
data/latest/images/editorial_fashion_2025_64397324420ccf3d.webp,3,#746235,0.202675,earth
data/latest/images/editorial_fashion_2025_64397324420ccf3d.webp,4,#a38f6b,0.15969166666666668,earth
data/latest/images/editorial_fashion_2025_64397324420ccf3d.webp,5,#c8c0a8,0.11379166666666667,earth
data/latest/images/runway_fashion_2025_9b9b7dc0faba08bd.jpg,1,#e2e2e2,0.36223333333333335,neutrals
data/latest/images/runway_fashion_2025_9b9b7dc0faba08bd.jpg,2,#111316,0.24584166666666665,neutrals
data/latest/images/runway_fashion_2025_9b9b7dc0faba08bd.jpg,3,#d1c3b8,0.202525,earth
data/latest/images/runway_fashion_2025_9b9b7dc0faba08bd.jpg,4,#a08d7f,0.10578333333333333,earth
data/latest/images/runway_fashion_2025_9b9b7dc0faba08bd.jpg,5,#525050,0.08361666666666667,neutrals
data/latest/images/Tokyo_Fashion_Week_runway_2026_20018bafc4d8c840.jpg,1,#090a0c,0.6127833333333333,neutrals
data/latest/images/Tokyo_Fashion_Week_runway_2026_20018bafc4d8c840.jpg,2,#382b2c,0.112425,primary/jewel
data/latest/images/Tokyo_Fashion_Week_runway_2026_20018bafc4d8c840.jpg,3,#786567,0.102325,primary/jewel
data/latest/images/Tokyo_Fashion_Week_runway_2026_20018bafc4d8c840.jpg,4,#a8a0a6,0.09406666666666667,neutrals
data/latest/images/Tokyo_Fashion_Week_runway_2026_20018bafc4d8c840.jpg,5,#f7f7f7,0.0784,pastels
data/latest/images/London_Fashion_Week_runway_2025_41d276a71660beec.jpg,1,#38322e,0.37164166666666665,earth
data/latest/images/London_Fashion_Week_runway_2025_41d276a71660beec.jpg,2,#171717,0.31145,neutrals
data/latest/images/London_Fashion_Week_runway_2025_41d276a71660beec.jpg,3,#575755,0.19935833333333333,neutrals
data/latest/images/London_Fashion_Week_runway_2025_41d276a71660beec.jpg,4,#909898,0.06241666666666667,neutrals
data/latest/images/London_Fashion_Week_runway_2025_41d276a71660beec.jpg,5,#9d1625,0.05513333333333333,primary/jewel
data/latest/images/Seoul_Fashion_Week_runway_2026_ac38eed2cb419e17.jpg,1,#080908,0.32276666666666665,neutrals
data/latest/images/Seoul_Fashion_Week_runway_2026_ac38eed2cb419e17.jpg,2,#6e6970,0.20931666666666668,neutrals
data/latest/images/Seoul_Fashion_Week_runway_2026_ac38eed2cb419e17.jpg,3,#3b3233,0.19890833333333333,primary/jewel
data/latest/images/Seoul_Fashion_Week_runway_2026_ac38eed2cb419e17.jpg,4,#e6eaed,0.1808,pastels
data/latest/images/Seoul_Fashion_Week_runway_2026_ac38eed2cb419e17.jpg,5,#a5a1a4,0.08820833333333333,neutrals
data/latest/images/lookbook_fashion_2026_031d82c864dc9710.jpg,1,#1d1e17,0.24836666666666668,neutrals
data/latest/images/lookbook_fashion_2026_031d82c864dc9710.jpg,2,#4f755d,0.233425,green/blue
data/latest/images/lookbook_fashion_2026_031d82c864dc9710.jpg,3,#2f4b30,0.223425,green/blue
data/latest/images/lookbook_fashion_2026_031d82c864dc9710.jpg,4,#b34819,0.173225,neon
data/latest/images/lookbook_fashion_2026_031d82c864dc9710.jpg,5,#c4ac6a,0.12155833333333334,earth
data/latest/images/Copenhagen_Fashion_Week_street_style_2026_bd1e18a569498bb4.jpg,1,#5f5350,0.27963333333333334,primary/jewel
data/latest/images/Copenhagen_Fashion_Week_street_style_2026_bd1e18a569498bb4.jpg,2,#331b19,0.264425,primary/jewel
data/latest/images/Copenhagen_Fashion_Week_street_style_2026_bd1e18a569498bb4.jpg,3,#98806c,0.167125,earth
data/latest/images/Copenhagen_Fashion_Week_street_style_2026_bd1e18a569498bb4.jpg,4,#c12f30,0.14985,neon
data/latest/images/Copenhagen_Fashion_Week_street_style_2026_bd1e18a569498bb4.jpg,5,#d7d3cc,0.13896666666666666,neutrals
data/latest/images/Stockholm_Fashion_Week_street_style_2025_177bbf17ef56217f.jpg,1,#ccb49f,0.25054166666666666,earth
data/latest/images/Stockholm_Fashion_Week_street_style_2025_177bbf17ef56217f.jpg,2,#170908,0.237075,neutrals
data/latest/images/Stockholm_Fashion_Week_street_style_2025_177bbf17ef56217f.jpg,3,#a67b52,0.18909166666666666,earth
data/latest/images/Stockholm_Fashion_Week_street_style_2025_177bbf17ef56217f.jpg,4,#805337,0.1705,earth
data/latest/images/Stockholm_Fashion_Week_street_style_2025_177bbf17ef56217f.jpg,5,#4f2917,0.15279166666666666,earth
data/latest/images/Seoul_Fashion_Week_street_style_2025_f2f10e4f74777489.jpg,1,#c8c3c4,0.280975,neutrals
data/latest/images/Seoul_Fashion_Week_street_style_2025_f2f10e4f74777489.jpg,2,#454449,0.213025,neutrals
data/latest/images/Seoul_Fashion_Week_street_style_2025_f2f10e4f74777489.jpg,3,#a09c9f,0.2114,neutrals
data/latest/images/Seoul_Fashion_Week_street_style_2025_f2f10e4f74777489.jpg,4,#747073,0.16031666666666666,neutrals
data/latest/images/Seoul_Fashion_Week_street_style_2025_f2f10e4f74777489.jpg,5,#17191e,0.13428333333333334,neutrals
data/latest/images/Stockholm_Fashion_Week_street_style_2026_3cad1cc0c9ac7169.jpg,1,#e4d2be,0.30746666666666667,earth
data/latest/images/Stockholm_Fashion_Week_street_style_2026_3cad1cc0c9ac7169.jpg,2,#cba07c,0.22280833333333333,earth
data/latest/images/Stockholm_Fashion_Week_street_style_2026_3cad1cc0c9ac7169.jpg,3,#554845,0.180275,primary/jewel
data/latest/images/Stockholm_Fashion_Week_street_style_2026_3cad1cc0c9ac7169.jpg,4,#0d0a0d,0.15151666666666666,neutrals
data/latest/images/Stockholm_Fashion_Week_street_style_2026_3cad1cc0c9ac7169.jpg,5,#a16f52,0.13793333333333332,earth
data/latest/images/Sydney_Fashion_Week_runway_2025_175adeda191e8549.jpg,1,#e0e8ea,0.4892,pastels
data/latest/images/Sydney_Fashion_Week_runway_2025_175adeda191e8549.jpg,2,#cfc4b8,0.2975833333333333,earth
data/latest/images/Sydney_Fashion_Week_runway_2025_175adeda191e8549.jpg,3,#a8806f,0.09218333333333334,earth
data/latest/images/Sydney_Fashion_Week_runway_2025_175adeda191e8549.jpg,4,#1b1411,0.06085,neutrals
data/latest/images/Sydney_Fashion_Week_runway_2025_175adeda191e8549.jpg,5,#6a443a,0.06018333333333333,primary/jewel
data/latest/images/lookbook_fashion_2025_799057a4bd58b2c3.jpg,1,#c9beb3,0.3058916666666667,earth
data/latest/images/lookbook_fashion_2025_799057a4bd58b2c3.jpg,2,#ebeeed,0.213525,pastels
data/latest/images/lookbook_fashion_2025_799057a4bd58b2c3.jpg,3,#2c201f,0.17755833333333335,neutrals
data/latest/images/lookbook_fashion_2025_799057a4bd58b2c3.jpg,4,#a48b83,0.15166666666666667,primary/jewel
data/latest/images/lookbook_fashion_2025_799057a4bd58b2c3.jpg,5,#665450,0.15135833333333334,primary/jewel
data/latest/images/Tokyo_Fashion_Week_street_style_2025_cd5491c85820fa16.jpg,1,#877a74,0.3434583333333333,earth
data/latest/images/Tokyo_Fashion_Week_street_style_2025_cd5491c85820fa16.jpg,2,#aba4a2,0.25190833333333335,neutrals
data/latest/images/Tokyo_Fashion_Week_street_style_2025_cd5491c85820fa16.jpg,3,#61524b,0.17174166666666665,earth
data/latest/images/Tokyo_Fashion_Week_street_style_2025_cd5491c85820fa16.jpg,4,#201f20,0.13884166666666667,neutrals
data/latest/images/Tokyo_Fashion_Week_street_style_2025_cd5491c85820fa16.jpg,5,#e1e4ea,0.09405,pastels
data/latest/images/New_York_Fashion_Week_street_style_2025_1c67fb3a6796e576.jpg,1,#a35740,0.40260833333333335,primary/jewel
data/latest/images/New_York_Fashion_Week_street_style_2025_1c67fb3a6796e576.jpg,2,#744030,0.19465,primary/jewel
data/latest/images/New_York_Fashion_Week_street_style_2025_1c67fb3a6796e576.jpg,3,#96837a,0.17779166666666665,earth
data/latest/images/New_York_Fashion_Week_street_style_2025_1c67fb3a6796e576.jpg,4,#211d18,0.14063333333333333,neutrals
data/latest/images/New_York_Fashion_Week_street_style_2025_1c67fb3a6796e576.jpg,5,#bdb3b0,0.08431666666666666,neutrals
data/latest/images/runway_backstage_fashion_2025_6760a94c86918751.jpg,1,#56251f,0.3146,primary/jewel
data/latest/images/runway_backstage_fashion_2025_6760a94c86918751.jpg,2,#634f40,0.260575,earth
data/latest/images/runway_backstage_fashion_2025_6760a94c86918751.jpg,3,#21100e,0.1924,neutrals
data/latest/images/runway_backstage_fashion_2025_6760a94c86918751.jpg,4,#9a7350,0.14954166666666666,earth
data/latest/images/runway_backstage_fashion_2025_6760a94c86918751.jpg,5,#d2b595,0.08288333333333334,earth
data/latest/images/London_Fashion_Week_street_style_2025_58a6ff46c8cee101.jpg,1,#c2c9d2,0.323075,neutrals
data/latest/images/London_Fashion_Week_street_style_2025_58a6ff46c8cee101.jpg,2,#a0a8b2,0.274725,blue/purple
data/latest/images/London_Fashion_Week_street_style_2025_58a6ff46c8cee101.jpg,3,#181f19,0.17938333333333334,neutrals
data/latest/images/London_Fashion_Week_street_style_2025_58a6ff46c8cee101.jpg,4,#717478,0.11195,neutrals
data/latest/images/London_Fashion_Week_street_style_2025_58a6ff46c8cee101.jpg,5,#39423d,0.11086666666666667,green/blue
data/latest/images/runway_backstage_fashion_2025_a8a59e2e4571f416.png,1,#b9a89a,0.31435833333333335,earth
data/latest/images/runway_backstage_fashion_2025_a8a59e2e4571f416.png,2,#271d1b,0.2225,neutrals
data/latest/images/runway_backstage_fashion_2025_a8a59e2e4571f416.png,3,#746158,0.19536666666666666,earth
data/latest/images/runway_backstage_fashion_2025_a8a59e2e4571f416.png,4,#f5f4f2,0.14106666666666667,pastels
data/latest/images/runway_backstage_fashion_2025_a8a59e2e4571f416.png,5,#d62c33,0.12670833333333334,neon
data/latest/images/editorial_fashion_2025_499954083bcd3433.jpg,1,#e4e8e9,0.3808666666666667,pastels
data/latest/images/editorial_fashion_2025_499954083bcd3433.jpg,2,#b1b6b9,0.19736666666666666,neutrals
data/latest/images/editorial_fashion_2025_499954083bcd3433.jpg,3,#1b1e26,0.16419166666666668,neutrals
data/latest/images/editorial_fashion_2025_499954083bcd3433.jpg,4,#7e878c,0.14165833333333333,blue/purple
data/latest/images/editorial_fashion_2025_499954083bcd3433.jpg,5,#56545a,0.11591666666666667,neutrals
data/latest/images/Milan_Fashion_Week_runway_2025_918ae873610f88ee.jpg,1,#d6d0cf,0.28863333333333335,neutrals
data/latest/images/Milan_Fashion_Week_runway_2025_918ae873610f88ee.jpg,2,#b8b0b0,0.228675,neutrals
data/latest/images/Milan_Fashion_Week_runway_2025_918ae873610f88ee.jpg,3,#0d0a0d,0.21748333333333333,neutrals
data/latest/images/Milan_Fashion_Week_runway_2025_918ae873610f88ee.jpg,4,#414766,0.181425,blue/purple
data/latest/images/Milan_Fashion_Week_runway_2025_918ae873610f88ee.jpg,5,#8f8380,0.08378333333333333,primary/jewel
data/latest/images/lookbook_fashion_2025_3921efc751ade2f1.jpg,1,#0b0809,0.34315833333333334,neutrals
data/latest/images/lookbook_fashion_2025_3921efc751ade2f1.jpg,2,#fafcfc,0.33471666666666666,pastels
data/latest/images/lookbook_fashion_2025_3921efc751ade2f1.jpg,3,#b7aca1,0.11420833333333333,earth
data/latest/images/lookbook_fashion_2025_3921efc751ade2f1.jpg,4,#3d3630,0.11221666666666667,earth
data/latest/images/lookbook_fashion_2025_3921efc751ade2f1.jpg,5,#877361,0.0957,earth
data/latest/images/editorial_fashion_2025_c2190b64535baa3b.jpg,1,#998b7e,0.28281666666666666,earth
data/latest/images/editorial_fashion_2025_c2190b64535baa3b.jpg,2,#67614f,0.22175833333333334,earth
data/latest/images/editorial_fashion_2025_c2190b64535baa3b.jpg,3,#c8bfba,0.198475,neutrals
data/latest/images/editorial_fashion_2025_c2190b64535baa3b.jpg,4,#2a2229,0.16154166666666667,neutrals
data/latest/images/editorial_fashion_2025_c2190b64535baa3b.jpg,5,#851b1f,0.13540833333333332,primary/jewel
data/latest/images/Copenhagen_Fashion_Week_street_style_2026_cee38db9edb992f6.jpg,1,#d4ccc2,0.40066666666666667,earth
data/latest/images/Copenhagen_Fashion_Week_street_style_2026_cee38db9edb992f6.jpg,2,#bfb2a4,0.27775833333333333,earth
data/latest/images/Copenhagen_Fashion_Week_street_style_2026_cee38db9edb992f6.jpg,3,#8f8782,0.138325,earth
data/latest/images/Copenhagen_Fashion_Week_street_style_2026_cee38db9edb992f6.jpg,4,#433131,0.09470833333333334,primary/jewel
data/latest/images/Copenhagen_Fashion_Week_street_style_2026_cee38db9edb992f6.jpg,5,#6a5d56,0.08854166666666667,earth
data/latest/images/Paris_Fashion_Week_runway_2026_b927ee14be225e40.jpg,1,#060707,0.620575,neutrals
data/latest/images/Paris_Fashion_Week_runway_2026_b927ee14be225e40.jpg,2,#2b261e,0.16548333333333334,neutrals
data/latest/images/Paris_Fashion_Week_runway_2026_b927ee14be225e40.jpg,3,#4e3f31,0.11203333333333333,earth
data/latest/images/Paris_Fashion_Week_runway_2026_b927ee14be225e40.jpg,4,#a85635,0.08294166666666666,earth
data/latest/images/Paris_Fashion_Week_runway_2026_b927ee14be225e40.jpg,5,#cdbeb8,0.018966666666666666,earth
data/latest/images/Chanel_haute_couture_2020_87e110705d6580a6.jpg,1,#05070c,0.3443,neutrals
data/latest/images/Chanel_haute_couture_2020_87e110705d6580a6.jpg,2,#64534d,0.21135833333333334,earth
data/latest/images/Chanel_haute_couture_2020_87e110705d6580a6.jpg,3,#ddd6d4,0.16973333333333335,neutrals
data/latest/images/Chanel_haute_couture_2020_87e110705d6580a6.jpg,4,#a69892,0.14008333333333334,earth
data/latest/images/Chanel_haute_couture_2020_87e110705d6580a6.jpg,5,#3e3133,0.134525,primary/jewel
data/latest/images/Sydney_Fashion_Week_backstage_2025_6a13cb5fa6034418.jpg,1,#7f1516,0.34463333333333335,primary/jewel
data/latest/images/Sydney_Fashion_Week_backstage_2025_6a13cb5fa6034418.jpg,2,#724547,0.19954166666666667,primary/jewel
data/latest/images/Sydney_Fashion_Week_backstage_2025_6a13cb5fa6034418.jpg,3,#f7f6f4,0.16614166666666666,pastels
data/latest/images/Sydney_Fashion_Week_backstage_2025_6a13cb5fa6034418.jpg,4,#aa7d72,0.15040833333333334,primary/jewel
data/latest/images/Sydney_Fashion_Week_backstage_2025_6a13cb5fa6034418.jpg,5,#271819,0.139275,neutrals
data/latest/images/lookbook_fashion_2025_33a2b75baa4bf61a.jpg,1,#000204,0.7812,neutrals
data/latest/images/lookbook_fashion_2025_33a2b75baa4bf61a.jpg,2,#470f1a,0.0911,primary/jewel
data/latest/images/lookbook_fashion_2025_33a2b75baa4bf61a.jpg,3,#86074a,0.07095833333333333,primary/jewel
data/latest/images/lookbook_fashion_2025_33a2b75baa4bf61a.jpg,4,#6f4b41,0.03138333333333333,primary/jewel
data/latest/images/lookbook_fashion_2025_33a2b75baa4bf61a.jpg,5,#c79484,0.025358333333333333,primary/jewel
data/latest/images/Gucci_Fall_2013_runway_d8855ac8bcebafb7.jpg,1,#0b0d16,0.6019666666666666,neutrals
data/latest/images/Gucci_Fall_2013_runway_d8855ac8bcebafb7.jpg,2,#1d222c,0.2513,neutrals
data/latest/images/Gucci_Fall_2013_runway_d8855ac8bcebafb7.jpg,3,#363a4e,0.09130833333333334,blue/purple
data/latest/images/Gucci_Fall_2013_runway_d8855ac8bcebafb7.jpg,4,#65627c,0.044708333333333336,blue/purple
data/latest/images/Gucci_Fall_2013_runway_d8855ac8bcebafb7.jpg,5,#bdb7ca,0.010716666666666666,jewel
data/latest/images/Sydney_Fashion_Week_runway_2025_280536556e25b541.jpg,1,#2a1f19,0.33919166666666667,neutrals
data/latest/images/Sydney_Fashion_Week_runway_2025_280536556e25b541.jpg,2,#b1b2b7,0.28439166666666665,neutrals
data/latest/images/Sydney_Fashion_Week_runway_2025_280536556e25b541.jpg,3,#605449,0.17196666666666666,earth
data/latest/images/Sydney_Fashion_Week_runway_2025_280536556e25b541.jpg,4,#8a857f,0.16175,neutrals
data/latest/images/Sydney_Fashion_Week_runway_2025_280536556e25b541.jpg,5,#f5f5f1,0.0427,pastels
data/latest/images/London_Fashion_Week_runway_2025_e599daaee9c3ea98.jpg,1,#f1f7fc,0.454225,pastels
data/latest/images/London_Fashion_Week_runway_2025_e599daaee9c3ea98.jpg,2,#45566e,0.23293333333333333,blue/purple
data/latest/images/London_Fashion_Week_runway_2025_e599daaee9c3ea98.jpg,3,#697d9a,0.19423333333333334,blue/purple
data/latest/images/London_Fashion_Week_runway_2025_e599daaee9c3ea98.jpg,4,#003faf,0.087725,blue/purple
data/latest/images/London_Fashion_Week_runway_2025_e599daaee9c3ea98.jpg,5,#1f233a,0.030883333333333332,blue/purple
data/latest/images/New_York_Fashion_Week_runway_2025_9e1b4c7063f01279.jpg,1,#dbdcd7,0.40625,neutrals
data/latest/images/New_York_Fashion_Week_runway_2025_9e1b4c7063f01279.jpg,2,#7a7b82,0.17269166666666666,neutrals
data/latest/images/New_York_Fashion_Week_runway_2025_9e1b4c7063f01279.jpg,3,#b4afa7,0.17246666666666666,neutrals
data/latest/images/New_York_Fashion_Week_runway_2025_9e1b4c7063f01279.jpg,4,#1a1b17,0.1448,neutrals
data/latest/images/New_York_Fashion_Week_runway_2025_9e1b4c7063f01279.jpg,5,#4f4f56,0.10379166666666667,blue/purple
data/latest/images/Balmain_burgundy_runway_2025_e71bce3d8ff56892.jpg,1,#141719,0.403225,neutrals
data/latest/images/Balmain_burgundy_runway_2025_e71bce3d8ff56892.jpg,2,#ede5e1,0.30873333333333336,pastels
data/latest/images/Balmain_burgundy_runway_2025_e71bce3d8ff56892.jpg,3,#585b5f,0.186,neutrals
data/latest/images/Balmain_burgundy_runway_2025_e71bce3d8ff56892.jpg,4,#323334,0.07235833333333333,neutrals
data/latest/images/Balmain_burgundy_runway_2025_e71bce3d8ff56892.jpg,5,#b8a59e,0.029683333333333332,earth
data/latest/images/Stockholm_Fashion_Week_street_style_2026_ab3e0c50490a3b41.jpg,1,#dcdedb,0.24944166666666667,neutrals
data/latest/images/Stockholm_Fashion_Week_street_style_2026_ab3e0c50490a3b41.jpg,2,#a8a29c,0.217175,neutrals
data/latest/images/Stockholm_Fashion_Week_street_style_2026_ab3e0c50490a3b41.jpg,3,#0d1e24,0.201775,neutrals
data/latest/images/Stockholm_Fashion_Week_street_style_2026_ab3e0c50490a3b41.jpg,4,#817874,0.18056666666666665,earth
data/latest/images/Stockholm_Fashion_Week_street_style_2026_ab3e0c50490a3b41.jpg,5,#434749,0.15104166666666666,blue/purple
data/latest/images/Milan_Fashion_Week_runway_2026_b07c8f128688a2a0.webp,1,#cdbab1,0.499425,earth
data/latest/images/Milan_Fashion_Week_runway_2026_b07c8f128688a2a0.webp,2,#e5837a,0.15285,primary/jewel
data/latest/images/Milan_Fashion_Week_runway_2026_b07c8f128688a2a0.webp,3,#867273,0.13756666666666667,primary/jewel
data/latest/images/Milan_Fashion_Week_runway_2026_b07c8f128688a2a0.webp,4,#964a41,0.13246666666666668,primary/jewel
data/latest/images/Milan_Fashion_Week_runway_2026_b07c8f128688a2a0.webp,5,#393133,0.07769166666666667,primary/jewel
data/latest/images/editorial_fashion_2025_a5672cb7dc71fe08.webp,1,#c8bba7,0.355825,earth
data/latest/images/editorial_fashion_2025_a5672cb7dc71fe08.webp,2,#b09062,0.245575,earth
data/latest/images/editorial_fashion_2025_a5672cb7dc71fe08.webp,3,#e9eeed,0.19740833333333332,pastels
data/latest/images/editorial_fashion_2025_a5672cb7dc71fe08.webp,4,#8d664a,0.13655,earth
data/latest/images/editorial_fashion_2025_a5672cb7dc71fe08.webp,5,#2a2720,0.06464166666666667,neutrals
data/latest/images/Copenhagen_Fashion_Week_street_style_2026_23a00fdc75818274.jpg,1,#f0e4e9,0.34121666666666667,pastels
data/latest/images/Copenhagen_Fashion_Week_street_style_2026_23a00fdc75818274.jpg,2,#a19593,0.22979166666666667,primary/jewel
data/latest/images/Copenhagen_Fashion_Week_street_style_2026_23a00fdc75818274.jpg,3,#605c5f,0.21305833333333332,neutrals
data/latest/images/Copenhagen_Fashion_Week_street_style_2026_23a00fdc75818274.jpg,4,#151d1e,0.16655833333333334,neutrals
data/latest/images/Copenhagen_Fashion_Week_street_style_2026_23a00fdc75818274.jpg,5,#df7855,0.049375,earth
data/latest/images/Seoul_Fashion_Week_street_style_2025_ff54aeb17dc2a03b.jpg,1,#a3acb5,0.30709166666666665,blue/purple
data/latest/images/Seoul_Fashion_Week_street_style_2025_ff54aeb17dc2a03b.jpg,2,#c4ccd4,0.281675,neutrals
data/latest/images/Seoul_Fashion_Week_street_style_2025_ff54aeb17dc2a03b.jpg,3,#171f18,0.1825,neutrals
data/latest/images/Seoul_Fashion_Week_street_style_2025_ff54aeb17dc2a03b.jpg,4,#73767a,0.11470833333333333,neutrals
data/latest/images/Seoul_Fashion_Week_street_style_2025_ff54aeb17dc2a03b.jpg,5,#3b423d,0.114025,green/blue
data/latest/images/Milan_Fashion_Week_runway_2026_d20b9e6b70333381.jpg,1,#dccdc7,0.3525083333333333,earth
data/latest/images/Milan_Fashion_Week_runway_2026_d20b9e6b70333381.jpg,2,#1d1208,0.22435,neutrals
data/latest/images/Milan_Fashion_Week_runway_2026_d20b9e6b70333381.jpg,3,#353028,0.18818333333333334,earth
data/latest/images/Milan_Fashion_Week_runway_2026_d20b9e6b70333381.jpg,4,#ad9f93,0.13385,earth
data/latest/images/Milan_Fashion_Week_runway_2026_d20b9e6b70333381.jpg,5,#554e44,0.10110833333333333,earth
data/latest/images/Paris_Fashion_Week_runway_2026_368109bab43ef994.jpg,1,#0d0b09,0.435225,neutrals
data/latest/images/Paris_Fashion_Week_runway_2026_368109bab43ef994.jpg,2,#ebd5c4,0.3051083333333333,pastels
data/latest/images/Paris_Fashion_Week_runway_2026_368109bab43ef994.jpg,3,#d4ad98,0.13705,earth
data/latest/images/Paris_Fashion_Week_runway_2026_368109bab43ef994.jpg,4,#b17e67,0.07691666666666666,earth
data/latest/images/Paris_Fashion_Week_runway_2026_368109bab43ef994.jpg,5,#593d31,0.0457,earth
data/latest/images/lookbook_fashion_2026_a9af25a6ea5215e3.jpg,1,#d2904b,0.34121666666666667,earth
data/latest/images/lookbook_fashion_2026_a9af25a6ea5215e3.jpg,2,#ceb9a5,0.24038333333333334,earth
data/latest/images/lookbook_fashion_2026_a9af25a6ea5215e3.jpg,3,#b0997d,0.20883333333333334,earth
data/latest/images/lookbook_fashion_2026_a9af25a6ea5215e3.jpg,4,#896647,0.11870833333333333,earth
data/latest/images/lookbook_fashion_2026_a9af25a6ea5215e3.jpg,5,#382921,0.09085833333333333,earth
data/latest/images/London_Fashion_Week_runway_2025_60f32ad51ffbabeb.jpg,1,#080705,0.6468583333333333,neutrals
data/latest/images/London_Fashion_Week_runway_2025_60f32ad51ffbabeb.jpg,2,#7a6563,0.11396666666666666,primary/jewel
data/latest/images/London_Fashion_Week_runway_2025_60f32ad51ffbabeb.jpg,3,#2d201c,0.101625,neutrals
data/latest/images/London_Fashion_Week_runway_2025_60f32ad51ffbabeb.jpg,4,#574342,0.09705833333333333,primary/jewel
data/latest/images/London_Fashion_Week_runway_2025_60f32ad51ffbabeb.jpg,5,#cb8d6e,0.04049166666666667,earth
data/latest/images/Tokyo_Fashion_Week_street_style_2025_e83fcb6fd787d537.jpg,1,#cfd1ce,0.2982666666666667,neutrals
data/latest/images/Tokyo_Fashion_Week_street_style_2025_e83fcb6fd787d537.jpg,2,#151318,0.261475,neutrals
data/latest/images/Tokyo_Fashion_Week_street_style_2025_e83fcb6fd787d537.jpg,3,#9e9a97,0.20938333333333334,neutrals
data/latest/images/Tokyo_Fashion_Week_street_style_2025_e83fcb6fd787d537.jpg,4,#4e4e50,0.181775,neutrals
data/latest/images/Tokyo_Fashion_Week_street_style_2025_e83fcb6fd787d537.jpg,5,#a2391c,0.0491,primary/jewel
data/latest/images/London_Fashion_Week_runway_2025_796998bba8e1fcf2.jpg,1,#c9cac6,0.276675,neutrals
data/latest/images/London_Fashion_Week_runway_2025_796998bba8e1fcf2.jpg,2,#a2a19a,0.21971666666666667,neutrals
data/latest/images/London_Fashion_Week_runway_2025_796998bba8e1fcf2.jpg,3,#34312d,0.2045,earth
data/latest/images/London_Fashion_Week_runway_2025_796998bba8e1fcf2.jpg,4,#70625b,0.1879,earth
data/latest/images/London_Fashion_Week_runway_2025_796998bba8e1fcf2.jpg,5,#161513,0.11120833333333334,neutrals
data/latest/images/Los_Angeles_Fashion_Week_backstage_2026_fac81ab64740958b.jpg,1,#121212,0.320875,neutrals
data/latest/images/Los_Angeles_Fashion_Week_backstage_2026_fac81ab64740958b.jpg,2,#68686e,0.26235833333333336,neutrals
data/latest/images/Los_Angeles_Fashion_Week_backstage_2026_fac81ab64740958b.jpg,3,#413d3e,0.203475,neutrals
data/latest/images/Los_Angeles_Fashion_Week_backstage_2026_fac81ab64740958b.jpg,4,#e0dede,0.152225,neutrals
data/latest/images/Los_Angeles_Fashion_Week_backstage_2026_fac81ab64740958b.jpg,5,#ba9484,0.061066666666666665,earth
data/latest/images/New_York_Fashion_Week_street_style_2025_b15e88af7b42f197.webp,1,#0e1013,0.224825,neutrals
data/latest/images/New_York_Fashion_Week_street_style_2025_b15e88af7b42f197.webp,2,#6d6060,0.20728333333333335,primary/jewel
data/latest/images/New_York_Fashion_Week_street_style_2025_b15e88af7b42f197.webp,3,#403737,0.1915,primary/jewel
data/latest/images/New_York_Fashion_Week_street_style_2025_b15e88af7b42f197.webp,4,#8c8e97,0.19075833333333334,neutrals
data/latest/images/New_York_Fashion_Week_street_style_2025_b15e88af7b42f197.webp,5,#d6d3d2,0.18563333333333334,neutrals
data/latest/images/Balmain_burgundy_runway_2025_8d21d4abf4aec7e2.jpg,1,#d3d2d6,0.410375,neutrals
data/latest/images/Balmain_burgundy_runway_2025_8d21d4abf4aec7e2.jpg,2,#e5e2e7,0.384225,pastels
data/latest/images/Balmain_burgundy_runway_2025_8d21d4abf4aec7e2.jpg,3,#c41c32,0.08968333333333334,neon
data/latest/images/Balmain_burgundy_runway_2025_8d21d4abf4aec7e2.jpg,4,#5c3630,0.08231666666666666,primary/jewel
data/latest/images/Balmain_burgundy_runway_2025_8d21d4abf4aec7e2.jpg,5,#b2948f,0.0334,primary/jewel
data/latest/images/Tokyo_Fashion_Week_street_style_2025_b4c0b88277c7aea9.jpg,1,#100f10,0.4755333333333333,neutrals
data/latest/images/Tokyo_Fashion_Week_street_style_2025_b4c0b88277c7aea9.jpg,2,#483031,0.225225,primary/jewel
data/latest/images/Tokyo_Fashion_Week_street_style_2025_b4c0b88277c7aea9.jpg,3,#7a6a64,0.11351666666666667,earth
data/latest/images/Tokyo_Fashion_Week_street_style_2025_b4c0b88277c7aea9.jpg,4,#be493b,0.11068333333333333,primary/jewel
data/latest/images/Tokyo_Fashion_Week_street_style_2025_b4c0b88277c7aea9.jpg,5,#cabbad,0.07504166666666667,earth
data/latest/images/Seoul_Fashion_Week_street_style_2025_bf943e5fbb353c58.jpg,1,#978c97,0.27413333333333334,neutrals
data/latest/images/Seoul_Fashion_Week_street_style_2025_bf943e5fbb353c58.jpg,2,#1a1825,0.224025,neutrals
data/latest/images/Seoul_Fashion_Week_street_style_2025_bf943e5fbb353c58.jpg,3,#dcd3dd,0.20415833333333333,neutrals
data/latest/images/Seoul_Fashion_Week_street_style_2025_bf943e5fbb353c58.jpg,4,#5c4f5d,0.192675,primary/jewel
data/latest/images/Seoul_Fashion_Week_street_style_2025_bf943e5fbb353c58.jpg,5,#6a59b5,0.10500833333333333,blue/purple
data/latest/images/Sydney_Fashion_Week_backstage_2025_e867a0b63229a9e7.jpg,1,#aeaaa7,0.2775416666666667,neutrals
data/latest/images/Sydney_Fashion_Week_backstage_2025_e867a0b63229a9e7.jpg,2,#deddd5,0.25993333333333335,neutrals
data/latest/images/Sydney_Fashion_Week_backstage_2025_e867a0b63229a9e7.jpg,3,#17151c,0.19261666666666666,neutrals
data/latest/images/Sydney_Fashion_Week_backstage_2025_e867a0b63229a9e7.jpg,4,#9f6551,0.14214166666666667,earth
data/latest/images/Sydney_Fashion_Week_backstage_2025_e867a0b63229a9e7.jpg,5,#464452,0.12776666666666667,blue/purple
data/latest/images/leopard_print_runway_1990s_59cb72dfde047bce.jpg,1,#d8d8d8,0.3550083333333333,neutrals
data/latest/images/leopard_print_runway_1990s_59cb72dfde047bce.jpg,2,#bfa88d,0.20454166666666668,earth
data/latest/images/leopard_print_runway_1990s_59cb72dfde047bce.jpg,3,#3c322e,0.17369166666666666,earth
data/latest/images/leopard_print_runway_1990s_59cb72dfde047bce.jpg,4,#171212,0.14400833333333332,neutrals
data/latest/images/leopard_print_runway_1990s_59cb72dfde047bce.jpg,5,#8b6f56,0.12275,earth
data/latest/images/vogue_runway_emerald_dress_05071ba5fa272d74.jpg,1,#d1c9cb,0.3277333333333333,neutrals
data/latest/images/vogue_runway_emerald_dress_05071ba5fa272d74.jpg,2,#444338,0.21305,earth
data/latest/images/vogue_runway_emerald_dress_05071ba5fa272d74.jpg,3,#a29a8e,0.18110833333333334,earth
data/latest/images/vogue_runway_emerald_dress_05071ba5fa272d74.jpg,4,#6e6a57,0.15855833333333333,earth
data/latest/images/vogue_runway_emerald_dress_05071ba5fa272d74.jpg,5,#1f1f19,0.11955,neutrals
data/latest/images/runway_fashion_2025_cfda0433819692d1.jpg,1,#141616,0.4295833333333333,neutrals
data/latest/images/runway_fashion_2025_cfda0433819692d1.jpg,2,#695f69,0.19959166666666667,primary/jewel
data/latest/images/runway_fashion_2025_cfda0433819692d1.jpg,3,#eee9e4,0.149975,pastels
data/latest/images/runway_fashion_2025_cfda0433819692d1.jpg,4,#aaad81,0.14784166666666668,earth
data/latest/images/runway_fashion_2025_cfda0433819692d1.jpg,5,#ce3d28,0.07300833333333333,neon
data/latest/images/Seoul_Fashion_Week_backstage_2026_9b3c26c077767614.jpg,1,#0d0b09,0.62145,neutrals
data/latest/images/Seoul_Fashion_Week_backstage_2026_9b3c26c077767614.jpg,2,#e8e2db,0.14369166666666666,pastels
data/latest/images/Seoul_Fashion_Week_backstage_2026_9b3c26c077767614.jpg,3,#382a20,0.104175,earth
data/latest/images/Seoul_Fashion_Week_backstage_2026_9b3c26c077767614.jpg,4,#6b5040,0.08209166666666666,earth
data/latest/images/Seoul_Fashion_Week_backstage_2026_9b3c26c077767614.jpg,5,#b1a18e,0.048591666666666665,earth
data/latest/images/Milan_Fashion_Week_runway_2026_11c3f37054d900c0.jpg,1,#c2cab0,0.444375,green/blue
data/latest/images/Milan_Fashion_Week_runway_2026_11c3f37054d900c0.jpg,2,#141414,0.2722,neutrals
data/latest/images/Milan_Fashion_Week_runway_2026_11c3f37054d900c0.jpg,3,#423a37,0.12771666666666667,earth
data/latest/images/Milan_Fashion_Week_runway_2026_11c3f37054d900c0.jpg,4,#85827b,0.07884166666666667,neutrals
data/latest/images/Milan_Fashion_Week_runway_2026_11c3f37054d900c0.jpg,5,#ac4239,0.07686666666666667,primary/jewel
data/latest/images/Stockholm_Fashion_Week_street_style_2026_fceee36d5a149ca4.png,1,#929298,0.27723333333333333,neutrals
data/latest/images/Stockholm_Fashion_Week_street_style_2026_fceee36d5a149ca4.png,2,#706b6a,0.24425833333333333,neutrals
data/latest/images/Stockholm_Fashion_Week_street_style_2026_fceee36d5a149ca4.png,3,#121b26,0.21905833333333333,neutrals
data/latest/images/Stockholm_Fashion_Week_street_style_2026_fceee36d5a149ca4.png,4,#474545,0.19245833333333334,neutrals
data/latest/images/Stockholm_Fashion_Week_street_style_2026_fceee36d5a149ca4.png,5,#c4caca,0.06699166666666667,neutrals
data/latest/images/London_Fashion_Week_runway_2025_d2546cff5d95cd56.jpg,1,#e4e7e6,0.3022416666666667,pastels
data/latest/images/London_Fashion_Week_runway_2025_d2546cff5d95cd56.jpg,2,#acb2b6,0.2526333333333333,neutrals
data/latest/images/London_Fashion_Week_runway_2025_d2546cff5d95cd56.jpg,3,#484042,0.15584166666666666,primary/jewel
data/latest/images/London_Fashion_Week_runway_2025_d2546cff5d95cd56.jpg,4,#78787d,0.14525,neutrals
data/latest/images/London_Fashion_Week_runway_2025_d2546cff5d95cd56.jpg,5,#1c1c1e,0.14403333333333335,neutrals
data/latest/images/runway_fashion_2025_52636437d82c4f72.png,1,#171619,0.287375,neutrals
data/latest/images/runway_fashion_2025_52636437d82c4f72.png,2,#b7aea9,0.233675,neutrals
data/latest/images/runway_fashion_2025_52636437d82c4f72.png,3,#d1d0ce,0.19388333333333332,neutrals
data/latest/images/runway_fashion_2025_52636437d82c4f72.png,4,#978372,0.1815,earth
data/latest/images/runway_fashion_2025_52636437d82c4f72.png,5,#5a483f,0.10356666666666667,earth
data/latest/images/Stockholm_Fashion_Week_street_style_2025_245348dbf92b9865.jpg,1,#1a181e,0.27785,neutrals
data/latest/images/Stockholm_Fashion_Week_street_style_2025_245348dbf92b9865.jpg,2,#dfded0,0.19685,neutrals
data/latest/images/Stockholm_Fashion_Week_street_style_2025_245348dbf92b9865.jpg,3,#b4b0a1,0.18511666666666668,earth
data/latest/images/Stockholm_Fashion_Week_street_style_2025_245348dbf92b9865.jpg,4,#7b7b80,0.18443333333333334,neutrals
data/latest/images/Stockholm_Fashion_Week_street_style_2025_245348dbf92b9865.jpg,5,#494750,0.15575,blue/purple
data/latest/images/Copenhagen_Fashion_Week_street_style_2026_d19e495868e12e9d.jpg,1,#221e1f,0.35555,neutrals
data/latest/images/Copenhagen_Fashion_Week_street_style_2026_d19e495868e12e9d.jpg,2,#928a8a,0.20535833333333334,neutrals
data/latest/images/Copenhagen_Fashion_Week_street_style_2026_d19e495868e12e9d.jpg,3,#3e3833,0.17105833333333334,earth
data/latest/images/Copenhagen_Fashion_Week_street_style_2026_d19e495868e12e9d.jpg,4,#6f6461,0.15935833333333332,primary/jewel
data/latest/images/Copenhagen_Fashion_Week_street_style_2026_d19e495868e12e9d.jpg,5,#e5ddd9,0.108675,neutrals
data/latest/images/Sydney_Fashion_Week_runway_2025_949e394f16a74774.jpg,1,#f0f2ef,0.6783916666666666,pastels
data/latest/images/Sydney_Fashion_Week_runway_2025_949e394f16a74774.jpg,2,#dfdbd4,0.22350833333333334,neutrals
data/latest/images/Sydney_Fashion_Week_runway_2025_949e394f16a74774.jpg,3,#cfae92,0.051525,earth
data/latest/images/Sydney_Fashion_Week_runway_2025_949e394f16a74774.jpg,4,#8c6157,0.026641666666666668,primary/jewel
data/latest/images/Sydney_Fashion_Week_runway_2025_949e394f16a74774.jpg,5,#1a1c1e,0.019933333333333334,neutrals
data/latest/images/Seoul_Fashion_Week_backstage_2026_86416c645dd4ac81.jpg,1,#a99384,0.321675,earth
data/latest/images/Seoul_Fashion_Week_backstage_2026_86416c645dd4ac81.jpg,2,#261919,0.3177333333333333,neutrals
data/latest/images/Seoul_Fashion_Week_backstage_2026_86416c645dd4ac81.jpg,3,#846557,0.16359166666666666,earth
data/latest/images/Seoul_Fashion_Week_backstage_2026_86416c645dd4ac81.jpg,4,#5d3d2e,0.1182,earth
data/latest/images/Seoul_Fashion_Week_backstage_2026_86416c645dd4ac81.jpg,5,#cabcbb,0.0788,neutrals
data/latest/images/Stockholm_Fashion_Week_street_style_2025_564f2afba2494648.png,1,#3c3e3c,0.2363,neutrals
data/latest/images/Stockholm_Fashion_Week_street_style_2025_564f2afba2494648.png,2,#5e5c59,0.23350833333333335,neutrals
data/latest/images/Stockholm_Fashion_Week_street_style_2025_564f2afba2494648.png,3,#838385,0.21155833333333332,neutrals
data/latest/images/Stockholm_Fashion_Week_street_style_2025_564f2afba2494648.png,4,#1d1e1f,0.193425,neutrals
data/latest/images/Stockholm_Fashion_Week_street_style_2025_564f2afba2494648.png,5,#a5aaaf,0.12520833333333334,neutrals
data/latest/images/London_Fashion_Week_runway_2025_5d222e62a52e61a5.jpg,1,#1f1c1a,0.2870916666666667,neutrals
data/latest/images/London_Fashion_Week_runway_2025_5d222e62a52e61a5.jpg,2,#484140,0.28128333333333333,primary/jewel
data/latest/images/London_Fashion_Week_runway_2025_5d222e62a52e61a5.jpg,3,#6b6662,0.21880833333333333,earth
data/latest/images/London_Fashion_Week_runway_2025_5d222e62a52e61a5.jpg,4,#958c80,0.156275,earth
data/latest/images/London_Fashion_Week_runway_2025_5d222e62a52e61a5.jpg,5,#f4f5f3,0.056541666666666664,pastels
data/latest/images/London_Fashion_Week_runway_2025_95be6c45b86bd85c.jpg,1,#b9b3ad,0.39569166666666666,neutrals
data/latest/images/London_Fashion_Week_runway_2025_95be6c45b86bd85c.jpg,2,#13120f,0.32365,neutrals
data/latest/images/London_Fashion_Week_runway_2025_95be6c45b86bd85c.jpg,3,#433c2c,0.10730833333333334,earth
data/latest/images/London_Fashion_Week_runway_2025_95be6c45b86bd85c.jpg,4,#e1e3e3,0.093,neutrals
data/latest/images/London_Fashion_Week_runway_2025_95be6c45b86bd85c.jpg,5,#8d8171,0.08035,earth
data/latest/images/Seoul_Fashion_Week_backstage_2026_75a00053027df641.png,1,#010506,0.4722166666666667,neutrals
data/latest/images/Seoul_Fashion_Week_backstage_2026_75a00053027df641.png,2,#272829,0.20650833333333332,neutrals
data/latest/images/Seoul_Fashion_Week_backstage_2026_75a00053027df641.png,3,#5a5256,0.135625,primary/jewel
data/latest/images/Seoul_Fashion_Week_backstage_2026_75a00053027df641.png,4,#a38794,0.10825,primary/jewel
data/latest/images/Seoul_Fashion_Week_backstage_2026_75a00053027df641.png,5,#ede4dc,0.0774,pastels
data/latest/images/Los_Angeles_Fashion_Week_backstage_2026_369acd466aef4cee.jpg,1,#020202,0.268025,neutrals
data/latest/images/Los_Angeles_Fashion_Week_backstage_2026_369acd466aef4cee.jpg,2,#302828,0.24878333333333333,primary/jewel
data/latest/images/Los_Angeles_Fashion_Week_backstage_2026_369acd466aef4cee.jpg,3,#e7e1eb,0.20765833333333333,pastels
data/latest/images/Los_Angeles_Fashion_Week_backstage_2026_369acd466aef4cee.jpg,4,#c4a0a3,0.16161666666666666,primary/jewel
data/latest/images/Los_Angeles_Fashion_Week_backstage_2026_369acd466aef4cee.jpg,5,#7c5e5b,0.11391666666666667,primary/jewel
data/latest/images/Stockholm_Fashion_Week_street_style_2026_831bc3c8a2a10fec.jpg,1,#aa9183,0.37751666666666667,earth
data/latest/images/Stockholm_Fashion_Week_street_style_2026_831bc3c8a2a10fec.jpg,2,#726359,0.2104,earth
data/latest/images/Stockholm_Fashion_Week_street_style_2026_831bc3c8a2a10fec.jpg,3,#0f1615,0.17089166666666666,neutrals
data/latest/images/Stockholm_Fashion_Week_street_style_2026_831bc3c8a2a10fec.jpg,4,#473f37,0.1234,earth
data/latest/images/Stockholm_Fashion_Week_street_style_2026_831bc3c8a2a10fec.jpg,5,#ccced5,0.11779166666666667,neutrals
data/latest/images/Seoul_Fashion_Week_runway_2026_3a6ba92ad03f7cb8.jpg,1,#d2efe2,0.519625,pastels
data/latest/images/Seoul_Fashion_Week_runway_2026_3a6ba92ad03f7cb8.jpg,2,#dbcab8,0.21819166666666667,earth
data/latest/images/Seoul_Fashion_Week_runway_2026_3a6ba92ad03f7cb8.jpg,3,#a28f76,0.108075,earth
data/latest/images/Seoul_Fashion_Week_runway_2026_3a6ba92ad03f7cb8.jpg,4,#69533d,0.07748333333333333,earth
data/latest/images/Seoul_Fashion_Week_runway_2026_3a6ba92ad03f7cb8.jpg,5,#231914,0.076625,neutrals
data/latest/images/editorial_fashion_2025_114ac39ac400b39f.jpg,1,#73afd7,0.43655,blue/purple
data/latest/images/editorial_fashion_2025_114ac39ac400b39f.jpg,2,#d17a69,0.18605833333333333,primary/jewel
data/latest/images/editorial_fashion_2025_114ac39ac400b39f.jpg,3,#391923,0.142925,primary/jewel
data/latest/images/editorial_fashion_2025_114ac39ac400b39f.jpg,4,#d0110c,0.11739166666666667,neon
data/latest/images/editorial_fashion_2025_114ac39ac400b39f.jpg,5,#843134,0.117075,primary/jewel
data/latest/images/lookbook_fashion_2025_23398f607db6d553.jpg,1,#231312,0.362725,neutrals
data/latest/images/lookbook_fashion_2025_23398f607db6d553.jpg,2,#473d36,0.2248,earth
data/latest/images/lookbook_fashion_2025_23398f607db6d553.jpg,3,#b9a280,0.15991666666666668,earth
data/latest/images/lookbook_fashion_2025_23398f607db6d553.jpg,4,#796956,0.12874166666666667,earth
data/latest/images/lookbook_fashion_2025_23398f607db6d553.jpg,5,#eeede5,0.12381666666666667,pastels
data/latest/images/lookbook_fashion_2025_cc7aa20cd3eb227c.jpg,1,#ece8e5,0.38745833333333335,pastels
data/latest/images/lookbook_fashion_2025_cc7aa20cd3eb227c.jpg,2,#725f56,0.24203333333333332,earth
data/latest/images/lookbook_fashion_2025_cc7aa20cd3eb227c.jpg,3,#b19d9a,0.18256666666666665,primary/jewel
data/latest/images/lookbook_fashion_2025_cc7aa20cd3eb227c.jpg,4,#201b1b,0.148225,neutrals
data/latest/images/lookbook_fashion_2025_cc7aa20cd3eb227c.jpg,5,#e03a35,0.039716666666666664,neon
data/latest/images/Sydney_Fashion_Week_backstage_2025_c3af3cd7252e1284.png,1,#0c0806,0.491625,neutrals
data/latest/images/Sydney_Fashion_Week_backstage_2025_c3af3cd7252e1284.png,2,#a05734,0.17535833333333334,earth
data/latest/images/Sydney_Fashion_Week_backstage_2025_c3af3cd7252e1284.png,3,#42271d,0.15376666666666666,earth
data/latest/images/Sydney_Fashion_Week_backstage_2025_c3af3cd7252e1284.png,4,#d08b61,0.10265833333333334,earth
data/latest/images/Sydney_Fashion_Week_backstage_2025_c3af3cd7252e1284.png,5,#f4e6db,0.07659166666666667,pastels
data/latest/images/Los_Angeles_Fashion_Week_backstage_2026_178766bbe6e6d3b0.jpg,1,#3e4246,0.34513333333333335,blue/purple
data/latest/images/Los_Angeles_Fashion_Week_backstage_2026_178766bbe6e6d3b0.jpg,2,#9ba2a5,0.2048,neutrals
data/latest/images/Los_Angeles_Fashion_Week_backstage_2026_178766bbe6e6d3b0.jpg,3,#1e2225,0.1689,neutrals
data/latest/images/Los_Angeles_Fashion_Week_backstage_2026_178766bbe6e6d3b0.jpg,4,#666c6c,0.14106666666666667,neutrals
data/latest/images/Los_Angeles_Fashion_Week_backstage_2026_178766bbe6e6d3b0.jpg,5,#cad1d4,0.1401,neutrals
data/latest/images/Copenhagen_Fashion_Week_street_style_2026_fceee36d5a149ca4.png,1,#929298,0.27723333333333333,neutrals
data/latest/images/Copenhagen_Fashion_Week_street_style_2026_fceee36d5a149ca4.png,2,#706b6a,0.24425833333333333,neutrals
data/latest/images/Copenhagen_Fashion_Week_street_style_2026_fceee36d5a149ca4.png,3,#121b26,0.21905833333333333,neutrals
data/latest/images/Copenhagen_Fashion_Week_street_style_2026_fceee36d5a149ca4.png,4,#474545,0.19245833333333334,neutrals
data/latest/images/Copenhagen_Fashion_Week_street_style_2026_fceee36d5a149ca4.png,5,#c4caca,0.06699166666666667,neutrals
data/latest/images/lookbook_fashion_2025_49fcaeac96aaed84.jpg,1,#0a0b0d,0.5971833333333333,neutrals
data/latest/images/lookbook_fashion_2025_49fcaeac96aaed84.jpg,2,#202122,0.22125,neutrals
data/latest/images/lookbook_fashion_2025_49fcaeac96aaed84.jpg,3,#cacdd2,0.0821,neutrals
data/latest/images/lookbook_fashion_2025_49fcaeac96aaed84.jpg,4,#49474d,0.061275,neutrals
data/latest/images/lookbook_fashion_2025_49fcaeac96aaed84.jpg,5,#9e9696,0.038191666666666665,neutrals
data/latest/images/runway_fashion_2025_38b8f0af9b770261.jpg,1,#dedfd7,0.2944583333333333,neutrals
data/latest/images/runway_fashion_2025_38b8f0af9b770261.jpg,2,#8e7e71,0.23955833333333335,earth
data/latest/images/runway_fashion_2025_38b8f0af9b770261.jpg,3,#c0b3a8,0.21913333333333335,earth
data/latest/images/runway_fashion_2025_38b8f0af9b770261.jpg,4,#1f1d16,0.12710833333333332,neutrals
data/latest/images/runway_fashion_2025_38b8f0af9b770261.jpg,5,#644b3c,0.11974166666666666,earth
data/latest/images/Paris_Fashion_Week_runway_2026_c98c0f53402e4b8e.jpg,1,#a39ca3,0.36605,neutrals
data/latest/images/Paris_Fashion_Week_runway_2026_c98c0f53402e4b8e.jpg,2,#110f0f,0.331225,neutrals
data/latest/images/Paris_Fashion_Week_runway_2026_c98c0f53402e4b8e.jpg,3,#826464,0.132225,primary/jewel
data/latest/images/Paris_Fashion_Week_runway_2026_c98c0f53402e4b8e.jpg,4,#4a3635,0.1187,primary/jewel
data/latest/images/Paris_Fashion_Week_runway_2026_c98c0f53402e4b8e.jpg,5,#d9dbdf,0.0518,neutrals
data/latest/images/Chanel_haute_couture_2020_c561ff4c26c52ced.jpg,1,#f4f5f7,0.729625,pastels
data/latest/images/Chanel_haute_couture_2020_c561ff4c26c52ced.jpg,2,#120b15,0.14191666666666666,neutrals
data/latest/images/Chanel_haute_couture_2020_c561ff4c26c52ced.jpg,3,#3d262d,0.05616666666666666,primary/jewel
data/latest/images/Chanel_haute_couture_2020_c561ff4c26c52ced.jpg,4,#76535b,0.03925833333333333,primary/jewel
data/latest/images/Chanel_haute_couture_2020_c561ff4c26c52ced.jpg,5,#b09199,0.03303333333333333,primary/jewel
data/latest/images/runway_fashion_2025_e089f306e1d6b923.jpg,1,#3d3d40,0.29085,neutrals
data/latest/images/runway_fashion_2025_e089f306e1d6b923.jpg,2,#17191b,0.26939166666666664,neutrals
data/latest/images/runway_fashion_2025_e089f306e1d6b923.jpg,3,#c7a990,0.2649916666666667,earth
data/latest/images/runway_fashion_2025_e089f306e1d6b923.jpg,4,#86726e,0.10331666666666667,primary/jewel
data/latest/images/runway_fashion_2025_e089f306e1d6b923.jpg,5,#bfd8f9,0.07145,blue/purple
data/latest/images/fashion_campaign_2026_ace95d8c68df9c57.jpg,1,#624648,0.477225,primary/jewel
data/latest/images/fashion_campaign_2026_ace95d8c68df9c57.jpg,2,#816264,0.37335833333333335,primary/jewel
data/latest/images/fashion_campaign_2026_ace95d8c68df9c57.jpg,3,#3d2b2e,0.06610833333333334,primary/jewel
data/latest/images/fashion_campaign_2026_ace95d8c68df9c57.jpg,4,#bfa9a9,0.04800833333333333,primary/jewel
data/latest/images/fashion_campaign_2026_ace95d8c68df9c57.jpg,5,#af172e,0.0353,primary/jewel
data/latest/images/New_York_Fashion_Week_runway_2025_0a633e7566d9ba51.jpg,1,#e6e6ec,0.32145,pastels
data/latest/images/New_York_Fashion_Week_runway_2025_0a633e7566d9ba51.jpg,2,#5c5863,0.28046666666666664,jewel
data/latest/images/New_York_Fashion_Week_runway_2025_0a633e7566d9ba51.jpg,3,#74707c,0.20895,jewel
data/latest/images/New_York_Fashion_Week_runway_2025_0a633e7566d9ba51.jpg,4,#494550,0.14018333333333333,jewel
data/latest/images/New_York_Fashion_Week_runway_2025_0a633e7566d9ba51.jpg,5,#ccc3cd,0.04895,neutrals
data/latest/images/Balmain_burgundy_runway_2025_8709549602a9d15c.jpg,1,#cecfd1,0.41788333333333333,neutrals
data/latest/images/Balmain_burgundy_runway_2025_8709549602a9d15c.jpg,2,#e2e3e5,0.4112,neutrals
data/latest/images/Balmain_burgundy_runway_2025_8709549602a9d15c.jpg,3,#d33854,0.0742,neon
data/latest/images/Balmain_burgundy_runway_2025_8709549602a9d15c.jpg,4,#93624a,0.056383333333333334,earth
data/latest/images/Balmain_burgundy_runway_2025_8709549602a9d15c.jpg,5,#5d3729,0.04033333333333333,earth
data/latest/images/London_Fashion_Week_street_style_2025_0f931a8995eb4afd.jpg,1,#191b16,0.27479166666666666,neutrals
data/latest/images/London_Fashion_Week_street_style_2025_0f931a8995eb4afd.jpg,2,#756c65,0.22629166666666667,earth
data/latest/images/London_Fashion_Week_street_style_2025_0f931a8995eb4afd.jpg,3,#3e402d,0.19830833333333334,earth
data/latest/images/London_Fashion_Week_street_style_2025_0f931a8995eb4afd.jpg,4,#d2d5d4,0.151025,neutrals
data/latest/images/London_Fashion_Week_street_style_2025_0f931a8995eb4afd.jpg,5,#aea29b,0.14958333333333335,earth
data/latest/images/Stockholm_Fashion_Week_street_style_2025_add3173e938a973e.webp,1,#989bac,0.305025,blue/purple
data/latest/images/Stockholm_Fashion_Week_street_style_2025_add3173e938a973e.webp,2,#e4d4e3,0.2804,neutrals
data/latest/images/Stockholm_Fashion_Week_street_style_2025_add3173e938a973e.webp,3,#c1b8c2,0.26321666666666665,neutrals
data/latest/images/Stockholm_Fashion_Week_street_style_2025_add3173e938a973e.webp,4,#16161a,0.096525,neutrals
data/latest/images/Stockholm_Fashion_Week_street_style_2025_add3173e938a973e.webp,5,#685b5e,0.05483333333333333,primary/jewel
data/latest/images/New_York_Fashion_Week_runway_2025_a98ba9dbc7f06077.webp,1,#0f0f0f,0.4038833333333333,neutrals
data/latest/images/New_York_Fashion_Week_runway_2025_a98ba9dbc7f06077.webp,2,#dcd1de,0.31956666666666667,neutrals
data/latest/images/New_York_Fashion_Week_runway_2025_a98ba9dbc7f06077.webp,3,#9a95ad,0.10223333333333333,blue/purple
data/latest/images/New_York_Fashion_Week_runway_2025_a98ba9dbc7f06077.webp,4,#54423f,0.09759166666666666,primary/jewel
data/latest/images/New_York_Fashion_Week_runway_2025_a98ba9dbc7f06077.webp,5,#c37b56,0.076725,earth
data/latest/images/New_York_Fashion_Week_street_style_2025_ed0c078206ed1b65.jpg,1,#191a1d,0.3166833333333333,neutrals
data/latest/images/New_York_Fashion_Week_street_style_2025_ed0c078206ed1b65.jpg,2,#a6a7a9,0.281325,neutrals
data/latest/images/New_York_Fashion_Week_street_style_2025_ed0c078206ed1b65.jpg,3,#d4d2cf,0.16445,neutrals
data/latest/images/New_York_Fashion_Week_street_style_2025_ed0c078206ed1b65.jpg,4,#847572,0.12549166666666667,primary/jewel
data/latest/images/New_York_Fashion_Week_street_style_2025_ed0c078206ed1b65.jpg,5,#564139,0.11205,earth
data/latest/images/London_Fashion_Week_street_style_2025_bf4833d2fed1bd85.png,1,#110f0f,0.4075666666666667,neutrals
data/latest/images/London_Fashion_Week_street_style_2025_bf4833d2fed1bd85.png,2,#352821,0.24806666666666666,earth
data/latest/images/London_Fashion_Week_street_style_2025_bf4833d2fed1bd85.png,3,#9e9289,0.148475,earth
data/latest/images/London_Fashion_Week_street_style_2025_bf4833d2fed1bd85.png,4,#685143,0.11819166666666667,earth
data/latest/images/London_Fashion_Week_street_style_2025_bf4833d2fed1bd85.png,5,#d3d6cb,0.0777,neutrals
data/latest/images/lookbook_fashion_2025_7fee31d930f4b49e.jpg,1,#eed4c1,0.35241666666666666,earth
data/latest/images/lookbook_fashion_2025_7fee31d930f4b49e.jpg,2,#d6b095,0.25635833333333335,earth
data/latest/images/lookbook_fashion_2025_7fee31d930f4b49e.jpg,3,#5a451d,0.17539166666666667,earth
data/latest/images/lookbook_fashion_2025_7fee31d930f4b49e.jpg,4,#9a7239,0.12963333333333332,earth
data/latest/images/lookbook_fashion_2025_7fee31d930f4b49e.jpg,5,#241b15,0.0862,neutrals
data/latest/images/Milan_Fashion_Week_runway_2026_8a13003133d073f1.jpg,1,#c1a18f,0.33175,earth
data/latest/images/Milan_Fashion_Week_runway_2026_8a13003133d073f1.jpg,2,#dcd2c8,0.203775,earth
data/latest/images/Milan_Fashion_Week_runway_2026_8a13003133d073f1.jpg,3,#c43d74,0.20174166666666668,primary/jewel
data/latest/images/Milan_Fashion_Week_runway_2026_8a13003133d073f1.jpg,4,#8a725c,0.15916666666666668,earth
data/latest/images/Milan_Fashion_Week_runway_2026_8a13003133d073f1.jpg,5,#4c2528,0.10356666666666667,primary/jewel
data/latest/images/Sydney_Fashion_Week_runway_2025_f38265912d33d4c4.jpg,1,#f5f3f9,0.6331333333333333,pastels
data/latest/images/Sydney_Fashion_Week_runway_2025_f38265912d33d4c4.jpg,2,#dcab9d,0.15109166666666668,primary/jewel
data/latest/images/Sydney_Fashion_Week_runway_2025_f38265912d33d4c4.jpg,3,#ba7966,0.10775,primary/jewel
data/latest/images/Sydney_Fashion_Week_runway_2025_f38265912d33d4c4.jpg,4,#704b5a,0.06075833333333333,primary/jewel
data/latest/images/Sydney_Fashion_Week_runway_2025_f38265912d33d4c4.jpg,5,#2d2330,0.047266666666666665,primary/jewel
data/latest/images/Seoul_Fashion_Week_runway_2026_9b3c26c077767614.jpg,1,#0d0b09,0.62145,neutrals
data/latest/images/Seoul_Fashion_Week_runway_2026_9b3c26c077767614.jpg,2,#e8e2db,0.14369166666666666,pastels
data/latest/images/Seoul_Fashion_Week_runway_2026_9b3c26c077767614.jpg,3,#382a20,0.104175,earth
data/latest/images/Seoul_Fashion_Week_runway_2026_9b3c26c077767614.jpg,4,#6b5040,0.08209166666666666,earth
data/latest/images/Seoul_Fashion_Week_runway_2026_9b3c26c077767614.jpg,5,#b1a18e,0.048591666666666665,earth
data/latest/images/Seoul_Fashion_Week_backstage_2026_4577128fe97ff1cc.jpg,1,#0f0f0f,0.520775,neutrals
data/latest/images/Seoul_Fashion_Week_backstage_2026_4577128fe97ff1cc.jpg,2,#d3b29f,0.15126666666666666,earth
data/latest/images/Seoul_Fashion_Week_backstage_2026_4577128fe97ff1cc.jpg,3,#96847d,0.149575,earth
data/latest/images/Seoul_Fashion_Week_backstage_2026_4577128fe97ff1cc.jpg,4,#524a49,0.13051666666666667,primary/jewel
data/latest/images/Seoul_Fashion_Week_backstage_2026_4577128fe97ff1cc.jpg,5,#840815,0.04786666666666667,primary/jewel
data/latest/images/Tokyo_Fashion_Week_backstage_2025_093db1e0999f118d.jpg,1,#29398a,0.3331,blue/purple
data/latest/images/Tokyo_Fashion_Week_backstage_2025_093db1e0999f118d.jpg,2,#1c131c,0.223275,neutrals
data/latest/images/Tokyo_Fashion_Week_backstage_2025_093db1e0999f118d.jpg,3,#767e8b,0.1951,blue/purple
data/latest/images/Tokyo_Fashion_Week_backstage_2025_093db1e0999f118d.jpg,4,#683f2f,0.175675,earth
data/latest/images/Tokyo_Fashion_Week_backstage_2025_093db1e0999f118d.jpg,5,#d0c789,0.07285,earth
data/latest/images/Milan_Fashion_Week_runway_2025_0b15683bd975afdb.jpg,1,#78363e,0.2685166666666667,primary/jewel
data/latest/images/Milan_Fashion_Week_runway_2025_0b15683bd975afdb.jpg,2,#a6555e,0.26521666666666666,primary/jewel
data/latest/images/Milan_Fashion_Week_runway_2025_0b15683bd975afdb.jpg,3,#ddc4b6,0.21203333333333332,earth
data/latest/images/Milan_Fashion_Week_runway_2025_0b15683bd975afdb.jpg,4,#c4908c,0.146525,primary/jewel
data/latest/images/Milan_Fashion_Week_runway_2025_0b15683bd975afdb.jpg,5,#43292e,0.10770833333333334,primary/jewel
data/latest/images/Stockholm_Fashion_Week_street_style_2026_fb9f8dbbec55f87d.jpg,1,#0d1417,0.2758583333333333,neutrals
data/latest/images/Stockholm_Fashion_Week_street_style_2026_fb9f8dbbec55f87d.jpg,2,#dae3e9,0.2526,pastels
data/latest/images/Stockholm_Fashion_Week_street_style_2026_fb9f8dbbec55f87d.jpg,3,#9dacb6,0.18585833333333332,blue/purple
data/latest/images/Stockholm_Fashion_Week_street_style_2026_fb9f8dbbec55f87d.jpg,4,#323d43,0.15060833333333334,blue/purple
data/latest/images/Stockholm_Fashion_Week_street_style_2026_fb9f8dbbec55f87d.jpg,5,#6e747a,0.135075,blue/purple
data/latest/images/Tokyo_Fashion_Week_street_style_2025_fe61b2c753b58084.jpg,1,#101317,0.5946166666666667,neutrals
data/latest/images/Tokyo_Fashion_Week_street_style_2025_fe61b2c753b58084.jpg,2,#d5a334,0.18090833333333334,neon
data/latest/images/Tokyo_Fashion_Week_street_style_2025_fe61b2c753b58084.jpg,3,#7d728c,0.089375,jewel
data/latest/images/Tokyo_Fashion_Week_street_style_2025_fe61b2c753b58084.jpg,4,#5f493b,0.074275,earth
data/latest/images/Tokyo_Fashion_Week_street_style_2025_fe61b2c753b58084.jpg,5,#beb39c,0.060825,earth
data/latest/images/Copenhagen_Fashion_Week_street_style_2026_c6e265099e7ac754.jpg,1,#e3e3dd,0.3898583333333333,neutrals
data/latest/images/Copenhagen_Fashion_Week_street_style_2026_c6e265099e7ac754.jpg,2,#232021,0.2904833333333333,neutrals
data/latest/images/Copenhagen_Fashion_Week_street_style_2026_c6e265099e7ac754.jpg,3,#bba998,0.13855833333333334,earth
data/latest/images/Copenhagen_Fashion_Week_street_style_2026_c6e265099e7ac754.jpg,4,#70625e,0.13113333333333332,primary/jewel
data/latest/images/Copenhagen_Fashion_Week_street_style_2026_c6e265099e7ac754.jpg,5,#1f54b9,0.049966666666666666,neon
data/latest/images/Paris_Fashion_Week_runway_2026_e3019a8fbc1b380a.jpg,1,#ccaeb0,0.42799166666666666,primary/jewel
data/latest/images/Paris_Fashion_Week_runway_2026_e3019a8fbc1b380a.jpg,2,#958893,0.34863333333333335,primary/jewel
data/latest/images/Paris_Fashion_Week_runway_2026_e3019a8fbc1b380a.jpg,3,#6b5c62,0.0976,primary/jewel
data/latest/images/Paris_Fashion_Week_runway_2026_e3019a8fbc1b380a.jpg,4,#211e20,0.0817,neutrals
data/latest/images/Paris_Fashion_Week_runway_2026_e3019a8fbc1b380a.jpg,5,#e3931a,0.044075,neon
data/latest/images/Seoul_Fashion_Week_street_style_2025_f7d4e02fc0e48c63.webp,1,#6c5b4d,0.25761666666666666,earth
data/latest/images/Seoul_Fashion_Week_street_style_2025_f7d4e02fc0e48c63.webp,2,#3c3431,0.2529,earth
data/latest/images/Seoul_Fashion_Week_street_style_2025_f7d4e02fc0e48c63.webp,3,#9c8163,0.19299166666666667,earth
data/latest/images/Seoul_Fashion_Week_street_style_2025_f7d4e02fc0e48c63.webp,4,#1d1612,0.16286666666666666,neutrals
data/latest/images/Seoul_Fashion_Week_street_style_2025_f7d4e02fc0e48c63.webp,5,#ccb38a,0.133625,earth
data/latest/images/Copenhagen_Fashion_Week_street_style_2026_05504f95decde5fa.jpg,1,#695d4d,0.400275,earth
data/latest/images/Copenhagen_Fashion_Week_street_style_2026_05504f95decde5fa.jpg,2,#8d8b80,0.23059166666666667,earth
data/latest/images/Copenhagen_Fashion_Week_street_style_2026_05504f95decde5fa.jpg,3,#322922,0.20703333333333335,earth
data/latest/images/Copenhagen_Fashion_Week_street_style_2026_05504f95decde5fa.jpg,4,#dbd39e,0.08465833333333334,earth
data/latest/images/Copenhagen_Fashion_Week_street_style_2026_05504f95decde5fa.jpg,5,#a79832,0.07744166666666667,earth
data/latest/images/Seoul_Fashion_Week_backstage_2026_bab956279005e579.jpg,1,#433527,0.24513333333333334,earth
data/latest/images/Seoul_Fashion_Week_backstage_2026_bab956279005e579.jpg,2,#0f0a09,0.2399,neutrals
data/latest/images/Seoul_Fashion_Week_backstage_2026_bab956279005e579.jpg,3,#735842,0.23338333333333333,earth
data/latest/images/Seoul_Fashion_Week_backstage_2026_bab956279005e579.jpg,4,#b08d74,0.15445,earth
data/latest/images/Seoul_Fashion_Week_backstage_2026_bab956279005e579.jpg,5,#efdccd,0.12713333333333332,pastels
data/latest/images/vogue_runway_emerald_dress_984dc020d614064d.jpg,1,#674c31,0.40725,earth
data/latest/images/vogue_runway_emerald_dress_984dc020d614064d.jpg,2,#40341e,0.2551083333333333,earth
data/latest/images/vogue_runway_emerald_dress_984dc020d614064d.jpg,3,#17100b,0.21636666666666668,neutrals
data/latest/images/vogue_runway_emerald_dress_984dc020d614064d.jpg,4,#546e0a,0.09,green/blue
data/latest/images/vogue_runway_emerald_dress_984dc020d614064d.jpg,5,#dc995e,0.031275,earth
data/latest/images/Stockholm_Fashion_Week_street_style_2026_a7e5857294ef666c.jpg,1,#2d3039,0.33626666666666666,blue/purple
data/latest/images/Stockholm_Fashion_Week_street_style_2026_a7e5857294ef666c.jpg,2,#0d0f13,0.29070833333333335,neutrals
data/latest/images/Stockholm_Fashion_Week_street_style_2026_a7e5857294ef666c.jpg,3,#936d57,0.16205833333333333,earth
data/latest/images/Stockholm_Fashion_Week_street_style_2026_a7e5857294ef666c.jpg,4,#654c42,0.14295,earth
data/latest/images/Stockholm_Fashion_Week_street_style_2026_a7e5857294ef666c.jpg,5,#e0d4c1,0.06801666666666667,earth
data/latest/images/Tokyo_Fashion_Week_runway_2026_6468ffc18ca38ec3.webp,1,#b1adae,0.38308333333333333,neutrals
data/latest/images/Tokyo_Fashion_Week_runway_2026_6468ffc18ca38ec3.webp,2,#998a87,0.20384166666666667,primary/jewel
data/latest/images/Tokyo_Fashion_Week_runway_2026_6468ffc18ca38ec3.webp,3,#634845,0.159,primary/jewel
data/latest/images/Tokyo_Fashion_Week_runway_2026_6468ffc18ca38ec3.webp,4,#2e2020,0.13179166666666667,primary/jewel
data/latest/images/Tokyo_Fashion_Week_runway_2026_6468ffc18ca38ec3.webp,5,#dfd8d5,0.12228333333333333,neutrals
data/latest/images/editorial_fashion_2025_1fa1c27d9903ccb1.jpg,1,#887d71,0.3799666666666667,earth
data/latest/images/editorial_fashion_2025_1fa1c27d9903ccb1.jpg,2,#a69c93,0.2531333333333333,earth
data/latest/images/editorial_fashion_2025_1fa1c27d9903ccb1.jpg,3,#bebbb6,0.2524166666666667,neutrals
data/latest/images/editorial_fashion_2025_1fa1c27d9903ccb1.jpg,4,#ebeeed,0.0873,pastels
data/latest/images/editorial_fashion_2025_1fa1c27d9903ccb1.jpg,5,#393130,0.027183333333333334,primary/jewel
data/latest/images/Stockholm_Fashion_Week_street_style_2025_40162e499a477f49.jpg,1,#a29fa4,0.327675,neutrals
data/latest/images/Stockholm_Fashion_Week_street_style_2025_40162e499a477f49.jpg,2,#837e78,0.22788333333333333,earth
data/latest/images/Stockholm_Fashion_Week_street_style_2025_40162e499a477f49.jpg,3,#18191d,0.168975,neutrals
data/latest/images/Stockholm_Fashion_Week_street_style_2025_40162e499a477f49.jpg,4,#444548,0.16715,neutrals
data/latest/images/Stockholm_Fashion_Week_street_style_2025_40162e499a477f49.jpg,5,#e7dbda,0.10831666666666667,pastels
data/latest/images/Stockholm_Fashion_Week_street_style_2026_1121bcb5451b50f2.jpg,1,#9e9593,0.24895,neutrals
data/latest/images/Stockholm_Fashion_Week_street_style_2026_1121bcb5451b50f2.jpg,2,#816c5d,0.22888333333333333,earth
data/latest/images/Stockholm_Fashion_Week_street_style_2026_1121bcb5451b50f2.jpg,3,#15070b,0.20989166666666667,neutrals
data/latest/images/Stockholm_Fashion_Week_street_style_2026_1121bcb5451b50f2.jpg,4,#c7bfb3,0.18884166666666666,earth
data/latest/images/Stockholm_Fashion_Week_street_style_2026_1121bcb5451b50f2.jpg,5,#503429,0.12343333333333334,earth
data/latest/images/Tokyo_Fashion_Week_backstage_2025_02b7f535df2ca158.jpg,1,#3d2d2b,0.29915833333333336,primary/jewel
data/latest/images/Tokyo_Fashion_Week_backstage_2025_02b7f535df2ca158.jpg,2,#e1d5cd,0.23633333333333334,earth
data/latest/images/Tokyo_Fashion_Week_backstage_2025_02b7f535df2ca158.jpg,3,#c29d92,0.22770833333333335,primary/jewel
data/latest/images/Tokyo_Fashion_Week_backstage_2025_02b7f535df2ca158.jpg,4,#815a73,0.1353,primary/jewel
data/latest/images/Tokyo_Fashion_Week_backstage_2025_02b7f535df2ca158.jpg,5,#120e10,0.1015,neutrals
data/latest/images/Seoul_Fashion_Week_runway_2026_fceccd6ec3d216a1.jpg,1,#171312,0.34489166666666665,neutrals
data/latest/images/Seoul_Fashion_Week_runway_2026_fceccd6ec3d216a1.jpg,2,#c0b7af,0.24231666666666668,earth
data/latest/images/Seoul_Fashion_Week_runway_2026_fceccd6ec3d216a1.jpg,3,#a29285,0.17011666666666667,earth
data/latest/images/Seoul_Fashion_Week_runway_2026_fceccd6ec3d216a1.jpg,4,#453632,0.12318333333333334,primary/jewel
data/latest/images/Seoul_Fashion_Week_runway_2026_fceccd6ec3d216a1.jpg,5,#756153,0.11949166666666666,earth
data/latest/images/Tokyo_Fashion_Week_street_style_2025_3ce3497a691f6120.jpg,1,#c6c8cb,0.40419166666666667,neutrals
data/latest/images/Tokyo_Fashion_Week_street_style_2025_3ce3497a691f6120.jpg,2,#bc9c88,0.24938333333333335,earth
data/latest/images/Tokyo_Fashion_Week_street_style_2025_3ce3497a691f6120.jpg,3,#e8e8e8,0.19179166666666667,pastels
data/latest/images/Tokyo_Fashion_Week_street_style_2025_3ce3497a691f6120.jpg,4,#675956,0.10365833333333334,primary/jewel
data/latest/images/Tokyo_Fashion_Week_street_style_2025_3ce3497a691f6120.jpg,5,#2a2425,0.050975,neutrals
data/latest/images/Sydney_Fashion_Week_runway_2025_ee30c3b3b5a9e8b0.webp,1,#0c0d0f,0.6096333333333334,neutrals
data/latest/images/Sydney_Fashion_Week_runway_2025_ee30c3b3b5a9e8b0.webp,2,#322826,0.19223333333333334,primary/jewel
data/latest/images/Sydney_Fashion_Week_runway_2025_ee30c3b3b5a9e8b0.webp,3,#54514b,0.10311666666666666,earth
data/latest/images/Sydney_Fashion_Week_runway_2025_ee30c3b3b5a9e8b0.webp,4,#b33728,0.048175,neon
data/latest/images/Sydney_Fashion_Week_runway_2025_ee30c3b3b5a9e8b0.webp,5,#8e8f7c,0.04684166666666666,earth
data/latest/images/New_York_Fashion_Week_runway_2025_94b415288d12ed56.jpg,1,#1d3978,0.327225,blue/purple
data/latest/images/New_York_Fashion_Week_runway_2025_94b415288d12ed56.jpg,2,#4162a3,0.19584166666666666,blue/purple
data/latest/images/New_York_Fashion_Week_runway_2025_94b415288d12ed56.jpg,3,#7ba8da,0.17403333333333335,blue/purple
data/latest/images/New_York_Fashion_Week_runway_2025_94b415288d12ed56.jpg,4,#cce4f3,0.1584,pastels
data/latest/images/New_York_Fashion_Week_runway_2025_94b415288d12ed56.jpg,5,#08173d,0.1445,blue/purple
data/latest/images/Paris_Fashion_Week_runway_2026_bc9c463eb9bf12bd.webp,1,#cac6bd,0.382975,neutrals
data/latest/images/Paris_Fashion_Week_runway_2026_bc9c463eb9bf12bd.webp,2,#97897e,0.2978,earth
data/latest/images/Paris_Fashion_Week_runway_2026_bc9c463eb9bf12bd.webp,3,#64574b,0.17975833333333333,earth
data/latest/images/Paris_Fashion_Week_runway_2026_bc9c463eb9bf12bd.webp,4,#201d1b,0.09175,neutrals
data/latest/images/Paris_Fashion_Week_runway_2026_bc9c463eb9bf12bd.webp,5,#9fa74f,0.047716666666666664,earth
data/latest/images/Tokyo_Fashion_Week_backstage_2025_3e5b54436fff9bfa.jpg,1,#f3e6e3,0.2573166666666667,pastels
data/latest/images/Tokyo_Fashion_Week_backstage_2025_3e5b54436fff9bfa.jpg,2,#a8837c,0.22328333333333333,primary/jewel
data/latest/images/Tokyo_Fashion_Week_backstage_2025_3e5b54436fff9bfa.jpg,3,#d5b0a8,0.22303333333333333,primary/jewel
data/latest/images/Tokyo_Fashion_Week_backstage_2025_3e5b54436fff9bfa.jpg,4,#0d0a0a,0.166625,neutrals
data/latest/images/Tokyo_Fashion_Week_backstage_2025_3e5b54436fff9bfa.jpg,5,#684538,0.12974166666666667,earth
data/latest/images/Balmain_burgundy_runway_2025_fc47ebe3a812dea9.png,1,#33251d,0.2866166666666667,earth
data/latest/images/Balmain_burgundy_runway_2025_fc47ebe3a812dea9.png,2,#c5c8d7,0.2710166666666667,blue/purple
data/latest/images/Balmain_burgundy_runway_2025_fc47ebe3a812dea9.png,3,#1e150d,0.20754166666666668,neutrals
data/latest/images/Balmain_burgundy_runway_2025_fc47ebe3a812dea9.png,4,#5f2833,0.16716666666666666,primary/jewel
data/latest/images/Balmain_burgundy_runway_2025_fc47ebe3a812dea9.png,5,#ab9a8d,0.06765833333333333,earth
data/latest/images/Los_Angeles_Fashion_Week_backstage_2026_7e5f7d7b390be23b.jpg,1,#4c4465,0.30594166666666667,blue/purple
data/latest/images/Los_Angeles_Fashion_Week_backstage_2026_7e5f7d7b390be23b.jpg,2,#707cc0,0.2183,blue/purple
data/latest/images/Los_Angeles_Fashion_Week_backstage_2026_7e5f7d7b390be23b.jpg,3,#1e151f,0.18896666666666667,neutrals
data/latest/images/Los_Angeles_Fashion_Week_backstage_2026_7e5f7d7b390be23b.jpg,4,#d6cab9,0.17954166666666665,earth
data/latest/images/Los_Angeles_Fashion_Week_backstage_2026_7e5f7d7b390be23b.jpg,5,#bb7a54,0.10725,earth
data/latest/images/runway_backstage_fashion_2025_809ea535741792b1.png,1,#beb3a0,0.2988781234064253,earth
data/latest/images/runway_backstage_fashion_2025_809ea535741792b1.png,2,#e2ddd8,0.28772055073941866,neutrals
data/latest/images/runway_backstage_fashion_2025_809ea535741792b1.png,3,#4d4d40,0.21946965833758286,earth
data/latest/images/runway_backstage_fashion_2025_809ea535741792b1.png,4,#8c8173,0.09955124936257012,earth
data/latest/images/runway_backstage_fashion_2025_809ea535741792b1.png,5,#292821,0.09438041815400305,neutrals
data/latest/images/New_York_Fashion_Week_street_style_2025_f769dfbaf6513050.jpg,1,#b0ac9d,0.4491,earth
data/latest/images/New_York_Fashion_Week_street_style_2025_f769dfbaf6513050.jpg,2,#90897a,0.16635833333333333,earth
data/latest/images/New_York_Fashion_Week_street_style_2025_f769dfbaf6513050.jpg,3,#0a0a0a,0.16376666666666667,neutrals
data/latest/images/New_York_Fashion_Week_street_style_2025_f769dfbaf6513050.jpg,4,#dbdad4,0.13950833333333335,neutrals
data/latest/images/New_York_Fashion_Week_street_style_2025_f769dfbaf6513050.jpg,5,#524d46,0.08126666666666667,earth
data/latest/images/vogue_runway_emerald_dress_94c1289acf40d6c1.jpg,1,#676265,0.328525,neutrals
data/latest/images/vogue_runway_emerald_dress_94c1289acf40d6c1.jpg,2,#211914,0.222,neutrals
data/latest/images/vogue_runway_emerald_dress_94c1289acf40d6c1.jpg,3,#343d23,0.19375833333333334,green/blue
data/latest/images/vogue_runway_emerald_dress_94c1289acf40d6c1.jpg,4,#489326,0.16245,green/blue
data/latest/images/vogue_runway_emerald_dress_94c1289acf40d6c1.jpg,5,#d8b09f,0.09326666666666666,earth
data/latest/images/editorial_fashion_2025_12c0b55450c19a22.webp,1,#4a363c,0.2563,primary/jewel
data/latest/images/editorial_fashion_2025_12c0b55450c19a22.webp,2,#1a1a20,0.23883333333333334,neutrals
data/latest/images/editorial_fashion_2025_12c0b55450c19a22.webp,3,#a79f95,0.22115833333333335,earth
data/latest/images/editorial_fashion_2025_12c0b55450c19a22.webp,4,#6d6b71,0.14241666666666666,neutrals
data/latest/images/editorial_fashion_2025_12c0b55450c19a22.webp,5,#d0d0d0,0.14129166666666668,neutrals
data/latest/images/Milan_Fashion_Week_runway_2026_62487cf9e50dba3e.jpg,1,#d9cdc2,0.39853333333333335,earth
data/latest/images/Milan_Fashion_Week_runway_2026_62487cf9e50dba3e.jpg,2,#f1e9de,0.25235,pastels
data/latest/images/Milan_Fashion_Week_runway_2026_62487cf9e50dba3e.jpg,3,#2a2726,0.17510833333333334,neutrals
data/latest/images/Milan_Fashion_Week_runway_2026_62487cf9e50dba3e.jpg,4,#b9aea3,0.10293333333333334,earth
data/latest/images/Milan_Fashion_Week_runway_2026_62487cf9e50dba3e.jpg,5,#6f6a64,0.071075,earth
data/latest/images/runway_backstage_fashion_2025_e7a30ca18715651f.jpg,1,#aeb3b5,0.34563333333333335,neutrals
data/latest/images/runway_backstage_fashion_2025_e7a30ca18715651f.jpg,2,#1c2b2d,0.250775,neutrals
data/latest/images/runway_backstage_fashion_2025_e7a30ca18715651f.jpg,3,#46524f,0.1885,blue/purple
data/latest/images/runway_backstage_fashion_2025_e7a30ca18715651f.jpg,4,#8e7868,0.17430833333333334,earth
data/latest/images/runway_backstage_fashion_2025_e7a30ca18715651f.jpg,5,#76bb46,0.04078333333333333,green/blue
data/latest/images/Paris_Fashion_Week_runway_2026_0f3e8663879f2f6b.jpg,1,#8a8885,0.4471333333333333,neutrals
data/latest/images/Paris_Fashion_Week_runway_2026_0f3e8663879f2f6b.jpg,2,#695c53,0.19473333333333334,earth
data/latest/images/Paris_Fashion_Week_runway_2026_0f3e8663879f2f6b.jpg,3,#342627,0.191875,primary/jewel
data/latest/images/Paris_Fashion_Week_runway_2026_0f3e8663879f2f6b.jpg,4,#0e0a0f,0.15746666666666667,neutrals
data/latest/images/Paris_Fashion_Week_runway_2026_0f3e8663879f2f6b.jpg,5,#e2dfde,0.008791666666666666,neutrals
data/latest/images/Stockholm_Fashion_Week_street_style_2026_be196ab5e8cde3bb.jpg,1,#090e20,0.39648333333333335,neutrals
data/latest/images/Stockholm_Fashion_Week_street_style_2026_be196ab5e8cde3bb.jpg,2,#b8b4ab,0.18473333333333333,neutrals
data/latest/images/Stockholm_Fashion_Week_street_style_2026_be196ab5e8cde3bb.jpg,3,#272c3e,0.17903333333333332,blue/purple
data/latest/images/Stockholm_Fashion_Week_street_style_2026_be196ab5e8cde3bb.jpg,4,#9599a0,0.17504166666666668,neutrals
data/latest/images/Stockholm_Fashion_Week_street_style_2026_be196ab5e8cde3bb.jpg,5,#6a6561,0.06470833333333334,earth
data/latest/images/leopard_print_runway_1990s_efde8a96b3c27456.jpg,1,#f3f2f1,0.5035083333333333,pastels
data/latest/images/leopard_print_runway_1990s_efde8a96b3c27456.jpg,2,#a98064,0.14593333333333333,earth
data/latest/images/leopard_print_runway_1990s_efde8a96b3c27456.jpg,3,#755440,0.12185833333333333,earth
data/latest/images/leopard_print_runway_1990s_efde8a96b3c27456.jpg,4,#d1baa6,0.11484166666666666,earth
data/latest/images/leopard_print_runway_1990s_efde8a96b3c27456.jpg,5,#382823,0.11385833333333334,primary/jewel
data/latest/images/vogue_runway_emerald_dress_797107e5aa6e8034.jpg,1,#505e60,0.33379166666666665,blue/purple
data/latest/images/vogue_runway_emerald_dress_797107e5aa6e8034.jpg,2,#040e12,0.3284166666666667,neutrals
data/latest/images/vogue_runway_emerald_dress_797107e5aa6e8034.jpg,3,#354448,0.21625833333333333,blue/purple
data/latest/images/vogue_runway_emerald_dress_797107e5aa6e8034.jpg,4,#339a95,0.06984166666666666,blue/purple
data/latest/images/vogue_runway_emerald_dress_797107e5aa6e8034.jpg,5,#e9d3bd,0.051691666666666664,earth
data/latest/images/Seoul_Fashion_Week_backstage_2026_d36a405d6e2d638d.jpg,1,#44424e,0.28144166666666665,blue/purple
data/latest/images/Seoul_Fashion_Week_backstage_2026_d36a405d6e2d638d.jpg,2,#cebed0,0.259775,primary/jewel
data/latest/images/Seoul_Fashion_Week_backstage_2026_d36a405d6e2d638d.jpg,3,#807b95,0.22140833333333335,blue/purple
data/latest/images/Seoul_Fashion_Week_backstage_2026_d36a405d6e2d638d.jpg,4,#171219,0.18345,neutrals
data/latest/images/Seoul_Fashion_Week_backstage_2026_d36a405d6e2d638d.jpg,5,#34378e,0.053925,blue/purple
data/latest/images/Milan_Fashion_Week_runway_2025_b5fb725df4bdf9c3.webp,1,#131618,0.282475,neutrals
data/latest/images/Milan_Fashion_Week_runway_2025_b5fb725df4bdf9c3.webp,2,#bdc7ce,0.266375,blue/purple
data/latest/images/Milan_Fashion_Week_runway_2025_b5fb725df4bdf9c3.webp,3,#d8dcdd,0.20380833333333334,neutrals
data/latest/images/Milan_Fashion_Week_runway_2025_b5fb725df4bdf9c3.webp,4,#3d3c3e,0.151875,neutrals
data/latest/images/Milan_Fashion_Week_runway_2025_b5fb725df4bdf9c3.webp,5,#9b9897,0.09546666666666667,neutrals
data/latest/images/editorial_fashion_2025_df081c337ff0f1b9.jpg,1,#e3e7e8,0.48715833333333336,pastels
data/latest/images/editorial_fashion_2025_df081c337ff0f1b9.jpg,2,#565144,0.174475,earth
data/latest/images/editorial_fashion_2025_df081c337ff0f1b9.jpg,3,#cccccc,0.15514166666666668,neutrals
data/latest/images/editorial_fashion_2025_df081c337ff0f1b9.jpg,4,#252625,0.14529166666666668,neutrals
data/latest/images/editorial_fashion_2025_df081c337ff0f1b9.jpg,5,#a5837b,0.03793333333333333,primary/jewel
data/latest/images/Stockholm_Fashion_Week_street_style_2026_6520b4a02d2a9241.png,1,#75685b,0.2945833333333333,earth
data/latest/images/Stockholm_Fashion_Week_street_style_2026_6520b4a02d2a9241.png,2,#332722,0.258075,earth
data/latest/images/Stockholm_Fashion_Week_street_style_2026_6520b4a02d2a9241.png,3,#594e47,0.17174166666666665,earth
data/latest/images/Stockholm_Fashion_Week_street_style_2026_6520b4a02d2a9241.png,4,#a67e75,0.16655,primary/jewel
data/latest/images/Stockholm_Fashion_Week_street_style_2026_6520b4a02d2a9241.png,5,#bfaaab,0.10905,primary/jewel
data/latest/images/Balmain_burgundy_runway_2025_e5dbfe488a67d85c.jpg,1,#eae7e5,0.32016666666666665,pastels
data/latest/images/Balmain_burgundy_runway_2025_e5dbfe488a67d85c.jpg,2,#727175,0.30454166666666665,neutrals
data/latest/images/Balmain_burgundy_runway_2025_e5dbfe488a67d85c.jpg,3,#141414,0.20129166666666667,neutrals
data/latest/images/Balmain_burgundy_runway_2025_e5dbfe488a67d85c.jpg,4,#2e2b2b,0.12960833333333333,neutrals
data/latest/images/Balmain_burgundy_runway_2025_e5dbfe488a67d85c.jpg,5,#bfa693,0.04439166666666667,earth
data/latest/images/Tokyo_Fashion_Week_street_style_2025_484effcbb8dc7529.jpg,1,#bfbcbb,0.2512583333333333,neutrals
data/latest/images/Tokyo_Fashion_Week_street_style_2025_484effcbb8dc7529.jpg,2,#6b4c3f,0.20725833333333332,earth
data/latest/images/Tokyo_Fashion_Week_street_style_2025_484effcbb8dc7529.jpg,3,#988780,0.19211666666666666,earth
data/latest/images/Tokyo_Fashion_Week_street_style_2025_484effcbb8dc7529.jpg,4,#ebe6db,0.19109166666666666,pastels
data/latest/images/Tokyo_Fashion_Week_street_style_2025_484effcbb8dc7529.jpg,5,#241217,0.158275,neutrals
data/latest/images/Milan_Fashion_Week_runway_2026_601fbd3159093226.webp,1,#251d1c,0.39858333333333335,neutrals
data/latest/images/Milan_Fashion_Week_runway_2026_601fbd3159093226.webp,2,#4e3024,0.20839166666666667,earth
data/latest/images/Milan_Fashion_Week_runway_2026_601fbd3159093226.webp,3,#c17a47,0.17274166666666665,earth
data/latest/images/Milan_Fashion_Week_runway_2026_601fbd3159093226.webp,4,#895031,0.15199166666666666,earth
data/latest/images/Milan_Fashion_Week_runway_2026_601fbd3159093226.webp,5,#e6bd9a,0.06829166666666667,earth
data/latest/images/editorial_fashion_2025_76381dd8901c2963.jpg,1,#f0f0f0,0.7857,pastels
data/latest/images/editorial_fashion_2025_76381dd8901c2963.jpg,2,#705140,0.061075,earth
data/latest/images/editorial_fashion_2025_76381dd8901c2963.jpg,3,#25221f,0.060725,neutrals
data/latest/images/editorial_fashion_2025_76381dd8901c2963.jpg,4,#c37c63,0.051533333333333334,earth
data/latest/images/editorial_fashion_2025_76381dd8901c2963.jpg,5,#cebcb5,0.040966666666666665,earth
data/latest/images/lookbook_fashion_2026_2ecbc2e608d86ca1.jpg,1,#988e80,0.32085,earth
data/latest/images/lookbook_fashion_2026_2ecbc2e608d86ca1.jpg,2,#bdb7aa,0.31816666666666665,earth
data/latest/images/lookbook_fashion_2026_2ecbc2e608d86ca1.jpg,3,#221c1f,0.19190833333333332,neutrals
data/latest/images/lookbook_fashion_2026_2ecbc2e608d86ca1.jpg,4,#5c4e49,0.1235,earth
data/latest/images/lookbook_fashion_2026_2ecbc2e608d86ca1.jpg,5,#4ab6e6,0.045575,blue/purple
data/latest/images/Los_Angeles_Fashion_Week_backstage_2026_85c8392015d26ff6.jpg,1,#aeb3b5,0.34784166666666666,neutrals
data/latest/images/Los_Angeles_Fashion_Week_backstage_2026_85c8392015d26ff6.jpg,2,#1c2b2d,0.24266666666666667,neutrals
data/latest/images/Los_Angeles_Fashion_Week_backstage_2026_85c8392015d26ff6.jpg,3,#45504d,0.19066666666666668,green/blue
data/latest/images/Los_Angeles_Fashion_Week_backstage_2026_85c8392015d26ff6.jpg,4,#8d7767,0.177975,earth
data/latest/images/Los_Angeles_Fashion_Week_backstage_2026_85c8392015d26ff6.jpg,5,#76bb46,0.04085,green/blue
data/latest/images/Balmain_burgundy_runway_2025_684d2c5f0270f8a8.jpg,1,#eee6e2,0.30170833333333336,pastels
data/latest/images/Balmain_burgundy_runway_2025_684d2c5f0270f8a8.jpg,2,#5a585a,0.23403333333333334,neutrals
data/latest/images/Balmain_burgundy_runway_2025_684d2c5f0270f8a8.jpg,3,#161b1d,0.22721666666666668,neutrals
data/latest/images/Balmain_burgundy_runway_2025_684d2c5f0270f8a8.jpg,4,#b6a79d,0.119925,earth
data/latest/images/Balmain_burgundy_runway_2025_684d2c5f0270f8a8.jpg,5,#907e74,0.11711666666666666,earth
data/latest/images/Seoul_Fashion_Week_backstage_2026_473d98697fe6c749.jpg,1,#423a4c,0.275525,jewel
data/latest/images/Seoul_Fashion_Week_backstage_2026_473d98697fe6c749.jpg,2,#17121d,0.247775,neutrals
data/latest/images/Seoul_Fashion_Week_backstage_2026_473d98697fe6c749.jpg,3,#948ba2,0.196225,jewel
data/latest/images/Seoul_Fashion_Week_backstage_2026_473d98697fe6c749.jpg,4,#646677,0.146,blue/purple
data/latest/images/Seoul_Fashion_Week_backstage_2026_473d98697fe6c749.jpg,5,#c5bece,0.134475,neutrals
data/latest/images/Copenhagen_Fashion_Week_street_style_2026_5354b345a5ca0027.webp,1,#8e8485,0.33679166666666666,neutrals
data/latest/images/Copenhagen_Fashion_Week_street_style_2026_5354b345a5ca0027.webp,2,#635c5c,0.2303,neutrals
data/latest/images/Copenhagen_Fashion_Week_street_style_2026_5354b345a5ca0027.webp,3,#130f0e,0.2036,neutrals
data/latest/images/Copenhagen_Fashion_Week_street_style_2026_5354b345a5ca0027.webp,4,#c7b9b3,0.12220833333333334,earth
data/latest/images/Copenhagen_Fashion_Week_street_style_2026_5354b345a5ca0027.webp,5,#362f2b,0.1071,earth
data/latest/images/Sydney_Fashion_Week_runway_2025_10ef255c754333f2.jpg,1,#524f5f,0.36288333333333334,blue/purple
data/latest/images/Sydney_Fashion_Week_runway_2025_10ef255c754333f2.jpg,2,#e0e5ef,0.26665833333333333,pastels
data/latest/images/Sydney_Fashion_Week_runway_2025_10ef255c754333f2.jpg,3,#736d7b,0.25469166666666665,jewel
data/latest/images/Sydney_Fashion_Week_runway_2025_10ef255c754333f2.jpg,4,#242031,0.06380833333333333,blue/purple
data/latest/images/Sydney_Fashion_Week_runway_2025_10ef255c754333f2.jpg,5,#a8adc3,0.051958333333333336,blue/purple
data/latest/images/Stockholm_Fashion_Week_street_style_2025_1121bcb5451b50f2.jpg,1,#9e9593,0.24895,neutrals
data/latest/images/Stockholm_Fashion_Week_street_style_2025_1121bcb5451b50f2.jpg,2,#816c5d,0.22888333333333333,earth
data/latest/images/Stockholm_Fashion_Week_street_style_2025_1121bcb5451b50f2.jpg,3,#15070b,0.20989166666666667,neutrals
data/latest/images/Stockholm_Fashion_Week_street_style_2025_1121bcb5451b50f2.jpg,4,#c7bfb3,0.18884166666666666,earth
data/latest/images/Stockholm_Fashion_Week_street_style_2025_1121bcb5451b50f2.jpg,5,#503429,0.12343333333333334,earth
data/latest/images/London_Fashion_Week_runway_2025_25960990c4a381ec.jpg,1,#ccb488,0.37785,earth
data/latest/images/London_Fashion_Week_runway_2025_25960990c4a381ec.jpg,2,#9a825c,0.34578333333333333,earth
data/latest/images/London_Fashion_Week_runway_2025_25960990c4a381ec.jpg,3,#604a34,0.12028333333333334,earth
data/latest/images/London_Fashion_Week_runway_2025_25960990c4a381ec.jpg,4,#1d1613,0.08835833333333333,neutrals
data/latest/images/London_Fashion_Week_runway_2025_25960990c4a381ec.jpg,5,#f8f7e8,0.067725,pastels
data/latest/images/Milan_Fashion_Week_runway_2025_d036f7ab9dda5439.jpg,1,#0d0202,0.3808916666666667,neutrals
data/latest/images/Milan_Fashion_Week_runway_2025_d036f7ab9dda5439.jpg,2,#531e11,0.21650833333333333,primary/jewel
data/latest/images/Milan_Fashion_Week_runway_2025_d036f7ab9dda5439.jpg,3,#a95e4d,0.21556666666666666,primary/jewel
data/latest/images/Milan_Fashion_Week_runway_2025_d036f7ab9dda5439.jpg,4,#7e3c2e,0.14985,primary/jewel
data/latest/images/Milan_Fashion_Week_runway_2025_d036f7ab9dda5439.jpg,5,#d79493,0.03718333333333333,primary/jewel
data/latest/images/Balmain_burgundy_runway_2025_49db09bafdb35078.jpg,1,#150f0c,0.3408833333333333,neutrals
data/latest/images/Balmain_burgundy_runway_2025_49db09bafdb35078.jpg,2,#dccfc0,0.19569166666666668,earth
data/latest/images/Balmain_burgundy_runway_2025_49db09bafdb35078.jpg,3,#4b281a,0.192475,earth
data/latest/images/Balmain_burgundy_runway_2025_49db09bafdb35078.jpg,4,#bd987e,0.1516,earth
data/latest/images/Balmain_burgundy_runway_2025_49db09bafdb35078.jpg,5,#81523c,0.11935,earth
data/latest/images/leopard_print_runway_1990s_bb2b9deb7fd26247.jpg,1,#b4876c,0.23298333333333332,earth
data/latest/images/leopard_print_runway_1990s_bb2b9deb7fd26247.jpg,2,#834d3e,0.22505,primary/jewel
data/latest/images/leopard_print_runway_1990s_bb2b9deb7fd26247.jpg,3,#3d1c1b,0.209625,primary/jewel
data/latest/images/leopard_print_runway_1990s_bb2b9deb7fd26247.jpg,4,#d7beaa,0.1743,earth
data/latest/images/leopard_print_runway_1990s_bb2b9deb7fd26247.jpg,5,#f6efe9,0.15804166666666666,pastels
data/latest/images/New_York_Fashion_Week_street_style_2025_197ecb3a8c99cbd3.jpg,1,#e1d8cc,0.285925,earth
data/latest/images/New_York_Fashion_Week_street_style_2025_197ecb3a8c99cbd3.jpg,2,#6f503f,0.23230833333333334,earth
data/latest/images/New_York_Fashion_Week_street_style_2025_197ecb3a8c99cbd3.jpg,3,#a79a90,0.21595,earth
data/latest/images/New_York_Fashion_Week_street_style_2025_197ecb3a8c99cbd3.jpg,4,#e5891c,0.14315833333333333,neon
data/latest/images/New_York_Fashion_Week_street_style_2025_197ecb3a8c99cbd3.jpg,5,#1e1b1d,0.12265833333333333,neutrals
data/latest/images/Chanel_haute_couture_2020_3f9f440333e8ea4c.jpg,1,#444b30,0.24245833333333333,green/blue
data/latest/images/Chanel_haute_couture_2020_3f9f440333e8ea4c.jpg,2,#222a1f,0.23139166666666666,neutrals
data/latest/images/Chanel_haute_couture_2020_3f9f440333e8ea4c.jpg,3,#d9d3c3,0.19640833333333332,earth
data/latest/images/Chanel_haute_couture_2020_3f9f440333e8ea4c.jpg,4,#73704d,0.16731666666666667,earth
data/latest/images/Chanel_haute_couture_2020_3f9f440333e8ea4c.jpg,5,#a79c7f,0.162425,earth
data/latest/images/Sydney_Fashion_Week_backstage_2025_f1ed4bf3912a8b12.webp,1,#ded4cc,0.2796416666666667,earth
data/latest/images/Sydney_Fashion_Week_backstage_2025_f1ed4bf3912a8b12.webp,2,#a98d83,0.229875,earth
data/latest/images/Sydney_Fashion_Week_backstage_2025_f1ed4bf3912a8b12.webp,3,#1a1812,0.20413333333333333,neutrals
data/latest/images/Sydney_Fashion_Week_backstage_2025_f1ed4bf3912a8b12.webp,4,#5e4437,0.15255,earth
data/latest/images/Sydney_Fashion_Week_backstage_2025_f1ed4bf3912a8b12.webp,5,#c6302e,0.1338,neon
data/latest/images/vogue_runway_emerald_dress_442be1dfadeef1d9.jpg,1,#437f65,0.4709583333333333,green/blue
data/latest/images/vogue_runway_emerald_dress_442be1dfadeef1d9.jpg,2,#121f21,0.17721666666666666,neutrals
data/latest/images/vogue_runway_emerald_dress_442be1dfadeef1d9.jpg,3,#2b4b54,0.159825,blue/purple
data/latest/images/vogue_runway_emerald_dress_442be1dfadeef1d9.jpg,4,#4fcdc2,0.14505,blue/purple
data/latest/images/vogue_runway_emerald_dress_442be1dfadeef1d9.jpg,5,#e68b7a,0.04695,primary/jewel
data/latest/images/Paris_Fashion_Week_runway_2026_c22f4914b2eb1d9d.webp,1,#b8bcd1,0.46724166666666667,blue/purple
data/latest/images/Paris_Fashion_Week_runway_2026_c22f4914b2eb1d9d.webp,2,#d9d6db,0.2841916666666667,neutrals
data/latest/images/Paris_Fashion_Week_runway_2026_c22f4914b2eb1d9d.webp,3,#717cd2,0.17061666666666667,blue/purple
data/latest/images/Paris_Fashion_Week_runway_2026_c22f4914b2eb1d9d.webp,4,#99837c,0.0672,primary/jewel
data/latest/images/Paris_Fashion_Week_runway_2026_c22f4914b2eb1d9d.webp,5,#372a29,0.01075,primary/jewel
data/latest/images/New_York_Fashion_Week_runway_2025_bc1fa904c1cb9185.jpg,1,#5f5c67,0.26056666666666667,jewel
data/latest/images/New_York_Fashion_Week_runway_2025_bc1fa904c1cb9185.jpg,2,#726e7a,0.25350833333333334,jewel
data/latest/images/New_York_Fashion_Week_runway_2025_bc1fa904c1cb9185.jpg,3,#e1dfe5,0.23075833333333334,neutrals
data/latest/images/New_York_Fashion_Week_runway_2025_bc1fa904c1cb9185.jpg,4,#4e4a53,0.188025,jewel
data/latest/images/New_York_Fashion_Week_runway_2025_bc1fa904c1cb9185.jpg,5,#b9bccf,0.06714166666666667,blue/purple
data/latest/images/Chanel_haute_couture_2020_97ff8634d7642d2f.jpg,1,#dedfe7,0.3734166666666667,pastels
data/latest/images/Chanel_haute_couture_2020_97ff8634d7642d2f.jpg,2,#3f4730,0.184,green/blue
data/latest/images/Chanel_haute_couture_2020_97ff8634d7642d2f.jpg,3,#afa4a3,0.17350833333333332,neutrals
data/latest/images/Chanel_haute_couture_2020_97ff8634d7642d2f.jpg,4,#23281c,0.148625,neutrals
data/latest/images/Chanel_haute_couture_2020_97ff8634d7642d2f.jpg,5,#877b78,0.12045,primary/jewel
data/latest/images/Milan_Fashion_Week_runway_2025_6694b618bdb9da51.webp,1,#e2dfde,0.396875,neutrals
data/latest/images/Milan_Fashion_Week_runway_2025_6694b618bdb9da51.webp,2,#d0cbc6,0.2372,neutrals
data/latest/images/Milan_Fashion_Week_runway_2025_6694b618bdb9da51.webp,3,#b59f8c,0.219725,earth
data/latest/images/Milan_Fashion_Week_runway_2025_6694b618bdb9da51.webp,4,#8b7363,0.10898333333333333,earth
data/latest/images/Milan_Fashion_Week_runway_2025_6694b618bdb9da51.webp,5,#2e2520,0.03721666666666667,earth
data/latest/images/Sydney_Fashion_Week_runway_2025_8c064eadebf8bb29.jpg,1,#0f0f0f,0.3386,neutrals
data/latest/images/Sydney_Fashion_Week_runway_2025_8c064eadebf8bb29.jpg,2,#292622,0.25695,neutrals
data/latest/images/Sydney_Fashion_Week_runway_2025_8c064eadebf8bb29.jpg,3,#7a6f62,0.15795,earth
data/latest/images/Sydney_Fashion_Week_runway_2025_8c064eadebf8bb29.jpg,4,#5a473b,0.15424166666666667,earth
data/latest/images/Sydney_Fashion_Week_runway_2025_8c064eadebf8bb29.jpg,5,#c3a88e,0.09225833333333333,earth
data/latest/images/Seoul_Fashion_Week_runway_2026_90b605fc7059bd55.jpg,1,#c5c489,0.44825,earth
data/latest/images/Seoul_Fashion_Week_runway_2026_90b605fc7059bd55.jpg,2,#afa880,0.18961666666666666,earth
data/latest/images/Seoul_Fashion_Week_runway_2026_90b605fc7059bd55.jpg,3,#dfd3c0,0.17136666666666667,earth
data/latest/images/Seoul_Fashion_Week_runway_2026_90b605fc7059bd55.jpg,4,#676243,0.09693333333333333,earth
data/latest/images/Seoul_Fashion_Week_runway_2026_90b605fc7059bd55.jpg,5,#2e2c23,0.09383333333333334,earth
data/latest/images/Milan_Fashion_Week_runway_2026_dacb2bc1c2e68476.webp,1,#cbbebc,0.5080166666666667,neutrals
data/latest/images/Milan_Fashion_Week_runway_2026_dacb2bc1c2e68476.webp,2,#e7e0de,0.21095833333333333,pastels
data/latest/images/Milan_Fashion_Week_runway_2026_dacb2bc1c2e68476.webp,3,#9b8d91,0.127775,primary/jewel
data/latest/images/Milan_Fashion_Week_runway_2026_dacb2bc1c2e68476.webp,4,#73696f,0.11078333333333333,primary/jewel
data/latest/images/Milan_Fashion_Week_runway_2026_dacb2bc1c2e68476.webp,5,#3c2323,0.042466666666666666,primary/jewel
data/latest/images/runway_backstage_fashion_2025_f02544c977b6c0ea.jpg,1,#cecad3,0.31651666666666667,neutrals
data/latest/images/runway_backstage_fashion_2025_f02544c977b6c0ea.jpg,2,#a79fa5,0.24331666666666665,neutrals
data/latest/images/runway_backstage_fashion_2025_f02544c977b6c0ea.jpg,3,#847a80,0.23964166666666667,neutrals
data/latest/images/runway_backstage_fashion_2025_f02544c977b6c0ea.jpg,4,#211e20,0.12084166666666667,neutrals
data/latest/images/runway_backstage_fashion_2025_f02544c977b6c0ea.jpg,5,#554848,0.07968333333333333,primary/jewel
data/latest/images/Seoul_Fashion_Week_runway_2026_1db7dc6a07cc57d4.jpg,1,#111919,0.2895083333333333,neutrals
data/latest/images/Seoul_Fashion_Week_runway_2026_1db7dc6a07cc57d4.jpg,2,#3b4447,0.19921666666666665,blue/purple
data/latest/images/Seoul_Fashion_Week_runway_2026_1db7dc6a07cc57d4.jpg,3,#87979f,0.19120833333333334,blue/purple
data/latest/images/Seoul_Fashion_Week_runway_2026_1db7dc6a07cc57d4.jpg,4,#626c71,0.18945,blue/purple
data/latest/images/Seoul_Fashion_Week_runway_2026_1db7dc6a07cc57d4.jpg,5,#b6c4cd,0.13061666666666666,blue/purple
data/latest/images/London_Fashion_Week_street_style_2025_abfc3bb0f2170d54.jpg,1,#13161b,0.279175,neutrals
data/latest/images/London_Fashion_Week_street_style_2025_abfc3bb0f2170d54.jpg,2,#3b3238,0.2527916666666667,primary/jewel
data/latest/images/London_Fashion_Week_street_style_2025_abfc3bb0f2170d54.jpg,3,#716964,0.18216666666666667,earth
data/latest/images/London_Fashion_Week_street_style_2025_abfc3bb0f2170d54.jpg,4,#dadada,0.15204166666666666,neutrals
data/latest/images/London_Fashion_Week_street_style_2025_abfc3bb0f2170d54.jpg,5,#a19996,0.133825,neutrals
data/latest/images/runway_backstage_fashion_2025_e787e254ef6714b3.jpg,1,#181310,0.33639166666666664,neutrals
data/latest/images/runway_backstage_fashion_2025_e787e254ef6714b3.jpg,2,#f7f2ed,0.196825,pastels
data/latest/images/runway_backstage_fashion_2025_e787e254ef6714b3.jpg,3,#d6b29e,0.183575,earth
data/latest/images/runway_backstage_fashion_2025_e787e254ef6714b3.jpg,4,#544035,0.1553,earth
data/latest/images/runway_backstage_fashion_2025_e787e254ef6714b3.jpg,5,#a7755f,0.12790833333333335,earth
data/latest/images/London_Fashion_Week_street_style_2025_c0672fa767f4d218.webp,1,#120d0a,0.30214166666666664,neutrals
data/latest/images/London_Fashion_Week_street_style_2025_c0672fa767f4d218.webp,2,#74602e,0.23695833333333333,earth
data/latest/images/London_Fashion_Week_street_style_2025_c0672fa767f4d218.webp,3,#422f1e,0.22443333333333335,earth
data/latest/images/London_Fashion_Week_street_style_2025_c0672fa767f4d218.webp,4,#d7b58f,0.13183333333333333,earth
data/latest/images/London_Fashion_Week_street_style_2025_c0672fa767f4d218.webp,5,#a81406,0.10463333333333333,primary/jewel
data/latest/images/Sydney_Fashion_Week_runway_2025_68832c48b64a6dbe.jpg,1,#191214,0.305425,neutrals
data/latest/images/Sydney_Fashion_Week_runway_2025_68832c48b64a6dbe.jpg,2,#473131,0.26581666666666665,primary/jewel
data/latest/images/Sydney_Fashion_Week_runway_2025_68832c48b64a6dbe.jpg,3,#a1884d,0.18564166666666668,earth
data/latest/images/Sydney_Fashion_Week_runway_2025_68832c48b64a6dbe.jpg,4,#7a5f60,0.147975,primary/jewel
data/latest/images/Sydney_Fashion_Week_runway_2025_68832c48b64a6dbe.jpg,5,#ebd9b7,0.09514166666666667,earth
data/latest/images/Stockholm_Fashion_Week_street_style_2025_5bce12d5b61abb18.jpg,1,#08171b,0.316525,neutrals
data/latest/images/Stockholm_Fashion_Week_street_style_2025_5bce12d5b61abb18.jpg,2,#756c65,0.218175,earth
data/latest/images/Stockholm_Fashion_Week_street_style_2025_5bce12d5b61abb18.jpg,3,#40403d,0.2153,neutrals
data/latest/images/Stockholm_Fashion_Week_street_style_2025_5bce12d5b61abb18.jpg,4,#aaa89e,0.18995833333333334,neutrals
data/latest/images/Stockholm_Fashion_Week_street_style_2025_5bce12d5b61abb18.jpg,5,#bb2b22,0.06004166666666667,neon
data/latest/images/Sydney_Fashion_Week_runway_2025_cae3b997242c40d8.jpg,1,#070e0d,0.340425,neutrals
data/latest/images/Sydney_Fashion_Week_runway_2025_cae3b997242c40d8.jpg,2,#34372e,0.204225,green/blue
data/latest/images/Sydney_Fashion_Week_runway_2025_cae3b997242c40d8.jpg,3,#7c6c4a,0.172625,earth
data/latest/images/Sydney_Fashion_Week_runway_2025_cae3b997242c40d8.jpg,4,#446991,0.14713333333333334,blue/purple
data/latest/images/Sydney_Fashion_Week_runway_2025_cae3b997242c40d8.jpg,5,#c0a481,0.13559166666666667,earth
data/latest/images/runway_fashion_2025_7af66ecd40ea2958.jpg,1,#e4d7c8,0.36085,earth
data/latest/images/runway_fashion_2025_7af66ecd40ea2958.jpg,2,#494132,0.21486666666666668,earth
data/latest/images/runway_fashion_2025_7af66ecd40ea2958.jpg,3,#c3b08f,0.193475,earth
data/latest/images/runway_fashion_2025_7af66ecd40ea2958.jpg,4,#221f17,0.14415833333333333,neutrals
data/latest/images/runway_fashion_2025_7af66ecd40ea2958.jpg,5,#816c57,0.08665,earth
data/latest/images/Seoul_Fashion_Week_runway_2026_ebd457f71bdfbd13.jpg,1,#140e13,0.3392,neutrals
data/latest/images/Seoul_Fashion_Week_runway_2026_ebd457f71bdfbd13.jpg,2,#e0c6bf,0.21725833333333333,primary/jewel
data/latest/images/Seoul_Fashion_Week_runway_2026_ebd457f71bdfbd13.jpg,3,#4a4136,0.21186666666666668,earth
data/latest/images/Seoul_Fashion_Week_runway_2026_ebd457f71bdfbd13.jpg,4,#8a8166,0.14230833333333334,earth
data/latest/images/Seoul_Fashion_Week_runway_2026_ebd457f71bdfbd13.jpg,5,#cf5435,0.08936666666666666,neon
data/latest/images/runway_fashion_2025_08821e39bb60c4f6.jpg,1,#0c0a05,0.7362,neutrals
data/latest/images/runway_fashion_2025_08821e39bb60c4f6.jpg,2,#361f11,0.10291666666666667,earth
data/latest/images/runway_fashion_2025_08821e39bb60c4f6.jpg,3,#714624,0.05979166666666667,earth
data/latest/images/runway_fashion_2025_08821e39bb60c4f6.jpg,4,#f1d4a9,0.054858333333333335,earth
data/latest/images/runway_fashion_2025_08821e39bb60c4f6.jpg,5,#b8804b,0.046233333333333335,earth
data/latest/images/Milan_Fashion_Week_runway_2026_48c81a69487f8945.jpg,1,#b2b7b6,0.3776,neutrals
data/latest/images/Milan_Fashion_Week_runway_2026_48c81a69487f8945.jpg,2,#e0e8ea,0.3733416666666667,pastels
data/latest/images/Milan_Fashion_Week_runway_2026_48c81a69487f8945.jpg,3,#b9967c,0.14425833333333332,earth
data/latest/images/Milan_Fashion_Week_runway_2026_48c81a69487f8945.jpg,4,#8f6f56,0.07174166666666666,earth
data/latest/images/Milan_Fashion_Week_runway_2026_48c81a69487f8945.jpg,5,#352d2a,0.033058333333333335,earth
data/latest/images/Copenhagen_Fashion_Week_street_style_2026_de0a1f0a4bd8695c.jpg,1,#dbdbdb,0.5114833333333333,neutrals
data/latest/images/Copenhagen_Fashion_Week_street_style_2026_de0a1f0a4bd8695c.jpg,2,#a4a5ac,0.22641666666666665,neutrals
data/latest/images/Copenhagen_Fashion_Week_street_style_2026_de0a1f0a4bd8695c.jpg,3,#383c41,0.10045833333333333,blue/purple
data/latest/images/Copenhagen_Fashion_Week_street_style_2026_de0a1f0a4bd8695c.jpg,4,#0f1114,0.092825,neutrals
data/latest/images/Copenhagen_Fashion_Week_street_style_2026_de0a1f0a4bd8695c.jpg,5,#746f6b,0.06881666666666666,neutrals
data/latest/images/Tokyo_Fashion_Week_runway_2026_03f0bc75f7eb4c01.jpg,1,#797f85,0.2657,blue/purple
data/latest/images/Tokyo_Fashion_Week_runway_2026_03f0bc75f7eb4c01.jpg,2,#5f5f62,0.26164166666666666,neutrals
data/latest/images/Tokyo_Fashion_Week_runway_2026_03f0bc75f7eb4c01.jpg,3,#161718,0.215925,neutrals
data/latest/images/Tokyo_Fashion_Week_runway_2026_03f0bc75f7eb4c01.jpg,4,#3b383a,0.15039166666666667,neutrals
data/latest/images/Tokyo_Fashion_Week_runway_2026_03f0bc75f7eb4c01.jpg,5,#b1a49c,0.10634166666666667,earth
data/latest/images/Seoul_Fashion_Week_backstage_2026_ee6c97df95c459e6.jpg,1,#b08b75,0.28353333333333336,earth
data/latest/images/Seoul_Fashion_Week_backstage_2026_ee6c97df95c459e6.jpg,2,#c9b5a6,0.211575,earth
data/latest/images/Seoul_Fashion_Week_backstage_2026_ee6c97df95c459e6.jpg,3,#846752,0.19009166666666666,earth
data/latest/images/Seoul_Fashion_Week_backstage_2026_ee6c97df95c459e6.jpg,4,#4f3c34,0.15883333333333333,earth
data/latest/images/Seoul_Fashion_Week_backstage_2026_ee6c97df95c459e6.jpg,5,#e3e2e0,0.15596666666666667,neutrals
data/latest/images/Gucci_Fall_2013_runway_bdfe20fc43377370.jpg,1,#0d1418,0.7550166666666667,neutrals
data/latest/images/Gucci_Fall_2013_runway_bdfe20fc43377370.jpg,2,#1d2f45,0.08175833333333334,blue/purple
data/latest/images/Gucci_Fall_2013_runway_bdfe20fc43377370.jpg,3,#285981,0.07766666666666666,blue/purple
data/latest/images/Gucci_Fall_2013_runway_bdfe20fc43377370.jpg,4,#4e8cb8,0.06923333333333333,blue/purple
data/latest/images/Gucci_Fall_2013_runway_bdfe20fc43377370.jpg,5,#dfdce3,0.016325,neutrals
data/latest/images/Tokyo_Fashion_Week_street_style_2025_4bba912b2a487f9c.jpg,1,#b3afa0,0.32953333333333334,earth
data/latest/images/Tokyo_Fashion_Week_street_style_2025_4bba912b2a487f9c.jpg,2,#d1cec3,0.2875666666666667,neutrals
data/latest/images/Tokyo_Fashion_Week_street_style_2025_4bba912b2a487f9c.jpg,3,#555143,0.1567,earth
data/latest/images/Tokyo_Fashion_Week_street_style_2025_4bba912b2a487f9c.jpg,4,#847a6a,0.13484166666666667,earth
data/latest/images/Tokyo_Fashion_Week_street_style_2025_4bba912b2a487f9c.jpg,5,#2a2515,0.09135833333333333,neutrals
data/latest/images/New_York_Fashion_Week_street_style_2025_0272c908ba95a376.jpg,1,#9fa9ba,0.42554166666666665,blue/purple
data/latest/images/New_York_Fashion_Week_street_style_2025_0272c908ba95a376.jpg,2,#181b23,0.20586666666666667,neutrals
data/latest/images/New_York_Fashion_Week_street_style_2025_0272c908ba95a376.jpg,3,#484953,0.14674166666666666,blue/purple
data/latest/images/New_York_Fashion_Week_street_style_2025_0272c908ba95a376.jpg,4,#71737f,0.141975,blue/purple
data/latest/images/New_York_Fashion_Week_street_style_2025_0272c908ba95a376.jpg,5,#d3d3d9,0.079875,neutrals
data/latest/images/fashion_campaign_2026_76c13528d4260bfd.jpg,1,#8a7976,0.30105,primary/jewel
data/latest/images/fashion_campaign_2026_76c13528d4260bfd.jpg,2,#a5a0a5,0.25695,neutrals
data/latest/images/fashion_campaign_2026_76c13528d4260bfd.jpg,3,#dadce2,0.25414166666666665,neutrals
data/latest/images/fashion_campaign_2026_76c13528d4260bfd.jpg,4,#654846,0.09435,primary/jewel
data/latest/images/fashion_campaign_2026_76c13528d4260bfd.jpg,5,#191719,0.09350833333333333,neutrals
data/latest/images/lookbook_fashion_2026_578ed510e430a11c.jpg,1,#181d1a,0.2638,neutrals
data/latest/images/lookbook_fashion_2026_578ed510e430a11c.jpg,2,#dcd9de,0.20888333333333334,neutrals
data/latest/images/lookbook_fashion_2026_578ed510e430a11c.jpg,3,#abafac,0.1855,neutrals
data/latest/images/lookbook_fashion_2026_578ed510e430a11c.jpg,4,#3b4b42,0.17694166666666666,green/blue
data/latest/images/lookbook_fashion_2026_578ed510e430a11c.jpg,5,#6d7d6c,0.164875,green/blue
data/latest/images/Seoul_Fashion_Week_runway_2026_b4a42c51fe19a5df.webp,1,#0d0b09,0.5860083333333334,neutrals
data/latest/images/Seoul_Fashion_Week_runway_2026_b4a42c51fe19a5df.webp,2,#36251f,0.18268333333333334,earth
data/latest/images/Seoul_Fashion_Week_runway_2026_b4a42c51fe19a5df.webp,3,#68483a,0.10238333333333334,earth
data/latest/images/Seoul_Fashion_Week_runway_2026_b4a42c51fe19a5df.webp,4,#f4f2ef,0.08745,pastels
data/latest/images/Seoul_Fashion_Week_runway_2026_b4a42c51fe19a5df.webp,5,#927c73,0.041475,earth
data/latest/images/Los_Angeles_Fashion_Week_backstage_2026_773e596b17103cac.jpg,1,#181413,0.421475,neutrals
data/latest/images/Los_Angeles_Fashion_Week_backstage_2026_773e596b17103cac.jpg,2,#4d4342,0.21855833333333333,primary/jewel
data/latest/images/Los_Angeles_Fashion_Week_backstage_2026_773e596b17103cac.jpg,3,#777268,0.14458333333333334,earth
data/latest/images/Los_Angeles_Fashion_Week_backstage_2026_773e596b17103cac.jpg,4,#d06d57,0.1248,primary/jewel
data/latest/images/Los_Angeles_Fashion_Week_backstage_2026_773e596b17103cac.jpg,5,#c8b3b7,0.09058333333333334,primary/jewel
data/latest/images/Milan_Fashion_Week_runway_2026_5f69bfc84148df3f.webp,1,#cac6c3,0.5798333333333333,neutrals
data/latest/images/Milan_Fashion_Week_runway_2026_5f69bfc84148df3f.webp,2,#a5a3a3,0.22335833333333333,neutrals
data/latest/images/Milan_Fashion_Week_runway_2026_5f69bfc84148df3f.webp,3,#8a6c5f,0.09784166666666666,earth
data/latest/images/Milan_Fashion_Week_runway_2026_5f69bfc84148df3f.webp,4,#783f37,0.0657,primary/jewel
data/latest/images/Milan_Fashion_Week_runway_2026_5f69bfc84148df3f.webp,5,#2b2321,0.03326666666666667,neutrals
data/latest/images/Sydney_Fashion_Week_backstage_2025_7859768bba6795d4.jpg,1,#10120f,0.6409833333333333,neutrals
data/latest/images/Sydney_Fashion_Week_backstage_2025_7859768bba6795d4.jpg,2,#322c24,0.17589166666666667,earth
data/latest/images/Sydney_Fashion_Week_backstage_2025_7859768bba6795d4.jpg,3,#ccaf82,0.08615,earth
data/latest/images/Sydney_Fashion_Week_backstage_2025_7859768bba6795d4.jpg,4,#87674d,0.06425833333333333,earth
data/latest/images/Sydney_Fashion_Week_backstage_2025_7859768bba6795d4.jpg,5,#573670,0.032716666666666665,jewel
data/latest/images/Sydney_Fashion_Week_runway_2025_6fd4284d23b831f8.jpg,1,#b9ada0,0.3683,earth
data/latest/images/Sydney_Fashion_Week_runway_2025_6fd4284d23b831f8.jpg,2,#e6dcce,0.20915833333333333,pastels
data/latest/images/Sydney_Fashion_Week_runway_2025_6fd4284d23b831f8.jpg,3,#97897e,0.18218333333333334,earth
data/latest/images/Sydney_Fashion_Week_runway_2025_6fd4284d23b831f8.jpg,4,#2f2d27,0.15398333333333333,earth
data/latest/images/Sydney_Fashion_Week_runway_2025_6fd4284d23b831f8.jpg,5,#63574d,0.086375,earth
data/latest/images/London_Fashion_Week_runway_2025_76b56f30619bd1ec.jpg,1,#6b6875,0.28796666666666665,blue/purple
data/latest/images/London_Fashion_Week_runway_2025_76b56f30619bd1ec.jpg,2,#554d59,0.26081666666666664,jewel
data/latest/images/London_Fashion_Week_runway_2025_76b56f30619bd1ec.jpg,3,#e5e0e7,0.21025833333333332,pastels
data/latest/images/London_Fashion_Week_runway_2025_76b56f30619bd1ec.jpg,4,#ec5778,0.19925,primary/jewel
data/latest/images/London_Fashion_Week_runway_2025_76b56f30619bd1ec.jpg,5,#f2bf4b,0.04170833333333333,earth
data/latest/images/Gucci_Fall_2013_runway_fc7268d06a37689d.jpg,1,#070f15,0.62325,neutrals
data/latest/images/Gucci_Fall_2013_runway_fc7268d06a37689d.jpg,2,#18222f,0.22490833333333332,blue/purple
data/latest/images/Gucci_Fall_2013_runway_fc7268d06a37689d.jpg,3,#433f54,0.09095,blue/purple
data/latest/images/Gucci_Fall_2013_runway_fc7268d06a37689d.jpg,4,#737a9d,0.04203333333333333,blue/purple
data/latest/images/Gucci_Fall_2013_runway_fc7268d06a37689d.jpg,5,#cae2f1,0.018858333333333335,pastels
data/latest/images/Chanel_haute_couture_2020_db6a6e85fc66db2d.jpg,1,#01050b,0.36440833333333333,neutrals
data/latest/images/Chanel_haute_couture_2020_db6a6e85fc66db2d.jpg,2,#6e6665,0.23283333333333334,primary/jewel
data/latest/images/Chanel_haute_couture_2020_db6a6e85fc66db2d.jpg,3,#39393c,0.17864166666666667,neutrals
data/latest/images/Chanel_haute_couture_2020_db6a6e85fc66db2d.jpg,4,#a79d9a,0.140025,neutrals
data/latest/images/Chanel_haute_couture_2020_db6a6e85fc66db2d.jpg,5,#dad3d1,0.08409166666666666,neutrals
data/latest/images/Stockholm_Fashion_Week_street_style_2026_2b714fadc3965fd0.jpg,1,#a6a8a2,0.26853333333333335,neutrals
data/latest/images/Stockholm_Fashion_Week_street_style_2026_2b714fadc3965fd0.jpg,2,#8e7f7c,0.21323333333333333,primary/jewel
data/latest/images/Stockholm_Fashion_Week_street_style_2026_2b714fadc3965fd0.jpg,3,#6a5b55,0.19230833333333333,earth
data/latest/images/Stockholm_Fashion_Week_street_style_2026_2b714fadc3965fd0.jpg,4,#06171d,0.17223333333333332,neutrals
data/latest/images/Stockholm_Fashion_Week_street_style_2026_2b714fadc3965fd0.jpg,5,#363a39,0.15369166666666667,neutrals
data/latest/images/runway_backstage_fashion_2025_6a13cb5fa6034418.jpg,1,#7f1516,0.34463333333333335,primary/jewel
data/latest/images/runway_backstage_fashion_2025_6a13cb5fa6034418.jpg,2,#724547,0.19954166666666667,primary/jewel
data/latest/images/runway_backstage_fashion_2025_6a13cb5fa6034418.jpg,3,#f7f6f4,0.16614166666666666,pastels
data/latest/images/runway_backstage_fashion_2025_6a13cb5fa6034418.jpg,4,#aa7d72,0.15040833333333334,primary/jewel
data/latest/images/runway_backstage_fashion_2025_6a13cb5fa6034418.jpg,5,#271819,0.139275,neutrals
data/latest/images/Seoul_Fashion_Week_street_style_2025_6a5bfe53eab85f76.webp,1,#10161a,0.28344166666666665,neutrals
data/latest/images/Seoul_Fashion_Week_street_style_2025_6a5bfe53eab85f76.webp,2,#e7f1f7,0.21539166666666668,pastels
data/latest/images/Seoul_Fashion_Week_street_style_2025_6a5bfe53eab85f76.webp,3,#b5b9ba,0.19578333333333334,neutrals
data/latest/images/Seoul_Fashion_Week_street_style_2025_6a5bfe53eab85f76.webp,4,#7d8081,0.17015833333333333,neutrals
data/latest/images/Seoul_Fashion_Week_street_style_2025_6a5bfe53eab85f76.webp,5,#3a434c,0.135225,blue/purple
data/latest/images/Copenhagen_Fashion_Week_street_style_2026_fb74eb5ef948fbec.jpg,1,#d0c7bf,0.44761666666666666,earth
data/latest/images/Copenhagen_Fashion_Week_street_style_2026_fb74eb5ef948fbec.jpg,2,#afa7a3,0.15999166666666667,neutrals
data/latest/images/Copenhagen_Fashion_Week_street_style_2026_fb74eb5ef948fbec.jpg,3,#10171c,0.15633333333333332,neutrals
data/latest/images/Copenhagen_Fashion_Week_street_style_2026_fb74eb5ef948fbec.jpg,4,#343337,0.1387,neutrals
data/latest/images/Copenhagen_Fashion_Week_street_style_2026_fb74eb5ef948fbec.jpg,5,#686059,0.09735833333333334,earth
data/latest/images/Chanel_haute_couture_2020_141407e65b5d60c1.jpg,1,#3b432c,0.32495,green/blue
data/latest/images/Chanel_haute_couture_2020_141407e65b5d60c1.jpg,2,#61645c,0.206725,neutrals
data/latest/images/Chanel_haute_couture_2020_141407e65b5d60c1.jpg,3,#929195,0.18996666666666667,neutrals
data/latest/images/Chanel_haute_couture_2020_141407e65b5d60c1.jpg,4,#c5c2c7,0.178825,neutrals
data/latest/images/Chanel_haute_couture_2020_141407e65b5d60c1.jpg,5,#101317,0.09953333333333333,neutrals
data/latest/images/Sydney_Fashion_Week_backstage_2025_5e005904a5f96691.jpg,1,#0d0b09,0.30714166666666665,neutrals
data/latest/images/Sydney_Fashion_Week_backstage_2025_5e005904a5f96691.jpg,2,#574a3d,0.22925833333333334,earth
data/latest/images/Sydney_Fashion_Week_backstage_2025_5e005904a5f96691.jpg,3,#322a21,0.19363333333333332,earth
data/latest/images/Sydney_Fashion_Week_backstage_2025_5e005904a5f96691.jpg,4,#7b6d61,0.164175,earth
data/latest/images/Sydney_Fashion_Week_backstage_2025_5e005904a5f96691.jpg,5,#e6e4e0,0.10579166666666667,pastels
data/latest/images/Tokyo_Fashion_Week_backstage_2025_40becda59b7fbc37.jpg,1,#93897b,0.29049166666666665,earth
data/latest/images/Tokyo_Fashion_Week_backstage_2025_40becda59b7fbc37.jpg,2,#0d0e10,0.23266666666666666,neutrals
data/latest/images/Tokyo_Fashion_Week_backstage_2025_40becda59b7fbc37.jpg,3,#332e2a,0.16473333333333334,earth
data/latest/images/Tokyo_Fashion_Week_backstage_2025_40becda59b7fbc37.jpg,4,#b2b0aa,0.1587,neutrals
data/latest/images/Tokyo_Fashion_Week_backstage_2025_40becda59b7fbc37.jpg,5,#78584e,0.15340833333333334,primary/jewel
data/latest/images/London_Fashion_Week_runway_2025_0f8430dee497e346.jpg,1,#575458,0.48195,neutrals
data/latest/images/London_Fashion_Week_runway_2025_0f8430dee497e346.jpg,2,#0d0a0d,0.20605833333333334,neutrals
data/latest/images/London_Fashion_Week_runway_2025_0f8430dee497e346.jpg,3,#138eb5,0.162925,neon
data/latest/images/London_Fashion_Week_runway_2025_0f8430dee497e346.jpg,4,#d3cecf,0.09471666666666667,neutrals
data/latest/images/London_Fashion_Week_runway_2025_0f8430dee497e346.jpg,5,#a78172,0.05435,earth
data/latest/images/Gucci_Fall_2013_runway_5b4df65be75ff775.jpg,1,#0d1826,0.5190083333333333,neutrals
data/latest/images/Gucci_Fall_2013_runway_5b4df65be75ff775.jpg,2,#1e2d4a,0.28665,blue/purple
data/latest/images/Gucci_Fall_2013_runway_5b4df65be75ff775.jpg,3,#596582,0.09343333333333333,blue/purple
data/latest/images/Gucci_Fall_2013_runway_5b4df65be75ff775.jpg,4,#7f2a56,0.05631666666666667,primary/jewel
data/latest/images/Gucci_Fall_2013_runway_5b4df65be75ff775.jpg,5,#aeb9d0,0.04459166666666667,blue/purple
data/latest/images/Copenhagen_Fashion_Week_street_style_2026_f692fe058494da0d.jpg,1,#131519,0.453175,neutrals
data/latest/images/Copenhagen_Fashion_Week_street_style_2026_f692fe058494da0d.jpg,2,#ae9885,0.172375,earth
data/latest/images/Copenhagen_Fashion_Week_street_style_2026_f692fe058494da0d.jpg,3,#d5cabf,0.16941666666666666,earth
data/latest/images/Copenhagen_Fashion_Week_street_style_2026_f692fe058494da0d.jpg,4,#66574a,0.10655,earth
data/latest/images/Copenhagen_Fashion_Week_street_style_2026_f692fe058494da0d.jpg,5,#f8f8f8,0.09848333333333334,pastels
data/latest/images/Stockholm_Fashion_Week_street_style_2026_e61a75c07a52655d.jpg,1,#886c67,0.24158333333333334,primary/jewel
data/latest/images/Stockholm_Fashion_Week_street_style_2026_e61a75c07a52655d.jpg,2,#191718,0.232225,neutrals
data/latest/images/Stockholm_Fashion_Week_street_style_2026_e61a75c07a52655d.jpg,3,#f2f0ec,0.20366666666666666,pastels
data/latest/images/Stockholm_Fashion_Week_street_style_2026_e61a75c07a52655d.jpg,4,#bca4a1,0.16520833333333335,primary/jewel
data/latest/images/Stockholm_Fashion_Week_street_style_2026_e61a75c07a52655d.jpg,5,#5b413e,0.15731666666666666,primary/jewel
data/latest/images/New_York_Fashion_Week_street_style_2025_e8b7d3355a12ff73.webp,1,#d2d4de,0.29231666666666667,neutrals
data/latest/images/New_York_Fashion_Week_street_style_2025_e8b7d3355a12ff73.webp,2,#9b928e,0.23039166666666666,earth
data/latest/images/New_York_Fashion_Week_street_style_2025_e8b7d3355a12ff73.webp,3,#6e6e74,0.20673333333333332,neutrals
data/latest/images/New_York_Fashion_Week_street_style_2025_e8b7d3355a12ff73.webp,4,#4a4343,0.167375,primary/jewel
data/latest/images/New_York_Fashion_Week_street_style_2025_e8b7d3355a12ff73.webp,5,#1a1a1d,0.10318333333333334,neutrals
data/latest/images/fashion_campaign_2026_418d0de8cc3693d8.jpg,1,#7f7364,0.2847166666666667,earth
data/latest/images/fashion_campaign_2026_418d0de8cc3693d8.jpg,2,#574a3a,0.24975833333333333,earth
data/latest/images/fashion_campaign_2026_418d0de8cc3693d8.jpg,3,#25251f,0.21505,neutrals
data/latest/images/fashion_campaign_2026_418d0de8cc3693d8.jpg,4,#c2b1a9,0.14461666666666667,earth
data/latest/images/fashion_campaign_2026_418d0de8cc3693d8.jpg,5,#c6a048,0.10585833333333333,earth
data/latest/images/Gucci_Fall_2013_runway_35b3689ef3e09deb.jpg,1,#061317,0.5694,neutrals
data/latest/images/Gucci_Fall_2013_runway_35b3689ef3e09deb.jpg,2,#242b48,0.16715,blue/purple
data/latest/images/Gucci_Fall_2013_runway_35b3689ef3e09deb.jpg,3,#992958,0.13291666666666666,primary/jewel
data/latest/images/Gucci_Fall_2013_runway_35b3689ef3e09deb.jpg,4,#3d5ea5,0.09384166666666667,blue/purple
data/latest/images/Gucci_Fall_2013_runway_35b3689ef3e09deb.jpg,5,#c8daea,0.036691666666666664,pastels
data/latest/images/editorial_fashion_2025_cd71ceb194c61862.jpg,1,#151617,0.278725,neutrals
data/latest/images/editorial_fashion_2025_cd71ceb194c61862.jpg,2,#d3d3d5,0.25033333333333335,neutrals
data/latest/images/editorial_fashion_2025_cd71ceb194c61862.jpg,3,#3c3c3e,0.17368333333333333,neutrals
data/latest/images/editorial_fashion_2025_cd71ceb194c61862.jpg,4,#9ca0a1,0.16245833333333334,neutrals
data/latest/images/editorial_fashion_2025_cd71ceb194c61862.jpg,5,#6b6c6d,0.1348,neutrals
data/latest/images/Tokyo_Fashion_Week_street_style_2025_bf31e016cedd5bdf.jpg,1,#21161a,0.40450833333333336,neutrals
data/latest/images/Tokyo_Fashion_Week_street_style_2025_bf31e016cedd5bdf.jpg,2,#786660,0.17678333333333332,earth
data/latest/images/Tokyo_Fashion_Week_street_style_2025_bf31e016cedd5bdf.jpg,3,#453937,0.17675,primary/jewel
data/latest/images/Tokyo_Fashion_Week_street_style_2025_bf31e016cedd5bdf.jpg,4,#a59c9a,0.12436666666666667,neutrals
data/latest/images/Tokyo_Fashion_Week_street_style_2025_bf31e016cedd5bdf.jpg,5,#d4d1cf,0.11759166666666666,neutrals
data/latest/images/New_York_Fashion_Week_runway_2025_4ab766d9a033fd12.jpg,1,#06070a,0.3603166666666667,neutrals
data/latest/images/New_York_Fashion_Week_runway_2025_4ab766d9a033fd12.jpg,2,#ae9482,0.205875,earth
data/latest/images/New_York_Fashion_Week_runway_2025_4ab766d9a033fd12.jpg,3,#38383b,0.189375,neutrals
data/latest/images/New_York_Fashion_Week_runway_2025_4ab766d9a033fd12.jpg,4,#816d68,0.17738333333333334,primary/jewel
data/latest/images/New_York_Fashion_Week_runway_2025_4ab766d9a033fd12.jpg,5,#94bbf3,0.06705,blue/purple
data/latest/images/Sydney_Fashion_Week_runway_2025_6a13cb5fa6034418.jpg,1,#7f1516,0.34463333333333335,primary/jewel
data/latest/images/Sydney_Fashion_Week_runway_2025_6a13cb5fa6034418.jpg,2,#724547,0.19954166666666667,primary/jewel
data/latest/images/Sydney_Fashion_Week_runway_2025_6a13cb5fa6034418.jpg,3,#f7f6f4,0.16614166666666666,pastels
data/latest/images/Sydney_Fashion_Week_runway_2025_6a13cb5fa6034418.jpg,4,#aa7d72,0.15040833333333334,primary/jewel
data/latest/images/Sydney_Fashion_Week_runway_2025_6a13cb5fa6034418.jpg,5,#271819,0.139275,neutrals
data/latest/images/Chanel_haute_couture_2020_112d4bbd92b6f21e.jpg,1,#f7fbfc,0.636525,pastels
data/latest/images/Chanel_haute_couture_2020_112d4bbd92b6f21e.jpg,2,#242524,0.12060833333333333,neutrals
data/latest/images/Chanel_haute_couture_2020_112d4bbd92b6f21e.jpg,3,#535353,0.1035,neutrals
data/latest/images/Chanel_haute_couture_2020_112d4bbd92b6f21e.jpg,4,#bdbdbd,0.07329166666666667,neutrals
data/latest/images/Chanel_haute_couture_2020_112d4bbd92b6f21e.jpg,5,#818181,0.066075,neutrals
data/latest/images/New_York_Fashion_Week_street_style_2025_86167c0f64c3960c.jpg,1,#ac989d,0.28215,primary/jewel
data/latest/images/New_York_Fashion_Week_street_style_2025_86167c0f64c3960c.jpg,2,#786f77,0.22498333333333334,neutrals
data/latest/images/New_York_Fashion_Week_street_style_2025_86167c0f64c3960c.jpg,3,#4c3e42,0.22425,primary/jewel
data/latest/images/New_York_Fashion_Week_street_style_2025_86167c0f64c3960c.jpg,4,#1b1a1c,0.16116666666666668,neutrals
data/latest/images/New_York_Fashion_Week_street_style_2025_86167c0f64c3960c.jpg,5,#d5d6d7,0.10745,neutrals
data/latest/images/Tokyo_Fashion_Week_runway_2026_79880d7e5f8de6ff.jpg,1,#bbcff7,0.347925,blue/purple
data/latest/images/Tokyo_Fashion_Week_runway_2026_79880d7e5f8de6ff.jpg,2,#d5aadc,0.30235833333333334,primary/jewel
data/latest/images/Tokyo_Fashion_Week_runway_2026_79880d7e5f8de6ff.jpg,3,#ab87a0,0.15258333333333332,primary/jewel
data/latest/images/Tokyo_Fashion_Week_runway_2026_79880d7e5f8de6ff.jpg,4,#131418,0.122025,neutrals
data/latest/images/Tokyo_Fashion_Week_runway_2026_79880d7e5f8de6ff.jpg,5,#755565,0.07510833333333333,primary/jewel
data/latest/images/Copenhagen_Fashion_Week_street_style_2026_0ab34e5465ea34bf.jpg,1,#a19484,0.32995833333333335,earth
data/latest/images/Copenhagen_Fashion_Week_street_style_2026_0ab34e5465ea34bf.jpg,2,#7a7064,0.32709166666666667,earth
data/latest/images/Copenhagen_Fashion_Week_street_style_2026_0ab34e5465ea34bf.jpg,3,#e0d3d4,0.148975,neutrals
data/latest/images/Copenhagen_Fashion_Week_street_style_2026_0ab34e5465ea34bf.jpg,4,#50493f,0.14208333333333334,earth
data/latest/images/Copenhagen_Fashion_Week_street_style_2026_0ab34e5465ea34bf.jpg,5,#19181a,0.05189166666666667,neutrals
data/latest/images/Seoul_Fashion_Week_backstage_2026_85ba467c7b75d28a.jpg,1,#151515,0.34485,neutrals
data/latest/images/Seoul_Fashion_Week_backstage_2026_85ba467c7b75d28a.jpg,2,#706e70,0.28149166666666664,neutrals
data/latest/images/Seoul_Fashion_Week_backstage_2026_85ba467c7b75d28a.jpg,3,#f3ebdc,0.17605833333333334,pastels
data/latest/images/Seoul_Fashion_Week_backstage_2026_85ba467c7b75d28a.jpg,4,#444243,0.134875,neutrals
data/latest/images/Seoul_Fashion_Week_backstage_2026_85ba467c7b75d28a.jpg,5,#d1b6ab,0.062725,earth
data/latest/images/runway_backstage_fashion_2025_f0475787e3c81b57.jpg,1,#f0f2ef,0.63025,pastels
data/latest/images/runway_backstage_fashion_2025_f0475787e3c81b57.jpg,2,#d9d7cd,0.20725,neutrals
data/latest/images/runway_backstage_fashion_2025_f0475787e3c81b57.jpg,3,#6ea669,0.064375,green/blue
data/latest/images/runway_backstage_fashion_2025_f0475787e3c81b57.jpg,4,#486448,0.055233333333333336,green/blue
data/latest/images/runway_backstage_fashion_2025_f0475787e3c81b57.jpg,5,#b38f7f,0.04289166666666667,earth
data/latest/images/lookbook_fashion_2025_f3338c8040268d58.png,1,#dabcc3,0.44143333333333334,primary/jewel
data/latest/images/lookbook_fashion_2025_f3338c8040268d58.png,2,#c9a6ad,0.2971,primary/jewel
data/latest/images/lookbook_fashion_2025_f3338c8040268d58.png,3,#b5828b,0.13764166666666666,primary/jewel
data/latest/images/lookbook_fashion_2025_f3338c8040268d58.png,4,#8c595e,0.06946666666666666,primary/jewel
data/latest/images/lookbook_fashion_2025_f3338c8040268d58.png,5,#140a0d,0.054358333333333335,neutrals
data/latest/images/Tokyo_Fashion_Week_backstage_2025_718e2da04b4933af.jpg,1,#2e2b35,0.2899833333333333,jewel
data/latest/images/Tokyo_Fashion_Week_backstage_2025_718e2da04b4933af.jpg,2,#141210,0.24996666666666667,neutrals
data/latest/images/Tokyo_Fashion_Week_backstage_2025_718e2da04b4933af.jpg,3,#95867c,0.22995,earth
data/latest/images/Tokyo_Fashion_Week_backstage_2025_718e2da04b4933af.jpg,4,#c0ada2,0.14373333333333332,earth
data/latest/images/Tokyo_Fashion_Week_backstage_2025_718e2da04b4933af.jpg,5,#66463b,0.08636666666666666,earth
data/latest/images/Tokyo_Fashion_Week_runway_2026_96b6d337d3a2363c.webp,1,#050e14,0.4966583333333333,neutrals
data/latest/images/Tokyo_Fashion_Week_runway_2026_96b6d337d3a2363c.webp,2,#192a37,0.179475,blue/purple
data/latest/images/Tokyo_Fashion_Week_runway_2026_96b6d337d3a2363c.webp,3,#374e60,0.12006666666666667,blue/purple
data/latest/images/Tokyo_Fashion_Week_runway_2026_96b6d337d3a2363c.webp,4,#c7d2d6,0.11534166666666666,neutrals
data/latest/images/Tokyo_Fashion_Week_runway_2026_96b6d337d3a2363c.webp,5,#8c928f,0.08845833333333333,neutrals
data/latest/images/Sydney_Fashion_Week_runway_2025_7f0f4bba69f81447.jpg,1,#514952,0.24489166666666667,primary/jewel
data/latest/images/Sydney_Fashion_Week_runway_2025_7f0f4bba69f81447.jpg,2,#6f6b77,0.2401,jewel
data/latest/images/Sydney_Fashion_Week_runway_2025_7f0f4bba69f81447.jpg,3,#dbdbdf,0.22705,neutrals
data/latest/images/Sydney_Fashion_Week_runway_2025_7f0f4bba69f81447.jpg,4,#262055,0.19796666666666668,blue/purple
data/latest/images/Sydney_Fashion_Week_runway_2025_7f0f4bba69f81447.jpg,5,#917eca,0.08999166666666666,jewel
data/latest/images/Balmain_burgundy_runway_2025_2ab4fb86e2e7145b.jpg,1,#090a0c,0.4668833333333333,neutrals
data/latest/images/Balmain_burgundy_runway_2025_2ab4fb86e2e7145b.jpg,2,#242221,0.2853333333333333,neutrals
data/latest/images/Balmain_burgundy_runway_2025_2ab4fb86e2e7145b.jpg,3,#433633,0.17080833333333334,primary/jewel
data/latest/images/Balmain_burgundy_runway_2025_2ab4fb86e2e7145b.jpg,4,#6c574d,0.04649166666666667,earth
data/latest/images/Balmain_burgundy_runway_2025_2ab4fb86e2e7145b.jpg,5,#b5896e,0.030483333333333335,earth
data/latest/images/Sydney_Fashion_Week_runway_2025_f72e094cb2a4dcee.jpg,1,#140d07,0.35868333333333335,neutrals
data/latest/images/Sydney_Fashion_Week_runway_2025_f72e094cb2a4dcee.jpg,2,#976b58,0.236375,earth
data/latest/images/Sydney_Fashion_Week_runway_2025_f72e094cb2a4dcee.jpg,3,#b71726,0.19735,neon
data/latest/images/Sydney_Fashion_Week_runway_2025_f72e094cb2a4dcee.jpg,4,#6d2a1a,0.15751666666666667,primary/jewel
data/latest/images/Sydney_Fashion_Week_runway_2025_f72e094cb2a4dcee.jpg,5,#caa7c0,0.050075,primary/jewel
data/latest/images/Milan_Fashion_Week_runway_2025_4f7c346016079e2f.png,1,#dad8db,0.6774,neutrals
data/latest/images/Milan_Fashion_Week_runway_2025_4f7c346016079e2f.png,2,#4d3a31,0.127,earth
data/latest/images/Milan_Fashion_Week_runway_2025_4f7c346016079e2f.png,3,#b09e93,0.0881,earth
data/latest/images/Milan_Fashion_Week_runway_2025_4f7c346016079e2f.png,4,#86746c,0.06366666666666666,earth
data/latest/images/Milan_Fashion_Week_runway_2025_4f7c346016079e2f.png,5,#271e1c,0.043833333333333335,neutrals
data/latest/images/Tokyo_Fashion_Week_runway_2026_436b02cba4eed119.jpg,1,#f9e7cf,0.3151583333333333,pastels
data/latest/images/Tokyo_Fashion_Week_runway_2026_436b02cba4eed119.jpg,2,#131512,0.24676666666666666,neutrals
data/latest/images/Tokyo_Fashion_Week_runway_2026_436b02cba4eed119.jpg,3,#7e6f63,0.19413333333333332,earth
data/latest/images/Tokyo_Fashion_Week_runway_2026_436b02cba4eed119.jpg,4,#c2a186,0.14711666666666667,earth
data/latest/images/Tokyo_Fashion_Week_runway_2026_436b02cba4eed119.jpg,5,#514336,0.096825,earth
data/latest/images/London_Fashion_Week_street_style_2025_e166b8efb4e8a662.jpg,1,#0d0d0d,0.39526666666666666,neutrals
data/latest/images/London_Fashion_Week_street_style_2025_e166b8efb4e8a662.jpg,2,#2e2421,0.21876666666666666,primary/jewel
data/latest/images/London_Fashion_Week_street_style_2025_e166b8efb4e8a662.jpg,3,#5a4339,0.157975,earth
data/latest/images/London_Fashion_Week_street_style_2025_e166b8efb4e8a662.jpg,4,#886856,0.134525,earth
data/latest/images/London_Fashion_Week_street_style_2025_e166b8efb4e8a662.jpg,5,#aca09d,0.09346666666666667,primary/jewel
data/latest/images/Tokyo_Fashion_Week_street_style_2025_ee1240965493b61b.jpg,1,#807f83,0.4617583333333333,neutrals
data/latest/images/Tokyo_Fashion_Week_street_style_2025_ee1240965493b61b.jpg,2,#1f1f1f,0.188525,neutrals
data/latest/images/Tokyo_Fashion_Week_street_style_2025_ee1240965493b61b.jpg,3,#57524d,0.14866666666666667,earth
data/latest/images/Tokyo_Fashion_Week_street_style_2025_ee1240965493b61b.jpg,4,#eff4f1,0.10301666666666667,pastels
data/latest/images/Tokyo_Fashion_Week_street_style_2025_ee1240965493b61b.jpg,5,#b3afa0,0.09803333333333333,earth
data/latest/images/Seoul_Fashion_Week_backstage_2026_3c624f6df6261acd.jpg,1,#0e3262,0.32934166666666664,blue/purple
data/latest/images/Seoul_Fashion_Week_backstage_2026_3c624f6df6261acd.jpg,2,#0d6ab0,0.24790833333333334,blue/purple
data/latest/images/Seoul_Fashion_Week_backstage_2026_3c624f6df6261acd.jpg,3,#014591,0.23050833333333334,blue/purple
data/latest/images/Seoul_Fashion_Week_backstage_2026_3c624f6df6261acd.jpg,4,#d6cfcc,0.12094166666666667,neutrals
data/latest/images/Seoul_Fashion_Week_backstage_2026_3c624f6df6261acd.jpg,5,#ad7f6b,0.0713,earth
data/latest/images/Stockholm_Fashion_Week_street_style_2025_d18789ecf1f63119.jpg,1,#e7e5e1,0.2683083333333333,pastels
data/latest/images/Stockholm_Fashion_Week_street_style_2025_d18789ecf1f63119.jpg,2,#b7c0ca,0.218025,blue/purple
data/latest/images/Stockholm_Fashion_Week_street_style_2025_d18789ecf1f63119.jpg,3,#1f2629,0.216925,neutrals
data/latest/images/Stockholm_Fashion_Week_street_style_2025_d18789ecf1f63119.jpg,4,#495156,0.17426666666666665,blue/purple
data/latest/images/Stockholm_Fashion_Week_street_style_2025_d18789ecf1f63119.jpg,5,#8d928d,0.122475,neutrals
data/latest/images/Seoul_Fashion_Week_street_style_2025_2aeaf2c4d1e60e6b.jpg,1,#c2c3ca,0.407175,neutrals
data/latest/images/Seoul_Fashion_Week_street_style_2025_2aeaf2c4d1e60e6b.jpg,2,#9995a1,0.18793333333333334,neutrals
data/latest/images/Seoul_Fashion_Week_street_style_2025_2aeaf2c4d1e60e6b.jpg,3,#14151a,0.15219166666666667,neutrals
data/latest/images/Seoul_Fashion_Week_street_style_2025_2aeaf2c4d1e60e6b.jpg,4,#35383e,0.14248333333333332,blue/purple
data/latest/images/Seoul_Fashion_Week_street_style_2025_2aeaf2c4d1e60e6b.jpg,5,#6c6066,0.11021666666666667,primary/jewel
data/latest/images/fashion_campaign_2026_21ea50d79c8cd63d.jpg,1,#000a0f,0.65915,neutrals
data/latest/images/fashion_campaign_2026_21ea50d79c8cd63d.jpg,2,#122229,0.16418333333333332,neutrals
data/latest/images/fashion_campaign_2026_21ea50d79c8cd63d.jpg,3,#2f3d42,0.0959,blue/purple
data/latest/images/fashion_campaign_2026_21ea50d79c8cd63d.jpg,4,#9c9a95,0.042791666666666665,neutrals
data/latest/images/fashion_campaign_2026_21ea50d79c8cd63d.jpg,5,#576164,0.037975,blue/purple
data/latest/images/editorial_fashion_2025_e8f7e66af1fcfa87.jpg,1,#0f1219,0.33598333333333336,neutrals
data/latest/images/editorial_fashion_2025_e8f7e66af1fcfa87.jpg,2,#b79583,0.21675833333333333,earth
data/latest/images/editorial_fashion_2025_e8f7e66af1fcfa87.jpg,3,#d7cdca,0.16849166666666668,neutrals
data/latest/images/editorial_fashion_2025_e8f7e66af1fcfa87.jpg,4,#8a655a,0.160275,primary/jewel
data/latest/images/editorial_fashion_2025_e8f7e66af1fcfa87.jpg,5,#483532,0.11849166666666666,primary/jewel
data/latest/images/London_Fashion_Week_runway_2025_1c837228728f4bef.jpg,1,#ad9588,0.3245166666666667,earth
data/latest/images/London_Fashion_Week_runway_2025_1c837228728f4bef.jpg,2,#94796a,0.22240833333333335,earth
data/latest/images/London_Fashion_Week_runway_2025_1c837228728f4bef.jpg,3,#281c0c,0.17756666666666668,neutrals
data/latest/images/London_Fashion_Week_runway_2025_1c837228728f4bef.jpg,4,#574024,0.16740833333333333,earth
data/latest/images/London_Fashion_Week_runway_2025_1c837228728f4bef.jpg,5,#d0c8c8,0.1081,neutrals
data/latest/images/Seoul_Fashion_Week_backstage_2026_b4e9d872952286ca.jpg,1,#120c12,0.5368,neutrals
data/latest/images/Seoul_Fashion_Week_backstage_2026_b4e9d872952286ca.jpg,2,#222125,0.22645833333333334,neutrals
data/latest/images/Seoul_Fashion_Week_backstage_2026_b4e9d872952286ca.jpg,3,#3c3a3e,0.16969166666666666,neutrals
data/latest/images/Seoul_Fashion_Week_backstage_2026_b4e9d872952286ca.jpg,4,#5f5f64,0.05126666666666667,neutrals
data/latest/images/Seoul_Fashion_Week_backstage_2026_b4e9d872952286ca.jpg,5,#a7a7ad,0.015783333333333333,neutrals
data/latest/images/Paris_Fashion_Week_runway_2026_bb96335fcc57636c.jpg,1,#f9f6f7,0.3214166666666667,pastels
data/latest/images/Paris_Fashion_Week_runway_2026_bb96335fcc57636c.jpg,2,#c7c6c4,0.2597,neutrals
data/latest/images/Paris_Fashion_Week_runway_2026_bb96335fcc57636c.jpg,3,#b2a59d,0.25750833333333334,earth
data/latest/images/Paris_Fashion_Week_runway_2026_bb96335fcc57636c.jpg,4,#7c6f69,0.09623333333333334,earth
data/latest/images/Paris_Fashion_Week_runway_2026_bb96335fcc57636c.jpg,5,#2e2c2e,0.06514166666666667,neutrals
data/latest/images/runway_backstage_fashion_2025_e71ac4dd3771c4f1.jpg,1,#f0efed,0.35218333333333335,pastels
data/latest/images/runway_backstage_fashion_2025_e71ac4dd3771c4f1.jpg,2,#0c0d0f,0.304925,neutrals
data/latest/images/runway_backstage_fashion_2025_e71ac4dd3771c4f1.jpg,3,#d3c7b4,0.14551666666666666,earth
data/latest/images/runway_backstage_fashion_2025_e71ac4dd3771c4f1.jpg,4,#5a483e,0.10235,earth
data/latest/images/runway_backstage_fashion_2025_e71ac4dd3771c4f1.jpg,5,#998272,0.095025,earth
data/latest/images/New_York_Fashion_Week_runway_2025_2936fb692c7eeeba.jpg,1,#bcc4c2,0.3950666666666667,neutrals
data/latest/images/New_York_Fashion_Week_runway_2025_2936fb692c7eeeba.jpg,2,#9ba1a2,0.25035,neutrals
data/latest/images/New_York_Fashion_Week_runway_2025_2936fb692c7eeeba.jpg,3,#757b78,0.172975,neutrals
data/latest/images/New_York_Fashion_Week_runway_2025_2936fb692c7eeeba.jpg,4,#5c5045,0.11036666666666667,earth
data/latest/images/New_York_Fashion_Week_runway_2025_2936fb692c7eeeba.jpg,5,#27211e,0.07124166666666666,neutrals
data/latest/images/Milan_Fashion_Week_runway_2025_bee51859f9fd4701.webp,1,#dad7d8,0.5653333333333334,neutrals
data/latest/images/Milan_Fashion_Week_runway_2025_bee51859f9fd4701.webp,2,#b39a84,0.126025,earth
data/latest/images/Milan_Fashion_Week_runway_2025_bee51859f9fd4701.webp,3,#f2eef1,0.11440833333333333,pastels
data/latest/images/Milan_Fashion_Week_runway_2025_bee51859f9fd4701.webp,4,#8c6f56,0.10725,earth
data/latest/images/Milan_Fashion_Week_runway_2025_bee51859f9fd4701.webp,5,#151515,0.08698333333333333,neutrals
data/latest/images/Paris_Fashion_Week_runway_2026_650e2a9829f96970.webp,1,#0f090a,0.4025416666666667,neutrals
data/latest/images/Paris_Fashion_Week_runway_2026_650e2a9829f96970.webp,2,#29181b,0.22861666666666666,neutrals
data/latest/images/Paris_Fashion_Week_runway_2026_650e2a9829f96970.webp,3,#4e3227,0.20551666666666665,earth
data/latest/images/Paris_Fashion_Week_runway_2026_650e2a9829f96970.webp,4,#725143,0.11355833333333333,earth
data/latest/images/Paris_Fashion_Week_runway_2026_650e2a9829f96970.webp,5,#d4a68a,0.04976666666666667,earth
data/latest/images/Sydney_Fashion_Week_runway_2025_02f7ee287988b91a.webp,1,#140a0f,0.36325,neutrals
data/latest/images/Sydney_Fashion_Week_runway_2025_02f7ee287988b91a.webp,2,#acb0c3,0.222725,blue/purple
data/latest/images/Sydney_Fashion_Week_runway_2025_02f7ee287988b91a.webp,3,#9f858f,0.19475,primary/jewel
data/latest/images/Sydney_Fashion_Week_runway_2025_02f7ee287988b91a.webp,4,#624a52,0.121775,primary/jewel
data/latest/images/Sydney_Fashion_Week_runway_2025_02f7ee287988b91a.webp,5,#e73193,0.0975,neon
data/latest/images/Milan_Fashion_Week_runway_2025_d82c0c31f41aa727.jpg,1,#080908,0.5834166666666667,neutrals
data/latest/images/Milan_Fashion_Week_runway_2025_d82c0c31f41aa727.jpg,2,#7b7266,0.143625,earth
data/latest/images/Milan_Fashion_Week_runway_2025_d82c0c31f41aa727.jpg,3,#2f221b,0.12079166666666667,earth
data/latest/images/Milan_Fashion_Week_runway_2025_d82c0c31f41aa727.jpg,4,#544940,0.08798333333333333,earth
data/latest/images/Milan_Fashion_Week_runway_2025_d82c0c31f41aa727.jpg,5,#9c120d,0.06418333333333333,primary/jewel
data/latest/images/New_York_Fashion_Week_runway_2025_ccb934ac33e879b4.jpg,1,#e4e5eb,0.358925,pastels
data/latest/images/New_York_Fashion_Week_runway_2025_ccb934ac33e879b4.jpg,2,#504c55,0.35183333333333333,jewel
data/latest/images/New_York_Fashion_Week_runway_2025_ccb934ac33e879b4.jpg,3,#6a6672,0.18211666666666668,jewel
data/latest/images/New_York_Fashion_Week_runway_2025_ccb934ac33e879b4.jpg,4,#21191e,0.07115833333333334,neutrals
data/latest/images/New_York_Fashion_Week_runway_2025_ccb934ac33e879b4.jpg,5,#c16741,0.03596666666666667,earth
data/latest/images/editorial_fashion_2025_e19ef8f8a067bd9a.jpg,1,#4a3d35,0.3241,earth
data/latest/images/editorial_fashion_2025_e19ef8f8a067bd9a.jpg,2,#705e4f,0.321225,earth
data/latest/images/editorial_fashion_2025_e19ef8f8a067bd9a.jpg,3,#0f0f13,0.172975,neutrals
data/latest/images/editorial_fashion_2025_e19ef8f8a067bd9a.jpg,4,#e1e3e7,0.10069166666666667,pastels
data/latest/images/editorial_fashion_2025_e19ef8f8a067bd9a.jpg,5,#a28073,0.08100833333333333,earth
data/latest/images/Los_Angeles_Fashion_Week_backstage_2026_f2247eeb1cb0a393.jpg,1,#69564b,0.2778583333333333,earth
data/latest/images/Los_Angeles_Fashion_Week_backstage_2026_f2247eeb1cb0a393.jpg,2,#cdbdb9,0.20705833333333334,primary/jewel
data/latest/images/Los_Angeles_Fashion_Week_backstage_2026_f2247eeb1cb0a393.jpg,3,#f5f6f8,0.20551666666666665,pastels
data/latest/images/Los_Angeles_Fashion_Week_backstage_2026_f2247eeb1cb0a393.jpg,4,#927c73,0.2008,earth
data/latest/images/Los_Angeles_Fashion_Week_backstage_2026_f2247eeb1cb0a393.jpg,5,#281d18,0.10876666666666666,neutrals
data/latest/images/New_York_Fashion_Week_runway_2025_7526281d8e9e1a27.jpg,1,#9e8c82,0.24050833333333332,earth
data/latest/images/New_York_Fashion_Week_runway_2025_7526281d8e9e1a27.jpg,2,#c9bbb1,0.23705,earth
data/latest/images/New_York_Fashion_Week_runway_2025_7526281d8e9e1a27.jpg,3,#f5efeb,0.23355833333333334,pastels
data/latest/images/New_York_Fashion_Week_runway_2025_7526281d8e9e1a27.jpg,4,#ac1619,0.16305,primary/jewel
data/latest/images/New_York_Fashion_Week_runway_2025_7526281d8e9e1a27.jpg,5,#291d1a,0.12583333333333332,neutrals
data/latest/images/editorial_fashion_2025_cb024b75ea3ad5aa.jpg,1,#dde0e1,0.740875,neutrals
data/latest/images/editorial_fashion_2025_cb024b75ea3ad5aa.jpg,2,#29201e,0.12271666666666667,neutrals
data/latest/images/editorial_fashion_2025_cb024b75ea3ad5aa.jpg,3,#c79683,0.054775,earth
data/latest/images/editorial_fashion_2025_cb024b75ea3ad5aa.jpg,4,#6c615d,0.045375,earth
data/latest/images/editorial_fashion_2025_cb024b75ea3ad5aa.jpg,5,#b53b3a,0.03625833333333333,primary/jewel
data/latest/images/vogue_runway_emerald_dress_acb98b7e7e86f667.jpg,1,#19322b,0.3687166666666667,green/blue
data/latest/images/vogue_runway_emerald_dress_acb98b7e7e86f667.jpg,2,#0d1614,0.26038333333333336,neutrals
data/latest/images/vogue_runway_emerald_dress_acb98b7e7e86f667.jpg,3,#1d4f3f,0.2511083333333333,green/blue
data/latest/images/vogue_runway_emerald_dress_acb98b7e7e86f667.jpg,4,#2f7562,0.09206666666666667,green/blue
data/latest/images/vogue_runway_emerald_dress_acb98b7e7e86f667.jpg,5,#9fbcac,0.027725,green/blue
data/latest/images/Balmain_burgundy_runway_2025_0dae541fb8a423e2.jpg,1,#d0cfd1,0.4297666666666667,neutrals
data/latest/images/Balmain_burgundy_runway_2025_0dae541fb8a423e2.jpg,2,#e1e0e4,0.3773166666666667,neutrals
data/latest/images/Balmain_burgundy_runway_2025_0dae541fb8a423e2.jpg,3,#c11830,0.13151666666666667,neon
data/latest/images/Balmain_burgundy_runway_2025_0dae541fb8a423e2.jpg,4,#e24560,0.034166666666666665,primary/jewel
data/latest/images/Balmain_burgundy_runway_2025_0dae541fb8a423e2.jpg,5,#452e2a,0.02723333333333333,primary/jewel
data/latest/images/vogue_runway_emerald_dress_97315d19c69176cb.jpg,1,#3e2a10,0.413925,earth
data/latest/images/vogue_runway_emerald_dress_97315d19c69176cb.jpg,2,#19140c,0.3157083333333333,neutrals
data/latest/images/vogue_runway_emerald_dress_97315d19c69176cb.jpg,3,#38561d,0.155025,green/blue
data/latest/images/vogue_runway_emerald_dress_97315d19c69176cb.jpg,4,#374c6a,0.0794,blue/purple
data/latest/images/vogue_runway_emerald_dress_97315d19c69176cb.jpg,5,#d8c7b5,0.03594166666666666,earth
data/latest/images/Seoul_Fashion_Week_street_style_2025_b8515803100a27b0.jpg,1,#d1d2d4,0.2800666666666667,neutrals
data/latest/images/Seoul_Fashion_Week_street_style_2025_b8515803100a27b0.jpg,2,#192020,0.23118333333333332,neutrals
data/latest/images/Seoul_Fashion_Week_street_style_2025_b8515803100a27b0.jpg,3,#3c413e,0.21629166666666666,neutrals
data/latest/images/Seoul_Fashion_Week_street_style_2025_b8515803100a27b0.jpg,4,#64686b,0.15965,neutrals
data/latest/images/Seoul_Fashion_Week_street_style_2025_b8515803100a27b0.jpg,5,#9199a0,0.11280833333333333,blue/purple
data/latest/images/Balmain_burgundy_runway_2025_17e1c1ef7bf4dc22.jpg,1,#631821,0.23445,primary/jewel
data/latest/images/Balmain_burgundy_runway_2025_17e1c1ef7bf4dc22.jpg,2,#664e3a,0.2088,earth
data/latest/images/Balmain_burgundy_runway_2025_17e1c1ef7bf4dc22.jpg,3,#a97c5e,0.19855833333333334,earth
data/latest/images/Balmain_burgundy_runway_2025_17e1c1ef7bf4dc22.jpg,4,#261a16,0.19783333333333333,neutrals
data/latest/images/Balmain_burgundy_runway_2025_17e1c1ef7bf4dc22.jpg,5,#9f2842,0.16035833333333332,primary/jewel
data/latest/images/Copenhagen_Fashion_Week_street_style_2026_d54474bb15f31856.jpg,1,#dcdedb,0.34124166666666667,neutrals
data/latest/images/Copenhagen_Fashion_Week_street_style_2026_d54474bb15f31856.jpg,2,#53575f,0.21548333333333333,blue/purple
data/latest/images/Copenhagen_Fashion_Week_street_style_2026_d54474bb15f31856.jpg,3,#2a2d32,0.16845833333333332,blue/purple
data/latest/images/Copenhagen_Fashion_Week_street_style_2026_d54474bb15f31856.jpg,4,#7f848c,0.14116666666666666,blue/purple
data/latest/images/Copenhagen_Fashion_Week_street_style_2026_d54474bb15f31856.jpg,5,#afb5b9,0.13365,neutrals
data/latest/images/Milan_Fashion_Week_runway_2026_8f6b9baccc13b18a.webp,1,#383333,0.42623333333333335,primary/jewel
data/latest/images/Milan_Fashion_Week_runway_2026_8f6b9baccc13b18a.webp,2,#291e1b,0.3033,neutrals
data/latest/images/Milan_Fashion_Week_runway_2026_8f6b9baccc13b18a.webp,3,#734e3c,0.09949166666666667,earth
data/latest/images/Milan_Fashion_Week_runway_2026_8f6b9baccc13b18a.webp,4,#b57d5b,0.08650833333333334,earth
data/latest/images/Milan_Fashion_Week_runway_2026_8f6b9baccc13b18a.webp,5,#d0b38d,0.08446666666666666,earth
data/latest/images/fashion_campaign_2026_aeabaa1f4cb5a394.jpg,1,#392f29,0.26693333333333336,earth
data/latest/images/fashion_campaign_2026_aeabaa1f4cb5a394.jpg,2,#0f0f13,0.23506666666666667,neutrals
data/latest/images/fashion_campaign_2026_aeabaa1f4cb5a394.jpg,3,#66573b,0.20988333333333334,earth
data/latest/images/fashion_campaign_2026_aeabaa1f4cb5a394.jpg,4,#a1876c,0.15895833333333334,earth
data/latest/images/fashion_campaign_2026_aeabaa1f4cb5a394.jpg,5,#cbd1cb,0.12915833333333335,neutrals
data/latest/images/Seoul_Fashion_Week_street_style_2025_0b95a7c108f70079.jpg,1,#060b0c,0.681375,neutrals
data/latest/images/Seoul_Fashion_Week_street_style_2025_0b95a7c108f70079.jpg,2,#2a2b31,0.09916666666666667,blue/purple
data/latest/images/Seoul_Fashion_Week_street_style_2025_0b95a7c108f70079.jpg,3,#5b5565,0.07560833333333333,jewel
data/latest/images/Seoul_Fashion_Week_street_style_2025_0b95a7c108f70079.jpg,4,#918896,0.07501666666666666,jewel
data/latest/images/Seoul_Fashion_Week_street_style_2025_0b95a7c108f70079.jpg,5,#d0c7d1,0.06883333333333333,neutrals
data/latest/images/lookbook_fashion_2026_4d1cf245b7bba47d.jpg,1,#544d53,0.26819166666666666,primary/jewel
data/latest/images/lookbook_fashion_2026_4d1cf245b7bba47d.jpg,2,#393539,0.25035833333333335,neutrals
data/latest/images/lookbook_fashion_2026_4d1cf245b7bba47d.jpg,3,#44517c,0.20349166666666665,blue/purple
data/latest/images/lookbook_fashion_2026_4d1cf245b7bba47d.jpg,4,#9396a8,0.17369166666666666,blue/purple
data/latest/images/lookbook_fashion_2026_4d1cf245b7bba47d.jpg,5,#bbbed1,0.10426666666666666,blue/purple
data/latest/images/Los_Angeles_Fashion_Week_backstage_2026_6c2833af2a45c4f5.jpg,1,#13191e,0.31250833333333333,neutrals
data/latest/images/Los_Angeles_Fashion_Week_backstage_2026_6c2833af2a45c4f5.jpg,2,#e5e1e4,0.2643583333333333,neutrals
data/latest/images/Los_Angeles_Fashion_Week_backstage_2026_6c2833af2a45c4f5.jpg,3,#ebc58d,0.19954166666666667,earth
data/latest/images/Los_Angeles_Fashion_Week_backstage_2026_6c2833af2a45c4f5.jpg,4,#b8937f,0.12889166666666665,earth
data/latest/images/Los_Angeles_Fashion_Week_backstage_2026_6c2833af2a45c4f5.jpg,5,#795645,0.0947,earth
data/latest/images/vogue_runway_emerald_dress_74f33e0d0a69054b.jpg,1,#939393,0.34005833333333335,neutrals
data/latest/images/vogue_runway_emerald_dress_74f33e0d0a69054b.jpg,2,#7c604f,0.23465833333333333,earth
data/latest/images/vogue_runway_emerald_dress_74f33e0d0a69054b.jpg,3,#4e4035,0.19663333333333333,earth
data/latest/images/vogue_runway_emerald_dress_74f33e0d0a69054b.jpg,4,#241f17,0.17695,neutrals
data/latest/images/vogue_runway_emerald_dress_74f33e0d0a69054b.jpg,5,#d7bfa8,0.0517,earth
data/latest/images/Copenhagen_Fashion_Week_street_style_2026_178766bbe6e6d3b0.jpg,1,#3e4246,0.34513333333333335,blue/purple
data/latest/images/Copenhagen_Fashion_Week_street_style_2026_178766bbe6e6d3b0.jpg,2,#9ba2a5,0.2048,neutrals
data/latest/images/Copenhagen_Fashion_Week_street_style_2026_178766bbe6e6d3b0.jpg,3,#1e2225,0.1689,neutrals
data/latest/images/Copenhagen_Fashion_Week_street_style_2026_178766bbe6e6d3b0.jpg,4,#666c6c,0.14106666666666667,neutrals
data/latest/images/Copenhagen_Fashion_Week_street_style_2026_178766bbe6e6d3b0.jpg,5,#cad1d4,0.1401,neutrals
data/latest/images/New_York_Fashion_Week_street_style_2025_3e308be908045814.jpg,1,#a2b6c3,0.48075833333333334,blue/purple
data/latest/images/New_York_Fashion_Week_street_style_2025_3e308be908045814.jpg,2,#889fad,0.22884166666666667,blue/purple
data/latest/images/New_York_Fashion_Week_street_style_2025_3e308be908045814.jpg,3,#100f10,0.17103333333333334,neutrals
data/latest/images/New_York_Fashion_Week_street_style_2025_3e308be908045814.jpg,4,#3d2b2a,0.08325833333333334,primary/jewel
data/latest/images/New_York_Fashion_Week_street_style_2025_3e308be908045814.jpg,5,#85564d,0.03610833333333333,primary/jewel
data/latest/images/London_Fashion_Week_runway_2025_f0771f7f7a39ac99.jpg,1,#06090d,0.303825,neutrals
data/latest/images/London_Fashion_Week_runway_2025_f0771f7f7a39ac99.jpg,2,#b8a4a7,0.20933333333333334,primary/jewel
data/latest/images/London_Fashion_Week_runway_2025_f0771f7f7a39ac99.jpg,3,#81686f,0.2012,primary/jewel
data/latest/images/London_Fashion_Week_runway_2025_f0771f7f7a39ac99.jpg,4,#e8e9ea,0.18805,pastels
data/latest/images/London_Fashion_Week_runway_2025_f0771f7f7a39ac99.jpg,5,#3a322f,0.09759166666666666,earth
data/latest/images/Copenhagen_Fashion_Week_street_style_2026_c66a94584acff6c3.jpg,1,#56585b,0.32055833333333333,neutrals
data/latest/images/Copenhagen_Fashion_Week_street_style_2026_c66a94584acff6c3.jpg,2,#747474,0.28078333333333333,neutrals
data/latest/images/Copenhagen_Fashion_Week_street_style_2026_c66a94584acff6c3.jpg,3,#969690,0.22858333333333333,neutrals
data/latest/images/Copenhagen_Fashion_Week_street_style_2026_c66a94584acff6c3.jpg,4,#3e3b3a,0.10250833333333334,neutrals
data/latest/images/Copenhagen_Fashion_Week_street_style_2026_c66a94584acff6c3.jpg,5,#1a1a1a,0.06756666666666666,neutrals
data/latest/images/vogue_runway_emerald_dress_8a69375e2f47ed37.jpg,1,#0a0f0b,0.24128333333333332,neutrals
data/latest/images/vogue_runway_emerald_dress_8a69375e2f47ed37.jpg,2,#666562,0.23214166666666666,neutrals
data/latest/images/vogue_runway_emerald_dress_8a69375e2f47ed37.jpg,3,#949093,0.20056666666666667,neutrals
data/latest/images/vogue_runway_emerald_dress_8a69375e2f47ed37.jpg,4,#c7c1c7,0.19574166666666667,neutrals
data/latest/images/vogue_runway_emerald_dress_8a69375e2f47ed37.jpg,5,#3c3c34,0.13026666666666667,earth
data/latest/images/London_Fashion_Week_street_style_2025_6a11f4b563b2627c.jpg,1,#a09f9a,0.33564166666666667,neutrals
data/latest/images/London_Fashion_Week_street_style_2025_6a11f4b563b2627c.jpg,2,#887462,0.2161,earth
data/latest/images/London_Fashion_Week_street_style_2025_6a11f4b563b2627c.jpg,3,#53463e,0.172975,earth
data/latest/images/London_Fashion_Week_street_style_2025_6a11f4b563b2627c.jpg,4,#2b2226,0.163025,neutrals
data/latest/images/London_Fashion_Week_street_style_2025_6a11f4b563b2627c.jpg,5,#e3e2da,0.11225833333333333,neutrals
data/latest/images/Seoul_Fashion_Week_runway_2026_0581854661d8b7c8.jpg,1,#45464c,0.38300833333333334,blue/purple
data/latest/images/Seoul_Fashion_Week_runway_2026_0581854661d8b7c8.jpg,2,#938c8e,0.25935833333333336,neutrals
data/latest/images/Seoul_Fashion_Week_runway_2026_0581854661d8b7c8.jpg,3,#766e6c,0.1934,primary/jewel
data/latest/images/Seoul_Fashion_Week_runway_2026_0581854661d8b7c8.jpg,4,#c1ab97,0.14498333333333333,earth
data/latest/images/Seoul_Fashion_Week_runway_2026_0581854661d8b7c8.jpg,5,#120e0b,0.01925,neutrals
data/latest/images/London_Fashion_Week_runway_2025_15c13294255128eb.jpg,1,#9d8170,0.3834666666666667,earth
data/latest/images/London_Fashion_Week_runway_2025_15c13294255128eb.jpg,2,#443117,0.19320833333333334,earth
data/latest/images/London_Fashion_Week_runway_2025_15c13294255128eb.jpg,3,#78543a,0.149125,earth
data/latest/images/London_Fashion_Week_runway_2025_15c13294255128eb.jpg,4,#ccc4c0,0.1401,neutrals
data/latest/images/London_Fashion_Week_runway_2025_15c13294255128eb.jpg,5,#1f1609,0.1341,neutrals
data/latest/images/vogue_runway_emerald_dress_dde6447715af8237.jpg,1,#eeddc5,0.33426666666666666,pastels
data/latest/images/vogue_runway_emerald_dress_dde6447715af8237.jpg,2,#1fa130,0.18270833333333333,green/blue
data/latest/images/vogue_runway_emerald_dress_dde6447715af8237.jpg,3,#b89675,0.16810833333333333,earth
data/latest/images/vogue_runway_emerald_dress_dde6447715af8237.jpg,4,#5a4e39,0.15999166666666667,earth
data/latest/images/vogue_runway_emerald_dress_dde6447715af8237.jpg,5,#181917,0.154925,neutrals
data/latest/images/Stockholm_Fashion_Week_street_style_2025_4a830cf23b9c8907.jpg,1,#b0bfbf,0.30193333333333333,neutrals
data/latest/images/Stockholm_Fashion_Week_street_style_2025_4a830cf23b9c8907.jpg,2,#1e2629,0.20521666666666666,neutrals
data/latest/images/Stockholm_Fashion_Week_street_style_2025_4a830cf23b9c8907.jpg,3,#505e60,0.18258333333333332,blue/purple
data/latest/images/Stockholm_Fashion_Week_street_style_2025_4a830cf23b9c8907.jpg,4,#899da2,0.16058333333333333,blue/purple
data/latest/images/Stockholm_Fashion_Week_street_style_2025_4a830cf23b9c8907.jpg,5,#667a7f,0.14968333333333333,blue/purple
data/latest/images/fashion_campaign_2026_bcc20dc0d0a16e6a.jpg,1,#cac2b8,0.2705666666666667,earth
data/latest/images/fashion_campaign_2026_bcc20dc0d0a16e6a.jpg,2,#8d775a,0.26893333333333336,earth
data/latest/images/fashion_campaign_2026_bcc20dc0d0a16e6a.jpg,3,#10120b,0.19660833333333333,neutrals
data/latest/images/fashion_campaign_2026_bcc20dc0d0a16e6a.jpg,4,#a69f97,0.16700833333333334,earth
data/latest/images/fashion_campaign_2026_bcc20dc0d0a16e6a.jpg,5,#4b402f,0.09688333333333334,earth
data/latest/images/lookbook_fashion_2025_6173be83f069e1c5.jpg,1,#d4c4a6,0.387225,earth
data/latest/images/lookbook_fashion_2025_6173be83f069e1c5.jpg,2,#201716,0.19455,neutrals
data/latest/images/lookbook_fashion_2025_6173be83f069e1c5.jpg,3,#69433a,0.183625,primary/jewel
data/latest/images/lookbook_fashion_2025_6173be83f069e1c5.jpg,4,#a3896e,0.12295,earth
data/latest/images/lookbook_fashion_2025_6173be83f069e1c5.jpg,5,#f8f8f8,0.11165,pastels
data/latest/images/Sydney_Fashion_Week_backstage_2025_d797656057142ca7.webp,1,#07090b,0.63485,neutrals
data/latest/images/Sydney_Fashion_Week_backstage_2025_d797656057142ca7.webp,2,#262324,0.17850833333333332,neutrals
data/latest/images/Sydney_Fashion_Week_backstage_2025_d797656057142ca7.webp,3,#dcccc8,0.08231666666666666,primary/jewel
data/latest/images/Sydney_Fashion_Week_backstage_2025_d797656057142ca7.webp,4,#ba9180,0.061516666666666664,earth
data/latest/images/Sydney_Fashion_Week_backstage_2025_d797656057142ca7.webp,5,#6d5652,0.04280833333333333,primary/jewel
data/latest/images/vogue_runway_emerald_dress_37e52eeaf6d4b557.jpg,1,#939495,0.25069166666666665,neutrals
data/latest/images/vogue_runway_emerald_dress_37e52eeaf6d4b557.jpg,2,#131618,0.24906666666666666,neutrals
data/latest/images/vogue_runway_emerald_dress_37e52eeaf6d4b557.jpg,3,#6c6c63,0.19794166666666665,earth
data/latest/images/vogue_runway_emerald_dress_37e52eeaf6d4b557.jpg,4,#3a413c,0.17213333333333333,green/blue
data/latest/images/vogue_runway_emerald_dress_37e52eeaf6d4b557.jpg,5,#c1bab8,0.13016666666666668,neutrals
data/latest/images/New_York_Fashion_Week_runway_2025_1d70f0cf6d77eecc.jpg,1,#766e8d,0.2700666666666667,jewel
data/latest/images/New_York_Fashion_Week_runway_2025_1d70f0cf6d77eecc.jpg,2,#dfe2e7,0.26069166666666665,pastels
data/latest/images/New_York_Fashion_Week_runway_2025_1d70f0cf6d77eecc.jpg,3,#38303a,0.25674166666666665,primary/jewel
data/latest/images/New_York_Fashion_Week_runway_2025_1d70f0cf6d77eecc.jpg,4,#162875,0.16536666666666666,blue/purple
data/latest/images/New_York_Fashion_Week_runway_2025_1d70f0cf6d77eecc.jpg,5,#d76c42,0.04713333333333333,earth
data/latest/images/Stockholm_Fashion_Week_street_style_2026_a8992111bbef0dba.png,1,#3c3129,0.32656666666666667,earth
data/latest/images/Stockholm_Fashion_Week_street_style_2026_a8992111bbef0dba.png,2,#695c55,0.214525,earth
data/latest/images/Stockholm_Fashion_Week_street_style_2026_a8992111bbef0dba.png,3,#a07973,0.170625,primary/jewel
data/latest/images/Stockholm_Fashion_Week_street_style_2026_a8992111bbef0dba.png,4,#201b1b,0.15380833333333332,neutrals
data/latest/images/Stockholm_Fashion_Week_street_style_2026_a8992111bbef0dba.png,5,#b3a8ac,0.134475,neutrals
data/latest/images/lookbook_fashion_2026_d5ef83720db0aeb9.jpg,1,#f3f0f7,0.34479166666666666,pastels
data/latest/images/lookbook_fashion_2026_d5ef83720db0aeb9.jpg,2,#d9cdd6,0.30264166666666664,neutrals
data/latest/images/lookbook_fashion_2026_d5ef83720db0aeb9.jpg,3,#1f1a20,0.15743333333333334,neutrals
data/latest/images/lookbook_fashion_2026_d5ef83720db0aeb9.jpg,4,#4a3e3e,0.0976,primary/jewel
data/latest/images/lookbook_fashion_2026_d5ef83720db0aeb9.jpg,5,#9a8a7d,0.09753333333333333,earth
data/latest/images/lookbook_fashion_2026_3921efc751ade2f1.jpg,1,#0b0809,0.34315833333333334,neutrals
data/latest/images/lookbook_fashion_2026_3921efc751ade2f1.jpg,2,#fafcfc,0.33471666666666666,pastels
data/latest/images/lookbook_fashion_2026_3921efc751ade2f1.jpg,3,#b7aca1,0.11420833333333333,earth
data/latest/images/lookbook_fashion_2026_3921efc751ade2f1.jpg,4,#3d3630,0.11221666666666667,earth
data/latest/images/lookbook_fashion_2026_3921efc751ade2f1.jpg,5,#877361,0.0957,earth
data/latest/images/Tokyo_Fashion_Week_street_style_2025_da40021e265f7a68.jpg,1,#e7eaef,0.43838333333333335,pastels
data/latest/images/Tokyo_Fashion_Week_street_style_2025_da40021e265f7a68.jpg,2,#b6b6bc,0.2028,neutrals
data/latest/images/Tokyo_Fashion_Week_street_style_2025_da40021e265f7a68.jpg,3,#15151f,0.15700833333333333,neutrals
data/latest/images/Tokyo_Fashion_Week_street_style_2025_da40021e265f7a68.jpg,4,#765b54,0.101475,primary/jewel
data/latest/images/Tokyo_Fashion_Week_street_style_2025_da40021e265f7a68.jpg,5,#dc8553,0.10033333333333333,earth
data/latest/images/runway_fashion_2025_892a9d4e5c90aeed.jpg,1,#7c7585,0.31265,jewel
data/latest/images/runway_fashion_2025_892a9d4e5c90aeed.jpg,2,#050510,0.195625,neutrals
data/latest/images/runway_fashion_2025_892a9d4e5c90aeed.jpg,3,#3d3b52,0.187575,blue/purple
data/latest/images/runway_fashion_2025_892a9d4e5c90aeed.jpg,4,#c5b7bc,0.15895833333333334,neutrals
data/latest/images/runway_fashion_2025_892a9d4e5c90aeed.jpg,5,#2059e6,0.14519166666666666,neon
data/latest/images/Tokyo_Fashion_Week_street_style_2025_149512b8a35e58b4.png,1,#1a1b1c,0.29099166666666665,neutrals
data/latest/images/Tokyo_Fashion_Week_street_style_2025_149512b8a35e58b4.png,2,#d3d5d3,0.28280833333333333,neutrals
data/latest/images/Tokyo_Fashion_Week_street_style_2025_149512b8a35e58b4.png,3,#f0e668,0.241175,earth
data/latest/images/Tokyo_Fashion_Week_street_style_2025_149512b8a35e58b4.png,4,#514036,0.145875,earth
data/latest/images/Tokyo_Fashion_Week_street_style_2025_149512b8a35e58b4.png,5,#9e8376,0.03915,earth
data/latest/images/Chanel_haute_couture_2020_3b2012db2fbf61ba.jpg,1,#c1b1a7,0.3244416666666667,earth
data/latest/images/Chanel_haute_couture_2020_3b2012db2fbf61ba.jpg,2,#484326,0.21205833333333332,earth
data/latest/images/Chanel_haute_couture_2020_3b2012db2fbf61ba.jpg,3,#a28e7b,0.1681,earth
data/latest/images/Chanel_haute_couture_2020_3b2012db2fbf61ba.jpg,4,#1f191e,0.15534166666666666,neutrals
data/latest/images/Chanel_haute_couture_2020_3b2012db2fbf61ba.jpg,5,#71663c,0.14005833333333334,earth
data/latest/images/leopard_print_runway_1990s_0a5c9d07ce7ad64a.png,1,#826b5f,0.2986666666666667,earth
data/latest/images/leopard_print_runway_1990s_0a5c9d07ce7ad64a.png,2,#634634,0.287025,earth
data/latest/images/leopard_print_runway_1990s_0a5c9d07ce7ad64a.png,3,#b58f76,0.20613333333333334,earth
data/latest/images/leopard_print_runway_1990s_0a5c9d07ce7ad64a.png,4,#30211e,0.11274166666666667,primary/jewel
data/latest/images/leopard_print_runway_1990s_0a5c9d07ce7ad64a.png,5,#d9d9c7,0.09543333333333333,earth
data/latest/images/New_York_Fashion_Week_street_style_2025_c52441d6520e2107.jpg,1,#f6f9f8,0.2678,pastels
data/latest/images/New_York_Fashion_Week_street_style_2025_c52441d6520e2107.jpg,2,#1b1c1d,0.22365833333333332,neutrals
data/latest/images/New_York_Fashion_Week_street_style_2025_c52441d6520e2107.jpg,3,#44423d,0.21383333333333332,earth
data/latest/images/New_York_Fashion_Week_street_style_2025_c52441d6520e2107.jpg,4,#8d7a6b,0.16785833333333333,earth
data/latest/images/New_York_Fashion_Week_street_style_2025_c52441d6520e2107.jpg,5,#bdab9c,0.12685,earth
data/latest/images/Chanel_haute_couture_2020_22c92db489380601.jpg,1,#b0afb3,0.36605,neutrals
data/latest/images/Chanel_haute_couture_2020_22c92db489380601.jpg,2,#ccd6e8,0.227,pastels
data/latest/images/Chanel_haute_couture_2020_22c92db489380601.jpg,3,#8f8b88,0.19750833333333334,neutrals
data/latest/images/Chanel_haute_couture_2020_22c92db489380601.jpg,4,#0a0d10,0.13968333333333333,neutrals
data/latest/images/Chanel_haute_couture_2020_22c92db489380601.jpg,5,#575048,0.06975833333333334,earth
data/latest/images/runway_backstage_fashion_2025_8cdab91c0b04b056.jpg,1,#e5e9ea,0.4603583333333333,pastels
data/latest/images/runway_backstage_fashion_2025_8cdab91c0b04b056.jpg,2,#1c1c1e,0.28555,neutrals
data/latest/images/runway_backstage_fashion_2025_8cdab91c0b04b056.jpg,3,#d0bfb3,0.1262,earth
data/latest/images/runway_backstage_fashion_2025_8cdab91c0b04b056.jpg,4,#ad8c77,0.08006666666666666,earth
data/latest/images/runway_backstage_fashion_2025_8cdab91c0b04b056.jpg,5,#5f4f44,0.047825,earth
data/latest/images/Sydney_Fashion_Week_runway_2025_02eb63f903f9e26a.jpg,1,#ac9b81,0.29215833333333335,earth
data/latest/images/Sydney_Fashion_Week_runway_2025_02eb63f903f9e26a.jpg,2,#8b785c,0.224475,earth
data/latest/images/Sydney_Fashion_Week_runway_2025_02eb63f903f9e26a.jpg,3,#dac2a4,0.20735833333333334,earth
data/latest/images/Sydney_Fashion_Week_runway_2025_02eb63f903f9e26a.jpg,4,#655039,0.16340833333333332,earth
data/latest/images/Sydney_Fashion_Week_runway_2025_02eb63f903f9e26a.jpg,5,#31261b,0.1126,earth
data/latest/images/Copenhagen_Fashion_Week_street_style_2026_ff54aeb17dc2a03b.jpg,1,#a3acb5,0.30709166666666665,blue/purple
data/latest/images/Copenhagen_Fashion_Week_street_style_2026_ff54aeb17dc2a03b.jpg,2,#c4ccd4,0.281675,neutrals
data/latest/images/Copenhagen_Fashion_Week_street_style_2026_ff54aeb17dc2a03b.jpg,3,#171f18,0.1825,neutrals
data/latest/images/Copenhagen_Fashion_Week_street_style_2026_ff54aeb17dc2a03b.jpg,4,#73767a,0.11470833333333333,neutrals
data/latest/images/Copenhagen_Fashion_Week_street_style_2026_ff54aeb17dc2a03b.jpg,5,#3b423d,0.114025,green/blue
data/latest/images/Seoul_Fashion_Week_street_style_2025_231735a469bcb209.png,1,#d4e1e8,0.3582416666666667,pastels
data/latest/images/Seoul_Fashion_Week_street_style_2025_231735a469bcb209.png,2,#04101b,0.2811166666666667,neutrals
data/latest/images/Seoul_Fashion_Week_street_style_2025_231735a469bcb209.png,3,#a5b7c1,0.17729166666666665,blue/purple
data/latest/images/Seoul_Fashion_Week_street_style_2025_231735a469bcb209.png,4,#223c53,0.10893333333333333,blue/purple
data/latest/images/Seoul_Fashion_Week_street_style_2025_231735a469bcb209.png,5,#69808d,0.07441666666666667,blue/purple
data/latest/images/Milan_Fashion_Week_runway_2025_c0bf510edc640893.jpg,1,#ae999e,0.36544166666666666,primary/jewel
data/latest/images/Milan_Fashion_Week_runway_2025_c0bf510edc640893.jpg,2,#c38b75,0.22186666666666666,earth
data/latest/images/Milan_Fashion_Week_runway_2025_c0bf510edc640893.jpg,3,#292529,0.207425,neutrals
data/latest/images/Milan_Fashion_Week_runway_2025_c0bf510edc640893.jpg,4,#82615e,0.12086666666666666,primary/jewel
data/latest/images/Milan_Fashion_Week_runway_2025_c0bf510edc640893.jpg,5,#cfc7d3,0.0844,neutrals
data/latest/images/Gucci_Fall_2013_runway_f4d82b6ea34d687a.jpg,1,#080c11,0.495375,neutrals
data/latest/images/Gucci_Fall_2013_runway_f4d82b6ea34d687a.jpg,2,#17161c,0.3924416666666667,neutrals
data/latest/images/Gucci_Fall_2013_runway_f4d82b6ea34d687a.jpg,3,#332f35,0.08214166666666667,jewel
data/latest/images/Gucci_Fall_2013_runway_f4d82b6ea34d687a.jpg,4,#796869,0.018225,primary/jewel
data/latest/images/Gucci_Fall_2013_runway_f4d82b6ea34d687a.jpg,5,#d2b4aa,0.011816666666666666,earth
data/latest/images/Tokyo_Fashion_Week_backstage_2025_5331eac97c751671.jpg,1,#dbddd6,0.28995,neutrals
data/latest/images/Tokyo_Fashion_Week_backstage_2025_5331eac97c751671.jpg,2,#8c3f22,0.20685833333333334,earth
data/latest/images/Tokyo_Fashion_Week_backstage_2025_5331eac97c751671.jpg,3,#2c1614,0.191575,neutrals
data/latest/images/Tokyo_Fashion_Week_backstage_2025_5331eac97c751671.jpg,4,#a5907d,0.18259166666666668,earth
data/latest/images/Tokyo_Fashion_Week_backstage_2025_5331eac97c751671.jpg,5,#e28a35,0.129025,neon
data/latest/images/editorial_fashion_2025_5553afba427f7cb3.webp,1,#060a10,0.3766583333333333,neutrals
data/latest/images/editorial_fashion_2025_5553afba427f7cb3.webp,2,#b7b89c,0.27800833333333336,earth
data/latest/images/editorial_fashion_2025_5553afba427f7cb3.webp,3,#868979,0.16753333333333334,earth
data/latest/images/editorial_fashion_2025_5553afba427f7cb3.webp,4,#3f4b56,0.1157,blue/purple
data/latest/images/editorial_fashion_2025_5553afba427f7cb3.webp,5,#ecefdd,0.0621,pastels
data/latest/images/vogue_runway_emerald_dress_0941542a0f475960.jpg,1,#4f4f39,0.29010833333333336,earth
data/latest/images/vogue_runway_emerald_dress_0941542a0f475960.jpg,2,#383423,0.27035,earth
data/latest/images/vogue_runway_emerald_dress_0941542a0f475960.jpg,3,#696c52,0.19495833333333334,earth
data/latest/images/vogue_runway_emerald_dress_0941542a0f475960.jpg,4,#1b1d13,0.17540833333333333,neutrals
data/latest/images/vogue_runway_emerald_dress_0941542a0f475960.jpg,5,#aba483,0.069175,earth
data/latest/images/Los_Angeles_Fashion_Week_backstage_2026_2f6afcba07905af8.jpg,1,#050608,0.69845,neutrals
data/latest/images/Los_Angeles_Fashion_Week_backstage_2026_2f6afcba07905af8.jpg,2,#372a2a,0.093325,primary/jewel
data/latest/images/Los_Angeles_Fashion_Week_backstage_2026_2f6afcba07905af8.jpg,3,#786567,0.08218333333333333,primary/jewel
data/latest/images/Los_Angeles_Fashion_Week_backstage_2026_2f6afcba07905af8.jpg,4,#aaa2a8,0.06951666666666667,neutrals
data/latest/images/Los_Angeles_Fashion_Week_backstage_2026_2f6afcba07905af8.jpg,5,#f7f7f7,0.056525,pastels
data/latest/images/Stockholm_Fashion_Week_street_style_2026_ff54aeb17dc2a03b.jpg,1,#a3acb5,0.30709166666666665,blue/purple
data/latest/images/Stockholm_Fashion_Week_street_style_2026_ff54aeb17dc2a03b.jpg,2,#c4ccd4,0.281675,neutrals
data/latest/images/Stockholm_Fashion_Week_street_style_2026_ff54aeb17dc2a03b.jpg,3,#171f18,0.1825,neutrals
data/latest/images/Stockholm_Fashion_Week_street_style_2026_ff54aeb17dc2a03b.jpg,4,#73767a,0.11470833333333333,neutrals
data/latest/images/Stockholm_Fashion_Week_street_style_2026_ff54aeb17dc2a03b.jpg,5,#3b423d,0.114025,green/blue
data/latest/images/Paris_Fashion_Week_runway_2026_3c222ad96a97f635.jpg,1,#f0f6fa,0.4509416666666667,pastels
data/latest/images/Paris_Fashion_Week_runway_2026_3c222ad96a97f635.jpg,2,#a1aaba,0.243,blue/purple
data/latest/images/Paris_Fashion_Week_runway_2026_3c222ad96a97f635.jpg,3,#7e6162,0.14969166666666667,primary/jewel
data/latest/images/Paris_Fashion_Week_runway_2026_3c222ad96a97f635.jpg,4,#211d21,0.11356666666666666,neutrals
data/latest/images/Paris_Fashion_Week_runway_2026_3c222ad96a97f635.jpg,5,#e7961e,0.0428,neon
data/latest/images/New_York_Fashion_Week_runway_2025_99ca2c0184b3e1ba.jpg,1,#050608,0.5782083333333333,neutrals
data/latest/images/New_York_Fashion_Week_runway_2025_99ca2c0184b3e1ba.jpg,2,#222228,0.1706,neutrals
data/latest/images/New_York_Fashion_Week_runway_2025_99ca2c0184b3e1ba.jpg,3,#3c3a43,0.154025,blue/purple
data/latest/images/New_York_Fashion_Week_runway_2025_99ca2c0184b3e1ba.jpg,4,#846c64,0.04945833333333333,earth
data/latest/images/New_York_Fashion_Week_runway_2025_99ca2c0184b3e1ba.jpg,5,#b9abb4,0.04770833333333333,neutrals
data/latest/images/Seoul_Fashion_Week_backstage_2026_9c8be175b116bf79.jpg,1,#bab7bc,0.35581666666666667,neutrals
data/latest/images/Seoul_Fashion_Week_backstage_2026_9c8be175b116bf79.jpg,2,#937e78,0.19089166666666665,primary/jewel
data/latest/images/Seoul_Fashion_Week_backstage_2026_9c8be175b116bf79.jpg,3,#291a17,0.18625833333333333,neutrals
data/latest/images/Seoul_Fashion_Week_backstage_2026_9c8be175b116bf79.jpg,4,#714631,0.16508333333333333,earth
data/latest/images/Seoul_Fashion_Week_backstage_2026_9c8be175b116bf79.jpg,5,#d88035,0.10195,neon
data/latest/images/Chanel_haute_couture_2020_a3d6794e39191cc2.jpg,1,#c4d8dc,0.25605,blue/purple
data/latest/images/Chanel_haute_couture_2020_a3d6794e39191cc2.jpg,2,#3f493b,0.22405833333333333,green/blue
data/latest/images/Chanel_haute_couture_2020_a3d6794e39191cc2.jpg,3,#707366,0.18605,earth
data/latest/images/Chanel_haute_couture_2020_a3d6794e39191cc2.jpg,4,#1b201e,0.17438333333333333,neutrals
data/latest/images/Chanel_haute_couture_2020_a3d6794e39191cc2.jpg,5,#a7a69e,0.15945833333333334,neutrals
data/latest/images/Chanel_haute_couture_2020_6df5a8c01c03d452.jpg,1,#9c989b,0.37840833333333335,neutrals
data/latest/images/Chanel_haute_couture_2020_6df5a8c01c03d452.jpg,2,#7a7472,0.23514166666666667,neutrals
data/latest/images/Chanel_haute_couture_2020_6df5a8c01c03d452.jpg,3,#1c1d23,0.15801666666666667,neutrals
data/latest/images/Chanel_haute_couture_2020_6df5a8c01c03d452.jpg,4,#4e4b47,0.13225,earth
data/latest/images/Chanel_haute_couture_2020_6df5a8c01c03d452.jpg,5,#c1bcc3,0.09618333333333333,neutrals
data/latest/images/leopard_print_runway_1990s_09b4c9b4cc45e3ca.jpg,1,#e0e2e2,0.3105583333333333,neutrals
data/latest/images/leopard_print_runway_1990s_09b4c9b4cc45e3ca.jpg,2,#bdb2a7,0.22051666666666667,earth
data/latest/images/leopard_print_runway_1990s_09b4c9b4cc45e3ca.jpg,3,#51433d,0.17393333333333333,earth
data/latest/images/leopard_print_runway_1990s_09b4c9b4cc45e3ca.jpg,4,#1c1615,0.14889166666666667,neutrals
data/latest/images/leopard_print_runway_1990s_09b4c9b4cc45e3ca.jpg,5,#8a786c,0.1461,earth
data/latest/images/vogue_runway_emerald_dress_e39191504cdd0cf8.jpg,1,#e9ebee,0.3305166666666667,pastels
data/latest/images/vogue_runway_emerald_dress_e39191504cdd0cf8.jpg,2,#c9d2d6,0.25188333333333335,neutrals
data/latest/images/vogue_runway_emerald_dress_e39191504cdd0cf8.jpg,3,#0d1c14,0.23040833333333333,neutrals
data/latest/images/vogue_runway_emerald_dress_e39191504cdd0cf8.jpg,4,#30562d,0.105475,green/blue
data/latest/images/vogue_runway_emerald_dress_e39191504cdd0cf8.jpg,5,#808478,0.08171666666666667,green/blue
data/latest/images/Milan_Fashion_Week_runway_2026_59eea1820542848c.jpg,1,#101010,0.30068333333333336,neutrals
data/latest/images/Milan_Fashion_Week_runway_2026_59eea1820542848c.jpg,2,#43312d,0.2789,primary/jewel
data/latest/images/Milan_Fashion_Week_runway_2026_59eea1820542848c.jpg,3,#898e7c,0.21233333333333335,green/blue
data/latest/images/Milan_Fashion_Week_runway_2026_59eea1820542848c.jpg,4,#5d5b58,0.17795,neutrals
data/latest/images/Milan_Fashion_Week_runway_2026_59eea1820542848c.jpg,5,#f5f5f5,0.030133333333333335,pastels
data/latest/images/Stockholm_Fashion_Week_street_style_2026_34bca636476ec0cb.jpg,1,#baacab,0.4087,primary/jewel
data/latest/images/Stockholm_Fashion_Week_street_style_2026_34bca636476ec0cb.jpg,2,#e7e2e3,0.24855833333333333,pastels
data/latest/images/Stockholm_Fashion_Week_street_style_2026_34bca636476ec0cb.jpg,3,#867777,0.13489166666666666,primary/jewel
data/latest/images/Stockholm_Fashion_Week_street_style_2026_34bca636476ec0cb.jpg,4,#141724,0.11821666666666666,neutrals
data/latest/images/Stockholm_Fashion_Week_street_style_2026_34bca636476ec0cb.jpg,5,#3f3e48,0.08963333333333333,blue/purple
data/latest/images/Gucci_Fall_2013_runway_5297387c5d0bf8dc.jpg,1,#080b07,0.45490833333333336,neutrals
data/latest/images/Gucci_Fall_2013_runway_5297387c5d0bf8dc.jpg,2,#62503b,0.18364166666666668,earth
data/latest/images/Gucci_Fall_2013_runway_5297387c5d0bf8dc.jpg,3,#362d22,0.164375,earth
data/latest/images/Gucci_Fall_2013_runway_5297387c5d0bf8dc.jpg,4,#8f785d,0.130975,earth
data/latest/images/Gucci_Fall_2013_runway_5297387c5d0bf8dc.jpg,5,#c0ae9d,0.0661,earth
data/latest/images/Stockholm_Fashion_Week_street_style_2026_6fc85461df41000b.jpg,1,#b3a496,0.248425,earth
data/latest/images/Stockholm_Fashion_Week_street_style_2026_6fc85461df41000b.jpg,2,#2d3312,0.23901666666666666,earth
data/latest/images/Stockholm_Fashion_Week_street_style_2026_6fc85461df41000b.jpg,3,#d8d7cb,0.207325,neutrals
data/latest/images/Stockholm_Fashion_Week_street_style_2026_6fc85461df41000b.jpg,4,#626623,0.20618333333333333,earth
data/latest/images/Stockholm_Fashion_Week_street_style_2026_6fc85461df41000b.jpg,5,#b1b945,0.09905,earth
data/latest/images/Sydney_Fashion_Week_runway_2025_3a9863a7ca1ae1f7.png,1,#f5f6f8,0.49035833333333334,pastels
data/latest/images/Sydney_Fashion_Week_runway_2025_3a9863a7ca1ae1f7.png,2,#d03f44,0.15536666666666665,primary/jewel
data/latest/images/Sydney_Fashion_Week_runway_2025_3a9863a7ca1ae1f7.png,3,#62635a,0.13478333333333334,earth
data/latest/images/Sydney_Fashion_Week_runway_2025_3a9863a7ca1ae1f7.png,4,#cfb5b2,0.123975,primary/jewel
data/latest/images/Sydney_Fashion_Week_runway_2025_3a9863a7ca1ae1f7.png,5,#322d24,0.09551666666666667,earth
data/latest/images/Stockholm_Fashion_Week_street_style_2026_867960bc61c6c1f5.jpg,1,#535151,0.32979166666666665,neutrals
data/latest/images/Stockholm_Fashion_Week_street_style_2026_867960bc61c6c1f5.jpg,2,#d2c7b8,0.20578333333333335,earth
data/latest/images/Stockholm_Fashion_Week_street_style_2026_867960bc61c6c1f5.jpg,3,#87806f,0.203075,earth
data/latest/images/Stockholm_Fashion_Week_street_style_2026_867960bc61c6c1f5.jpg,4,#1e1727,0.18460833333333335,neutrals
data/latest/images/Stockholm_Fashion_Week_street_style_2026_867960bc61c6c1f5.jpg,5,#9b3493,0.07674166666666667,primary/jewel
data/latest/images/Paris_Fashion_Week_runway_2026_84987d2b5321e163.jpg,1,#d3eaf7,0.2762,pastels
data/latest/images/Paris_Fashion_Week_runway_2026_84987d2b5321e163.jpg,2,#1f2228,0.2548166666666667,neutrals
data/latest/images/Paris_Fashion_Week_runway_2026_84987d2b5321e163.jpg,3,#60656f,0.24355833333333332,blue/purple
data/latest/images/Paris_Fashion_Week_runway_2026_84987d2b5321e163.jpg,4,#a7b4c5,0.1956,blue/purple
data/latest/images/Paris_Fashion_Week_runway_2026_84987d2b5321e163.jpg,5,#e39922,0.029825,neon
data/latest/images/lookbook_fashion_2026_a2b3509ae54587bd.webp,1,#181818,0.2685916666666667,neutrals
data/latest/images/lookbook_fashion_2026_a2b3509ae54587bd.webp,2,#8c837a,0.259175,earth
data/latest/images/lookbook_fashion_2026_a2b3509ae54587bd.webp,3,#dcdddf,0.18800833333333333,neutrals
data/latest/images/lookbook_fashion_2026_a2b3509ae54587bd.webp,4,#b4b0ad,0.18655,neutrals
data/latest/images/lookbook_fashion_2026_a2b3509ae54587bd.webp,5,#423d3b,0.097675,earth
data/latest/images/Gucci_Fall_2013_runway_9efaeb2d4b02b3ae.jpg,1,#0d0f0f,0.340425,neutrals
data/latest/images/Gucci_Fall_2013_runway_9efaeb2d4b02b3ae.jpg,2,#565248,0.24444166666666667,earth
data/latest/images/Gucci_Fall_2013_runway_9efaeb2d4b02b3ae.jpg,3,#d7dbdc,0.23074166666666668,neutrals
data/latest/images/Gucci_Fall_2013_runway_9efaeb2d4b02b3ae.jpg,4,#a5a8a7,0.14503333333333332,neutrals
data/latest/images/Gucci_Fall_2013_runway_9efaeb2d4b02b3ae.jpg,5,#d89842,0.039358333333333335,earth
data/latest/images/Los_Angeles_Fashion_Week_backstage_2026_32b6a5efacd12140.jpg,1,#2d2526,0.337975,neutrals
data/latest/images/Los_Angeles_Fashion_Week_backstage_2026_32b6a5efacd12140.jpg,2,#ece8f1,0.20295833333333332,pastels
data/latest/images/Los_Angeles_Fashion_Week_backstage_2026_32b6a5efacd12140.jpg,3,#d1bac4,0.18481666666666666,primary/jewel
data/latest/images/Los_Angeles_Fashion_Week_backstage_2026_32b6a5efacd12140.jpg,4,#b28889,0.13760833333333333,primary/jewel
data/latest/images/Los_Angeles_Fashion_Week_backstage_2026_32b6a5efacd12140.jpg,5,#6c5452,0.13664166666666666,primary/jewel
data/latest/images/vogue_runway_emerald_dress_3ece3554536b6352.jpg,1,#040404,0.6157666666666667,neutrals
data/latest/images/vogue_runway_emerald_dress_3ece3554536b6352.jpg,2,#2b3322,0.12440833333333333,green/blue
data/latest/images/vogue_runway_emerald_dress_3ece3554536b6352.jpg,3,#e4dee3,0.10613333333333333,neutrals
data/latest/images/vogue_runway_emerald_dress_3ece3554536b6352.jpg,4,#1b6639,0.08991666666666667,green/blue
data/latest/images/vogue_runway_emerald_dress_3ece3554536b6352.jpg,5,#aa856f,0.063775,earth
data/latest/images/Chanel_haute_couture_2020_1103fdff313ff2fe.jpg,1,#b4b4b4,0.33155833333333334,neutrals
data/latest/images/Chanel_haute_couture_2020_1103fdff313ff2fe.jpg,2,#d2d7e0,0.2589916666666667,neutrals
data/latest/images/Chanel_haute_couture_2020_1103fdff313ff2fe.jpg,3,#8f8b84,0.17931666666666668,neutrals
data/latest/images/Chanel_haute_couture_2020_1103fdff313ff2fe.jpg,4,#1e2122,0.12614166666666668,neutrals
data/latest/images/Chanel_haute_couture_2020_1103fdff313ff2fe.jpg,5,#51534c,0.10399166666666666,green/blue
data/latest/images/Stockholm_Fashion_Week_street_style_2025_2b714fadc3965fd0.jpg,1,#a6a8a2,0.26853333333333335,neutrals
data/latest/images/Stockholm_Fashion_Week_street_style_2025_2b714fadc3965fd0.jpg,2,#8e7f7c,0.21323333333333333,primary/jewel
data/latest/images/Stockholm_Fashion_Week_street_style_2025_2b714fadc3965fd0.jpg,3,#6a5b55,0.19230833333333333,earth
data/latest/images/Stockholm_Fashion_Week_street_style_2025_2b714fadc3965fd0.jpg,4,#06171d,0.17223333333333332,neutrals
data/latest/images/Stockholm_Fashion_Week_street_style_2025_2b714fadc3965fd0.jpg,5,#363a39,0.15369166666666667,neutrals
data/latest/images/Los_Angeles_Fashion_Week_backstage_2026_9b496194d86372a4.jpg,1,#bd997d,0.34145,earth
data/latest/images/Los_Angeles_Fashion_Week_backstage_2026_9b496194d86372a4.jpg,2,#744a33,0.21498333333333333,earth
data/latest/images/Los_Angeles_Fashion_Week_backstage_2026_9b496194d86372a4.jpg,3,#d7cfc5,0.20334166666666667,earth
data/latest/images/Los_Angeles_Fashion_Week_backstage_2026_9b496194d86372a4.jpg,4,#e04a36,0.17695833333333333,neon
data/latest/images/Los_Angeles_Fashion_Week_backstage_2026_9b496194d86372a4.jpg,5,#251408,0.06326666666666667,neutrals
data/latest/images/Tokyo_Fashion_Week_street_style_2025_dde9bf5add928e87.webp,1,#d3d1d1,0.36446666666666666,neutrals
data/latest/images/Tokyo_Fashion_Week_street_style_2025_dde9bf5add928e87.webp,2,#dee3e5,0.2541083333333333,neutrals
data/latest/images/Tokyo_Fashion_Week_street_style_2025_dde9bf5add928e87.webp,3,#857a74,0.16929166666666667,earth
data/latest/images/Tokyo_Fashion_Week_street_style_2025_dde9bf5add928e87.webp,4,#131419,0.11373333333333334,neutrals
data/latest/images/Tokyo_Fashion_Week_street_style_2025_dde9bf5add928e87.webp,5,#c7afab,0.0984,primary/jewel
data/latest/images/New_York_Fashion_Week_street_style_2025_ed61a977c78a6329.jpg,1,#9c5641,0.2860916666666667,primary/jewel
data/latest/images/New_York_Fashion_Week_street_style_2025_ed61a977c78a6329.jpg,2,#857c78,0.24276666666666666,earth
data/latest/images/New_York_Fashion_Week_street_style_2025_ed61a977c78a6329.jpg,3,#1b1916,0.18423333333333333,neutrals
data/latest/images/New_York_Fashion_Week_street_style_2025_ed61a977c78a6329.jpg,4,#653b2e,0.14509166666666667,primary/jewel
data/latest/images/New_York_Fashion_Week_street_style_2025_ed61a977c78a6329.jpg,5,#a89b97,0.14181666666666667,primary/jewel
data/latest/images/Los_Angeles_Fashion_Week_backstage_2026_244c3d644216fe02.jpg,1,#1e1314,0.40371666666666667,neutrals
data/latest/images/Los_Angeles_Fashion_Week_backstage_2026_244c3d644216fe02.jpg,2,#cc7148,0.18918333333333334,earth
data/latest/images/Los_Angeles_Fashion_Week_backstage_2026_244c3d644216fe02.jpg,3,#a34727,0.18666666666666668,earth
data/latest/images/Los_Angeles_Fashion_Week_backstage_2026_244c3d644216fe02.jpg,4,#672b1d,0.126975,primary/jewel
data/latest/images/Los_Angeles_Fashion_Week_backstage_2026_244c3d644216fe02.jpg,5,#eba583,0.09345833333333334,earth
data/latest/images/Seoul_Fashion_Week_street_style_2025_e83fcb6fd787d537.jpg,1,#cfd1ce,0.2982666666666667,neutrals
data/latest/images/Seoul_Fashion_Week_street_style_2025_e83fcb6fd787d537.jpg,2,#151318,0.261475,neutrals
data/latest/images/Seoul_Fashion_Week_street_style_2025_e83fcb6fd787d537.jpg,3,#9e9a97,0.20938333333333334,neutrals
data/latest/images/Seoul_Fashion_Week_street_style_2025_e83fcb6fd787d537.jpg,4,#4e4e50,0.181775,neutrals
data/latest/images/Seoul_Fashion_Week_street_style_2025_e83fcb6fd787d537.jpg,5,#a2391c,0.0491,primary/jewel
data/latest/images/Milan_Fashion_Week_runway_2026_6d4885bf640d0532.jpg,1,#999894,0.26615833333333333,neutrals
data/latest/images/Milan_Fashion_Week_runway_2026_6d4885bf640d0532.jpg,2,#bfbab5,0.22396666666666668,neutrals
data/latest/images/Milan_Fashion_Week_runway_2026_6d4885bf640d0532.jpg,3,#3b3330,0.177225,earth
data/latest/images/Milan_Fashion_Week_runway_2026_6d4885bf640d0532.jpg,4,#131212,0.17688333333333334,neutrals
data/latest/images/Milan_Fashion_Week_runway_2026_6d4885bf640d0532.jpg,5,#797371,0.15576666666666666,neutrals
data/latest/images/runway_fashion_2025_5f89db4782338d6c.jpg,1,#ebe5e1,0.375975,pastels
data/latest/images/runway_fashion_2025_5f89db4782338d6c.jpg,2,#0d0d16,0.2343,neutrals
data/latest/images/runway_fashion_2025_5f89db4782338d6c.jpg,3,#ccb598,0.15365833333333334,earth
data/latest/images/runway_fashion_2025_5f89db4782338d6c.jpg,4,#91847a,0.136825,earth
data/latest/images/runway_fashion_2025_5f89db4782338d6c.jpg,5,#464332,0.09924166666666667,earth
data/latest/images/Seoul_Fashion_Week_runway_2026_8b6c36aee74b957d.jpg,1,#0a0a0a,0.455925,neutrals
data/latest/images/Seoul_Fashion_Week_runway_2026_8b6c36aee74b957d.jpg,2,#8b8072,0.17966666666666667,earth
data/latest/images/Seoul_Fashion_Week_runway_2026_8b6c36aee74b957d.jpg,3,#2e2928,0.13779166666666667,primary/jewel
data/latest/images/Seoul_Fashion_Week_runway_2026_8b6c36aee74b957d.jpg,4,#afa699,0.1306,earth
data/latest/images/Seoul_Fashion_Week_runway_2026_8b6c36aee74b957d.jpg,5,#614f4b,0.09601666666666667,primary/jewel
data/latest/images/Stockholm_Fashion_Week_street_style_2025_831bc3c8a2a10fec.jpg,1,#aa9183,0.37751666666666667,earth
data/latest/images/Stockholm_Fashion_Week_street_style_2025_831bc3c8a2a10fec.jpg,2,#726359,0.2104,earth
data/latest/images/Stockholm_Fashion_Week_street_style_2025_831bc3c8a2a10fec.jpg,3,#0f1615,0.17089166666666666,neutrals
data/latest/images/Stockholm_Fashion_Week_street_style_2025_831bc3c8a2a10fec.jpg,4,#473f37,0.1234,earth
data/latest/images/Stockholm_Fashion_Week_street_style_2025_831bc3c8a2a10fec.jpg,5,#ccced5,0.11779166666666667,neutrals
data/latest/images/Sydney_Fashion_Week_runway_2025_55a902edf51c9f43.jpg,1,#362327,0.29285,primary/jewel
data/latest/images/Sydney_Fashion_Week_runway_2025_55a902edf51c9f43.jpg,2,#140f16,0.26024166666666665,neutrals
data/latest/images/Sydney_Fashion_Week_runway_2025_55a902edf51c9f43.jpg,3,#7c6d62,0.25925,earth
data/latest/images/Sydney_Fashion_Week_runway_2025_55a902edf51c9f43.jpg,4,#524542,0.15013333333333334,primary/jewel
data/latest/images/Sydney_Fashion_Week_runway_2025_55a902edf51c9f43.jpg,5,#cebab9,0.037525,primary/jewel
data/latest/images/London_Fashion_Week_runway_2025_714a900ee738f374.jpg,1,#0a0a0a,0.42645,neutrals
data/latest/images/London_Fashion_Week_runway_2025_714a900ee738f374.jpg,2,#28211e,0.26655,neutrals
data/latest/images/London_Fashion_Week_runway_2025_714a900ee738f374.jpg,3,#3d3530,0.18636666666666668,earth
data/latest/images/London_Fashion_Week_runway_2025_714a900ee738f374.jpg,4,#6c5a5a,0.08189166666666667,primary/jewel
data/latest/images/London_Fashion_Week_runway_2025_714a900ee738f374.jpg,5,#ae8570,0.03874166666666667,earth
data/latest/images/Gucci_Fall_2013_runway_138adf3a78239d1b.jpg,1,#101514,0.3578,neutrals
data/latest/images/Gucci_Fall_2013_runway_138adf3a78239d1b.jpg,2,#47473d,0.25459166666666666,earth
data/latest/images/Gucci_Fall_2013_runway_138adf3a78239d1b.jpg,3,#242725,0.206025,neutrals
data/latest/images/Gucci_Fall_2013_runway_138adf3a78239d1b.jpg,4,#84695d,0.14213333333333333,earth
data/latest/images/Gucci_Fall_2013_runway_138adf3a78239d1b.jpg,5,#c3a895,0.03945,earth
data/latest/images/Milan_Fashion_Week_runway_2026_2f6afcba07905af8.jpg,1,#050608,0.69845,neutrals
data/latest/images/Milan_Fashion_Week_runway_2026_2f6afcba07905af8.jpg,2,#372a2a,0.093325,primary/jewel
data/latest/images/Milan_Fashion_Week_runway_2026_2f6afcba07905af8.jpg,3,#786567,0.08218333333333333,primary/jewel
data/latest/images/Milan_Fashion_Week_runway_2026_2f6afcba07905af8.jpg,4,#aaa2a8,0.06951666666666667,neutrals
data/latest/images/Milan_Fashion_Week_runway_2026_2f6afcba07905af8.jpg,5,#f7f7f7,0.056525,pastels
data/latest/images/Milan_Fashion_Week_runway_2026_925627f4b3ad0791.jpg,1,#3b2a27,0.29309166666666664,primary/jewel
data/latest/images/Milan_Fashion_Week_runway_2026_925627f4b3ad0791.jpg,2,#604944,0.20226666666666668,primary/jewel
data/latest/images/Milan_Fashion_Week_runway_2026_925627f4b3ad0791.jpg,3,#190f0d,0.19451666666666667,neutrals
data/latest/images/Milan_Fashion_Week_runway_2026_925627f4b3ad0791.jpg,4,#bf724b,0.18315,earth
data/latest/images/Milan_Fashion_Week_runway_2026_925627f4b3ad0791.jpg,5,#dbb890,0.126975,earth
data/latest/images/Tokyo_Fashion_Week_street_style_2025_eb6ea280ef3a647b.jpg,1,#0d1214,0.3224916666666667,neutrals
data/latest/images/Tokyo_Fashion_Week_street_style_2025_eb6ea280ef3a647b.jpg,2,#313236,0.224175,blue/purple
data/latest/images/Tokyo_Fashion_Week_street_style_2025_eb6ea280ef3a647b.jpg,3,#605754,0.18766666666666668,earth
data/latest/images/Tokyo_Fashion_Week_street_style_2025_eb6ea280ef3a647b.jpg,4,#8b827b,0.16875,earth
data/latest/images/Tokyo_Fashion_Week_street_style_2025_eb6ea280ef3a647b.jpg,5,#c1b4a6,0.09691666666666666,earth
data/latest/images/Los_Angeles_Fashion_Week_backstage_2026_49254b8faf521df6.jpg,1,#501a18,0.2431,primary/jewel
data/latest/images/Los_Angeles_Fashion_Week_backstage_2026_49254b8faf521df6.jpg,2,#903a36,0.22094166666666668,primary/jewel
data/latest/images/Los_Angeles_Fashion_Week_backstage_2026_49254b8faf521df6.jpg,3,#1a0b0b,0.217875,neutrals
data/latest/images/Los_Angeles_Fashion_Week_backstage_2026_49254b8faf521df6.jpg,4,#bc836e,0.20530833333333334,earth
data/latest/images/Los_Angeles_Fashion_Week_backstage_2026_49254b8faf521df6.jpg,5,#e1cdc8,0.112775,primary/jewel
data/latest/images/vogue_runway_emerald_dress_ddffe0eb5d408075.jpg,1,#11140f,0.29315833333333335,neutrals
data/latest/images/vogue_runway_emerald_dress_ddffe0eb5d408075.jpg,2,#d6c989,0.2674666666666667,earth
data/latest/images/vogue_runway_emerald_dress_ddffe0eb5d408075.jpg,3,#2e8138,0.23036666666666666,green/blue
data/latest/images/vogue_runway_emerald_dress_ddffe0eb5d408075.jpg,4,#374222,0.119925,green/blue
data/latest/images/vogue_runway_emerald_dress_ddffe0eb5d408075.jpg,5,#8e7453,0.08908333333333333,earth
data/latest/images/London_Fashion_Week_street_style_2025_83832051011654d4.jpg,1,#12181e,0.27755833333333335,neutrals
data/latest/images/London_Fashion_Week_street_style_2025_83832051011654d4.jpg,2,#606665,0.20748333333333333,neutrals
data/latest/images/London_Fashion_Week_street_style_2025_83832051011654d4.jpg,3,#8a908d,0.20463333333333333,neutrals
data/latest/images/London_Fashion_Week_street_style_2025_83832051011654d4.jpg,4,#3c3b3d,0.190925,neutrals
data/latest/images/London_Fashion_Week_street_style_2025_83832051011654d4.jpg,5,#c6bab4,0.1194,earth
data/latest/images/Milan_Fashion_Week_runway_2026_874ba984945d0e72.webp,1,#231e10,0.324775,neutrals
data/latest/images/Milan_Fashion_Week_runway_2026_874ba984945d0e72.webp,2,#a89b78,0.2642,earth
data/latest/images/Milan_Fashion_Week_runway_2026_874ba984945d0e72.webp,3,#463a20,0.22446666666666668,earth
data/latest/images/Milan_Fashion_Week_runway_2026_874ba984945d0e72.webp,4,#7f7253,0.164925,earth
data/latest/images/Milan_Fashion_Week_runway_2026_874ba984945d0e72.webp,5,#ebd7c0,0.021633333333333334,earth
data/latest/images/New_York_Fashion_Week_street_style_2025_056309e0652f63e5.webp,1,#e9ece5,0.36928333333333335,pastels
data/latest/images/New_York_Fashion_Week_street_style_2025_056309e0652f63e5.webp,2,#cac7b4,0.2374,earth
data/latest/images/New_York_Fashion_Week_street_style_2025_056309e0652f63e5.webp,3,#9e9586,0.14951666666666666,earth
data/latest/images/New_York_Fashion_Week_street_style_2025_056309e0652f63e5.webp,4,#0e131e,0.148375,neutrals
data/latest/images/New_York_Fashion_Week_street_style_2025_056309e0652f63e5.webp,5,#53565a,0.095425,neutrals
data/latest/images/leopard_print_runway_1990s_936237ea7e464d4d.jpg,1,#c7daec,0.3644833333333333,pastels
data/latest/images/leopard_print_runway_1990s_936237ea7e464d4d.jpg,2,#c1a085,0.185,earth
data/latest/images/leopard_print_runway_1990s_936237ea7e464d4d.jpg,3,#463b3c,0.170625,primary/jewel
data/latest/images/leopard_print_runway_1990s_936237ea7e464d4d.jpg,4,#181413,0.15248333333333333,neutrals
data/latest/images/leopard_print_runway_1990s_936237ea7e464d4d.jpg,5,#896851,0.12740833333333335,earth
data/latest/images/lookbook_fashion_2026_f8b14318fdf58ecd.jpg,1,#c6bfb7,0.6458583333333333,neutrals
data/latest/images/lookbook_fashion_2026_f8b14318fdf58ecd.jpg,2,#28130c,0.11415833333333333,neutrals
data/latest/images/lookbook_fashion_2026_f8b14318fdf58ecd.jpg,3,#ac2114,0.09985,primary/jewel
data/latest/images/lookbook_fashion_2026_f8b14318fdf58ecd.jpg,4,#e55b35,0.07420833333333333,neon
data/latest/images/lookbook_fashion_2026_f8b14318fdf58ecd.jpg,5,#603021,0.065925,primary/jewel
data/latest/images/Tokyo_Fashion_Week_runway_2026_5b9f2f25adbdc293.jpg,1,#130e19,0.3056083333333333,neutrals
data/latest/images/Tokyo_Fashion_Week_runway_2026_5b9f2f25adbdc293.jpg,2,#5c505f,0.194175,primary/jewel
data/latest/images/Tokyo_Fashion_Week_runway_2026_5b9f2f25adbdc293.jpg,3,#95889e,0.17201666666666668,jewel
data/latest/images/Tokyo_Fashion_Week_runway_2026_5b9f2f25adbdc293.jpg,4,#362936,0.16665,primary/jewel
data/latest/images/Tokyo_Fashion_Week_runway_2026_5b9f2f25adbdc293.jpg,5,#bdbbcb,0.16155,neutrals
data/latest/images/Stockholm_Fashion_Week_street_style_2026_519fe80e1414c4d3.png,1,#433939,0.25695833333333334,primary/jewel
data/latest/images/Stockholm_Fashion_Week_street_style_2026_519fe80e1414c4d3.png,2,#695a54,0.20199166666666668,earth
data/latest/images/Stockholm_Fashion_Week_street_style_2026_519fe80e1414c4d3.png,3,#937b68,0.19990833333333333,earth
data/latest/images/Stockholm_Fashion_Week_street_style_2026_519fe80e1414c4d3.png,4,#1b191b,0.18335,neutrals
data/latest/images/Stockholm_Fashion_Week_street_style_2026_519fe80e1414c4d3.png,5,#b4b5b7,0.15779166666666666,neutrals
data/latest/images/editorial_fashion_2025_2e3cdadfba5bd2c2.jpg,1,#e2e1df,0.73405,neutrals
data/latest/images/editorial_fashion_2025_2e3cdadfba5bd2c2.jpg,2,#7c797e,0.07308333333333333,neutrals
data/latest/images/editorial_fashion_2025_2e3cdadfba5bd2c2.jpg,3,#48515b,0.071525,blue/purple
data/latest/images/editorial_fashion_2025_2e3cdadfba5bd2c2.jpg,4,#bbaaa5,0.062066666666666666,primary/jewel
data/latest/images/editorial_fashion_2025_2e3cdadfba5bd2c2.jpg,5,#22262b,0.059275,neutrals
data/latest/images/Tokyo_Fashion_Week_backstage_2025_649ed04665303d2a.jpg,1,#b2a8b6,0.4246916666666667,neutrals
data/latest/images/Tokyo_Fashion_Week_backstage_2025_649ed04665303d2a.jpg,2,#92767e,0.15715833333333334,primary/jewel
data/latest/images/Tokyo_Fashion_Week_backstage_2025_649ed04665303d2a.jpg,3,#4d4248,0.149225,primary/jewel
data/latest/images/Tokyo_Fashion_Week_backstage_2025_649ed04665303d2a.jpg,4,#e5160c,0.14140833333333333,neon
data/latest/images/Tokyo_Fashion_Week_backstage_2025_649ed04665303d2a.jpg,5,#f6c182,0.12751666666666667,earth
data/latest/images/Tokyo_Fashion_Week_backstage_2025_4a67702a53361641.jpg,1,#aaa69f,0.2989833333333333,neutrals
data/latest/images/Tokyo_Fashion_Week_backstage_2025_4a67702a53361641.jpg,2,#f4f8f9,0.29336666666666666,pastels
data/latest/images/Tokyo_Fashion_Week_backstage_2025_4a67702a53361641.jpg,3,#896f59,0.17214166666666667,earth
data/latest/images/Tokyo_Fashion_Week_backstage_2025_4a67702a53361641.jpg,4,#0d1012,0.14841666666666667,neutrals
data/latest/images/Tokyo_Fashion_Week_backstage_2025_4a67702a53361641.jpg,5,#3f3c39,0.08709166666666666,earth
data/latest/images/Los_Angeles_Fashion_Week_backstage_2026_1aab88cff0f67df6.jpg,1,#c7c6c4,0.3253083333333333,neutrals
data/latest/images/Los_Angeles_Fashion_Week_backstage_2026_1aab88cff0f67df6.jpg,2,#98979b,0.2982416666666667,neutrals
data/latest/images/Los_Angeles_Fashion_Week_backstage_2026_1aab88cff0f67df6.jpg,3,#4d443f,0.173175,earth
data/latest/images/Los_Angeles_Fashion_Week_backstage_2026_1aab88cff0f67df6.jpg,4,#191513,0.141225,neutrals
data/latest/images/Los_Angeles_Fashion_Week_backstage_2026_1aab88cff0f67df6.jpg,5,#d9622c,0.06205,neon
data/latest/images/Tokyo_Fashion_Week_street_style_2025_65ce0a77d0ac3196.jpg,1,#d1d6db,0.2523916666666667,neutrals
data/latest/images/Tokyo_Fashion_Week_street_style_2025_65ce0a77d0ac3196.jpg,2,#7f654c,0.215525,earth
data/latest/images/Tokyo_Fashion_Week_street_style_2025_65ce0a77d0ac3196.jpg,3,#dbac56,0.21510833333333335,earth
data/latest/images/Tokyo_Fashion_Week_street_style_2025_65ce0a77d0ac3196.jpg,4,#a19a92,0.1876,earth
data/latest/images/Tokyo_Fashion_Week_street_style_2025_65ce0a77d0ac3196.jpg,5,#3d322d,0.129375,earth
data/latest/images/Milan_Fashion_Week_runway_2025_48c81a69487f8945.jpg,1,#b2b7b6,0.3776,neutrals
data/latest/images/Milan_Fashion_Week_runway_2025_48c81a69487f8945.jpg,2,#e0e8ea,0.3733416666666667,pastels
data/latest/images/Milan_Fashion_Week_runway_2025_48c81a69487f8945.jpg,3,#b9967c,0.14425833333333332,earth
data/latest/images/Milan_Fashion_Week_runway_2025_48c81a69487f8945.jpg,4,#8f6f56,0.07174166666666666,earth
data/latest/images/Milan_Fashion_Week_runway_2025_48c81a69487f8945.jpg,5,#352d2a,0.033058333333333335,earth
data/latest/images/New_York_Fashion_Week_street_style_2025_f6d5ef24aa749947.jpg,1,#6f6e75,0.38611666666666666,neutrals
data/latest/images/New_York_Fashion_Week_street_style_2025_f6d5ef24aa749947.jpg,2,#f1ede3,0.22516666666666665,pastels
data/latest/images/New_York_Fashion_Week_street_style_2025_f6d5ef24aa749947.jpg,3,#b0a39e,0.21053333333333332,earth
data/latest/images/New_York_Fashion_Week_street_style_2025_f6d5ef24aa749947.jpg,4,#222023,0.12308333333333334,neutrals
data/latest/images/New_York_Fashion_Week_street_style_2025_f6d5ef24aa749947.jpg,5,#008248,0.0551,green/blue
data/latest/images/Sydney_Fashion_Week_backstage_2025_92f2f30eaa3d4c27.jpg,1,#101010,0.31051666666666666,neutrals
data/latest/images/Sydney_Fashion_Week_backstage_2025_92f2f30eaa3d4c27.jpg,2,#bbaca8,0.2836,primary/jewel
data/latest/images/Sydney_Fashion_Week_backstage_2025_92f2f30eaa3d4c27.jpg,3,#51403c,0.18009166666666668,primary/jewel
data/latest/images/Sydney_Fashion_Week_backstage_2025_92f2f30eaa3d4c27.jpg,4,#947165,0.12094166666666667,earth
data/latest/images/Sydney_Fashion_Week_backstage_2025_92f2f30eaa3d4c27.jpg,5,#0f2972,0.10485,blue/purple
data/latest/images/Milan_Fashion_Week_runway_2026_e69fa51732e27358.jpg,1,#788097,0.2803333333333333,blue/purple
data/latest/images/Milan_Fashion_Week_runway_2026_e69fa51732e27358.jpg,2,#cdbfad,0.28025,earth
data/latest/images/Milan_Fashion_Week_runway_2026_e69fa51732e27358.jpg,3,#93a1b7,0.21105,blue/purple
data/latest/images/Milan_Fashion_Week_runway_2026_e69fa51732e27358.jpg,4,#a89477,0.192725,earth
data/latest/images/Milan_Fashion_Week_runway_2026_e69fa51732e27358.jpg,5,#312423,0.03564166666666667,primary/jewel
data/latest/images/New_York_Fashion_Week_runway_2025_5ab4c1e0d3e79033.webp,1,#a197a9,0.27863333333333334,jewel
data/latest/images/New_York_Fashion_Week_runway_2025_5ab4c1e0d3e79033.webp,2,#766e82,0.24020833333333333,jewel
data/latest/images/New_York_Fashion_Week_runway_2025_5ab4c1e0d3e79033.webp,3,#151721,0.17198333333333332,neutrals
data/latest/images/New_York_Fashion_Week_runway_2025_5ab4c1e0d3e79033.webp,4,#cdc8da,0.1629,jewel
data/latest/images/New_York_Fashion_Week_runway_2025_5ab4c1e0d3e79033.webp,5,#494454,0.146275,jewel
data/latest/images/Sydney_Fashion_Week_backstage_2025_6e5ab3f2e5f8367d.jpg,1,#b9a9ab,0.38965,primary/jewel
data/latest/images/Sydney_Fashion_Week_backstage_2025_6e5ab3f2e5f8367d.jpg,2,#81838f,0.187375,blue/purple
data/latest/images/Sydney_Fashion_Week_backstage_2025_6e5ab3f2e5f8367d.jpg,3,#e9dcd3,0.16575,pastels
data/latest/images/Sydney_Fashion_Week_backstage_2025_6e5ab3f2e5f8367d.jpg,4,#14161d,0.163375,neutrals
data/latest/images/Sydney_Fashion_Week_backstage_2025_6e5ab3f2e5f8367d.jpg,5,#504d58,0.09385,jewel
data/latest/images/Seoul_Fashion_Week_street_style_2025_23f8357d12c72258.jpg,1,#9b9b9b,0.37701666666666667,neutrals
data/latest/images/Seoul_Fashion_Week_street_style_2025_23f8357d12c72258.jpg,2,#76726f,0.21264166666666667,neutrals
data/latest/images/Seoul_Fashion_Week_street_style_2025_23f8357d12c72258.jpg,3,#261516,0.18589166666666668,neutrals
data/latest/images/Seoul_Fashion_Week_street_style_2025_23f8357d12c72258.jpg,4,#5c3a35,0.14506666666666668,primary/jewel
data/latest/images/Seoul_Fashion_Week_street_style_2025_23f8357d12c72258.jpg,5,#d1d2cd,0.07938333333333333,neutrals
data/latest/images/Seoul_Fashion_Week_backstage_2026_9be89d0ed486db31.jpg,1,#0f0f0f,0.32226666666666665,neutrals
data/latest/images/Seoul_Fashion_Week_backstage_2026_9be89d0ed486db31.jpg,2,#bdb9b0,0.219325,neutrals
data/latest/images/Seoul_Fashion_Week_backstage_2026_9be89d0ed486db31.jpg,3,#725741,0.20065833333333333,earth
data/latest/images/Seoul_Fashion_Week_backstage_2026_9be89d0ed486db31.jpg,4,#998778,0.14210833333333334,earth
data/latest/images/Seoul_Fashion_Week_backstage_2026_9be89d0ed486db31.jpg,5,#4a3625,0.11564166666666667,earth
data/latest/images/runway_backstage_fashion_2025_afef172ebd6cdee6.jpg,1,#efe9eb,0.43951666666666667,pastels
data/latest/images/runway_backstage_fashion_2025_afef172ebd6cdee6.jpg,2,#c2b3a5,0.30285833333333334,earth
data/latest/images/runway_backstage_fashion_2025_afef172ebd6cdee6.jpg,3,#9b8b7e,0.14935833333333334,earth
data/latest/images/runway_backstage_fashion_2025_afef172ebd6cdee6.jpg,4,#5f524b,0.055683333333333335,earth
data/latest/images/runway_backstage_fashion_2025_afef172ebd6cdee6.jpg,5,#151719,0.052583333333333336,neutrals
data/latest/images/Los_Angeles_Fashion_Week_backstage_2026_ebfe812f8f64b9cf.webp,1,#000000,0.5113916666666667,neutrals
data/latest/images/Los_Angeles_Fashion_Week_backstage_2026_ebfe812f8f64b9cf.webp,2,#fefefe,0.43309166666666665,pastels
data/latest/images/Los_Angeles_Fashion_Week_backstage_2026_ebfe812f8f64b9cf.webp,3,#f71212,0.019475,neon
data/latest/images/Los_Angeles_Fashion_Week_backstage_2026_ebfe812f8f64b9cf.webp,4,#5b595a,0.018041666666666668,neutrals
data/latest/images/Los_Angeles_Fashion_Week_backstage_2026_ebfe812f8f64b9cf.webp,5,#b0adae,0.018,neutrals
data/latest/images/Milan_Fashion_Week_runway_2026_5e1cf442f56aeb78.webp,1,#cdc1b6,0.3513833333333333,earth
data/latest/images/Milan_Fashion_Week_runway_2026_5e1cf442f56aeb78.webp,2,#eadfd5,0.24399166666666666,pastels
data/latest/images/Milan_Fashion_Week_runway_2026_5e1cf442f56aeb78.webp,3,#2d2b2b,0.20755833333333334,neutrals
data/latest/images/Milan_Fashion_Week_runway_2026_5e1cf442f56aeb78.webp,4,#5b4f4f,0.139625,primary/jewel
data/latest/images/Milan_Fashion_Week_runway_2026_5e1cf442f56aeb78.webp,5,#9a9087,0.05744166666666667,earth
data/latest/images/Gucci_Fall_2013_runway_8812a86c297cfb58.jpg,1,#070c13,0.756625,neutrals
data/latest/images/Gucci_Fall_2013_runway_8812a86c297cfb58.jpg,2,#221d27,0.13230833333333333,neutrals
data/latest/images/Gucci_Fall_2013_runway_8812a86c297cfb58.jpg,3,#4a384c,0.060583333333333336,primary/jewel
data/latest/images/Gucci_Fall_2013_runway_8812a86c297cfb58.jpg,4,#746983,0.03361666666666667,jewel
data/latest/images/Gucci_Fall_2013_runway_8812a86c297cfb58.jpg,5,#cebacb,0.016866666666666665,primary/jewel
data/latest/images/Stockholm_Fashion_Week_street_style_2026_cbec8a6a31da3a36.jpg,1,#ded8d7,0.2850083333333333,neutrals
data/latest/images/Stockholm_Fashion_Week_street_style_2026_cbec8a6a31da3a36.jpg,2,#c09487,0.223675,primary/jewel
data/latest/images/Stockholm_Fashion_Week_street_style_2026_cbec8a6a31da3a36.jpg,3,#6b6370,0.19820833333333332,jewel
data/latest/images/Stockholm_Fashion_Week_street_style_2026_cbec8a6a31da3a36.jpg,4,#0d336c,0.15848333333333334,blue/purple
data/latest/images/Stockholm_Fashion_Week_street_style_2026_cbec8a6a31da3a36.jpg,5,#292328,0.134625,neutrals
data/latest/images/Paris_Fashion_Week_runway_2026_1ba95c83dbfa7bb5.jpg,1,#060707,0.36299166666666666,neutrals
data/latest/images/Paris_Fashion_Week_runway_2026_1ba95c83dbfa7bb5.jpg,2,#c7ad99,0.3118666666666667,earth
data/latest/images/Paris_Fashion_Week_runway_2026_1ba95c83dbfa7bb5.jpg,3,#e5d5c7,0.23460833333333334,earth
data/latest/images/Paris_Fashion_Week_runway_2026_1ba95c83dbfa7bb5.jpg,4,#4a2b20,0.05884166666666667,earth
data/latest/images/Paris_Fashion_Week_runway_2026_1ba95c83dbfa7bb5.jpg,5,#7f6756,0.03169166666666667,earth
data/latest/images/Balmain_burgundy_runway_2025_aed7f86d2f7fe614.jpg,1,#dddcda,0.39015833333333333,neutrals
data/latest/images/Balmain_burgundy_runway_2025_aed7f86d2f7fe614.jpg,2,#191315,0.22430833333333333,neutrals
data/latest/images/Balmain_burgundy_runway_2025_aed7f86d2f7fe614.jpg,3,#5d5b5b,0.18355,neutrals
data/latest/images/Balmain_burgundy_runway_2025_aed7f86d2f7fe614.jpg,4,#432926,0.10159166666666666,primary/jewel
data/latest/images/Balmain_burgundy_runway_2025_aed7f86d2f7fe614.jpg,5,#aca7a2,0.10039166666666667,neutrals
data/latest/images/lookbook_fashion_2025_e0dc0fb31f059346.jpg,1,#626254,0.46979166666666666,earth
data/latest/images/lookbook_fashion_2025_e0dc0fb31f059346.jpg,2,#7c7b6b,0.3181833333333333,earth
data/latest/images/lookbook_fashion_2025_e0dc0fb31f059346.jpg,3,#a59986,0.093925,earth
data/latest/images/lookbook_fashion_2025_e0dc0fb31f059346.jpg,4,#d0cec5,0.06521666666666667,neutrals
data/latest/images/lookbook_fashion_2025_e0dc0fb31f059346.jpg,5,#4c4335,0.05288333333333333,earth
data/latest/images/Stockholm_Fashion_Week_street_style_2026_664a5f2a41e2fe79.jpg,1,#e9e3dc,0.3017416666666667,pastels
data/latest/images/Stockholm_Fashion_Week_street_style_2026_664a5f2a41e2fe79.jpg,2,#bba599,0.22348333333333334,earth
data/latest/images/Stockholm_Fashion_Week_street_style_2026_664a5f2a41e2fe79.jpg,3,#2b1d1e,0.21848333333333333,neutrals
data/latest/images/Stockholm_Fashion_Week_street_style_2026_664a5f2a41e2fe79.jpg,4,#564f4a,0.155425,earth
data/latest/images/Stockholm_Fashion_Week_street_style_2026_664a5f2a41e2fe79.jpg,5,#cb2d3c,0.10086666666666666,neon
data/latest/images/Tokyo_Fashion_Week_street_style_2025_8aff395e141670da.webp,1,#161213,0.28225,neutrals
data/latest/images/Tokyo_Fashion_Week_street_style_2025_8aff395e141670da.webp,2,#e0e1df,0.22623333333333334,neutrals
data/latest/images/Tokyo_Fashion_Week_street_style_2025_8aff395e141670da.webp,3,#473436,0.18936666666666666,primary/jewel
data/latest/images/Tokyo_Fashion_Week_street_style_2025_8aff395e141670da.webp,4,#6e6366,0.15558333333333332,primary/jewel
data/latest/images/Tokyo_Fashion_Week_street_style_2025_8aff395e141670da.webp,5,#a79c95,0.14656666666666668,earth
data/latest/images/Chanel_haute_couture_2020_535ef15964d5b55f.jpg,1,#131b14,0.28449166666666664,neutrals
data/latest/images/Chanel_haute_couture_2020_535ef15964d5b55f.jpg,2,#364034,0.23221666666666665,green/blue
data/latest/images/Chanel_haute_couture_2020_535ef15964d5b55f.jpg,3,#696e64,0.18389166666666668,green/blue
data/latest/images/Chanel_haute_couture_2020_535ef15964d5b55f.jpg,4,#a7a79b,0.16188333333333332,neutrals
data/latest/images/Chanel_haute_couture_2020_535ef15964d5b55f.jpg,5,#dee0de,0.13751666666666668,neutrals
data/latest/images/fashion_campaign_2026_6c3e897fac6a5810.jpg,1,#ecefee,0.3761833333333333,pastels
data/latest/images/fashion_campaign_2026_6c3e897fac6a5810.jpg,2,#1f1f1f,0.21939166666666668,neutrals
data/latest/images/fashion_campaign_2026_6c3e897fac6a5810.jpg,3,#464a51,0.16318333333333335,blue/purple
data/latest/images/fashion_campaign_2026_6c3e897fac6a5810.jpg,4,#c3ac9c,0.13261666666666666,earth
data/latest/images/fashion_campaign_2026_6c3e897fac6a5810.jpg,5,#8b766a,0.108625,earth
data/latest/images/Balmain_burgundy_runway_2025_69d8ae02e7ae9cd0.jpg,1,#f0e7e1,0.2871916666666667,pastels
data/latest/images/Balmain_burgundy_runway_2025_69d8ae02e7ae9cd0.jpg,2,#161b1d,0.2476,neutrals
data/latest/images/Balmain_burgundy_runway_2025_69d8ae02e7ae9cd0.jpg,3,#5f5a5b,0.24155,neutrals
data/latest/images/Balmain_burgundy_runway_2025_69d8ae02e7ae9cd0.jpg,4,#e58c2b,0.145725,neon
data/latest/images/Balmain_burgundy_runway_2025_69d8ae02e7ae9cd0.jpg,5,#a8958e,0.07793333333333333,earth
data/latest/images/leopard_print_runway_1990s_dbf2ecb21522d3ad.jpg,1,#ececec,0.3545333333333333,pastels
data/latest/images/leopard_print_runway_1990s_dbf2ecb21522d3ad.jpg,2,#bcb8b1,0.203025,neutrals
data/latest/images/leopard_print_runway_1990s_dbf2ecb21522d3ad.jpg,3,#88857e,0.15856666666666666,neutrals
data/latest/images/leopard_print_runway_1990s_dbf2ecb21522d3ad.jpg,4,#181615,0.14246666666666666,neutrals
data/latest/images/leopard_print_runway_1990s_dbf2ecb21522d3ad.jpg,5,#4e4b45,0.14140833333333333,earth
data/latest/images/Milan_Fashion_Week_runway_2025_c00cf16e5be5bb3a.jpg,1,#f6fbfe,0.8613,pastels
data/latest/images/Milan_Fashion_Week_runway_2025_c00cf16e5be5bb3a.jpg,2,#e1dfdc,0.07074166666666666,neutrals
data/latest/images/Milan_Fashion_Week_runway_2025_c00cf16e5be5bb3a.jpg,3,#846164,0.025216666666666665,primary/jewel
data/latest/images/Milan_Fashion_Week_runway_2025_c00cf16e5be5bb3a.jpg,4,#4b4144,0.021991666666666666,primary/jewel
data/latest/images/Milan_Fashion_Week_runway_2025_c00cf16e5be5bb3a.jpg,5,#c493a2,0.02075,primary/jewel
data/latest/images/New_York_Fashion_Week_street_style_2025_246505bd53437aab.jpg,1,#292829,0.3060333333333333,neutrals
data/latest/images/New_York_Fashion_Week_street_style_2025_246505bd53437aab.jpg,2,#e6e1e2,0.2932666666666667,pastels
data/latest/images/New_York_Fashion_Week_street_style_2025_246505bd53437aab.jpg,3,#c99e8f,0.19485833333333333,earth
data/latest/images/New_York_Fashion_Week_street_style_2025_246505bd53437aab.jpg,4,#755f5a,0.16003333333333333,primary/jewel
data/latest/images/New_York_Fashion_Week_street_style_2025_246505bd53437aab.jpg,5,#eee17b,0.04580833333333333,earth
data/latest/images/Milan_Fashion_Week_runway_2025_3120bafcd6d0ce30.jpg,1,#b08b86,0.345975,primary/jewel
data/latest/images/Milan_Fashion_Week_runway_2025_3120bafcd6d0ce30.jpg,2,#b7a1a3,0.302875,primary/jewel
data/latest/images/Milan_Fashion_Week_runway_2025_3120bafcd6d0ce30.jpg,3,#2b2b31,0.15666666666666668,blue/purple
data/latest/images/Milan_Fashion_Week_runway_2025_3120bafcd6d0ce30.jpg,4,#d0c7c5,0.11595,neutrals
data/latest/images/Milan_Fashion_Week_runway_2025_3120bafcd6d0ce30.jpg,5,#866158,0.07853333333333333,primary/jewel
data/latest/images/lookbook_fashion_2025_ccd7c564bc9909b1.png,1,#000102,0.6273416666666667,neutrals
data/latest/images/lookbook_fashion_2025_ccd7c564bc9909b1.png,2,#58534d,0.10715833333333333,earth
data/latest/images/lookbook_fashion_2025_ccd7c564bc9909b1.png,3,#2b2e2f,0.106375,blue/purple
data/latest/images/lookbook_fashion_2025_ccd7c564bc9909b1.png,4,#d2cdbc,0.10411666666666666,earth
data/latest/images/lookbook_fashion_2025_ccd7c564bc9909b1.png,5,#aea495,0.05500833333333333,earth
data/latest/images/Stockholm_Fashion_Week_street_style_2025_2a2eb886cea15cb3.jpg,1,#e9e4d9,0.28260833333333335,pastels
data/latest/images/Stockholm_Fashion_Week_street_style_2025_2a2eb886cea15cb3.jpg,2,#828490,0.24168333333333333,blue/purple
data/latest/images/Stockholm_Fashion_Week_street_style_2025_2a2eb886cea15cb3.jpg,3,#1a181b,0.207975,neutrals
data/latest/images/Stockholm_Fashion_Week_street_style_2025_2a2eb886cea15cb3.jpg,4,#b7b2ae,0.136025,neutrals
data/latest/images/Stockholm_Fashion_Week_street_style_2025_2a2eb886cea15cb3.jpg,5,#54525b,0.13170833333333334,blue/purple
data/latest/images/editorial_fashion_2025_d1c123836d8f5eaa.jpg,1,#e9ebeb,0.6147,pastels
data/latest/images/editorial_fashion_2025_d1c123836d8f5eaa.jpg,2,#151717,0.1675,neutrals
data/latest/images/editorial_fashion_2025_d1c123836d8f5eaa.jpg,3,#323030,0.12268333333333334,neutrals
data/latest/images/editorial_fashion_2025_d1c123836d8f5eaa.jpg,4,#605252,0.05030833333333333,primary/jewel
data/latest/images/editorial_fashion_2025_d1c123836d8f5eaa.jpg,5,#a88e89,0.04480833333333333,primary/jewel
data/latest/images/London_Fashion_Week_runway_2025_77d82ba4338dadd3.jpg,1,#030606,0.667125,neutrals
data/latest/images/London_Fashion_Week_runway_2025_77d82ba4338dadd3.jpg,2,#2e2d2a,0.10771666666666667,earth
data/latest/images/London_Fashion_Week_runway_2025_77d82ba4338dadd3.jpg,3,#5a5855,0.09563333333333333,neutrals
data/latest/images/London_Fashion_Week_runway_2025_77d82ba4338dadd3.jpg,4,#8f8884,0.07071666666666666,neutrals
data/latest/images/London_Fashion_Week_runway_2025_77d82ba4338dadd3.jpg,5,#d4d3d2,0.05880833333333333,neutrals
data/latest/images/Paris_Fashion_Week_runway_2026_9ca72f7b8bc7dc4c.jpg,1,#0a0d15,0.31653333333333333,neutrals
data/latest/images/Paris_Fashion_Week_runway_2026_9ca72f7b8bc7dc4c.jpg,2,#c1cde0,0.22114166666666665,blue/purple
data/latest/images/Paris_Fashion_Week_runway_2026_9ca72f7b8bc7dc4c.jpg,3,#31353c,0.165125,blue/purple
data/latest/images/Paris_Fashion_Week_runway_2026_9ca72f7b8bc7dc4c.jpg,4,#908b81,0.1546,earth
data/latest/images/Paris_Fashion_Week_runway_2026_9ca72f7b8bc7dc4c.jpg,5,#695f53,0.1426,earth
data/latest/images/fashion_campaign_2026_6b8eec559f4be1fb.jpg,1,#030c0c,0.43654166666666666,neutrals
data/latest/images/fashion_campaign_2026_6b8eec559f4be1fb.jpg,2,#908766,0.19299166666666667,earth
data/latest/images/fashion_campaign_2026_6b8eec559f4be1fb.jpg,3,#edeaeb,0.13364166666666666,pastels
data/latest/images/fashion_campaign_2026_6b8eec559f4be1fb.jpg,4,#c3b19d,0.13178333333333334,earth
data/latest/images/fashion_campaign_2026_6b8eec559f4be1fb.jpg,5,#4b4e3d,0.10504166666666667,earth
data/latest/images/Stockholm_Fashion_Week_street_style_2025_55162ca9dfb46400.jpg,1,#1d1a1e,0.29085,neutrals
data/latest/images/Stockholm_Fashion_Week_street_style_2025_55162ca9dfb46400.jpg,2,#45373e,0.23011666666666666,primary/jewel
data/latest/images/Stockholm_Fashion_Week_street_style_2025_55162ca9dfb46400.jpg,3,#95a2ab,0.18155833333333332,blue/purple
data/latest/images/Stockholm_Fashion_Week_street_style_2025_55162ca9dfb46400.jpg,4,#71646f,0.17950833333333333,primary/jewel
data/latest/images/Stockholm_Fashion_Week_street_style_2025_55162ca9dfb46400.jpg,5,#e7eaeb,0.11796666666666666,pastels
data/latest/images/New_York_Fashion_Week_runway_2025_47a0be34d632cb4e.jpg,1,#c1aea4,0.33171666666666666,earth
data/latest/images/New_York_Fashion_Week_runway_2025_47a0be34d632cb4e.jpg,2,#a07d6b,0.23988333333333334,earth
data/latest/images/New_York_Fashion_Week_runway_2025_47a0be34d632cb4e.jpg,3,#744735,0.18216666666666667,earth
data/latest/images/New_York_Fashion_Week_runway_2025_47a0be34d632cb4e.jpg,4,#372119,0.16693333333333332,earth
data/latest/images/New_York_Fashion_Week_runway_2025_47a0be34d632cb4e.jpg,5,#e4e8e5,0.0793,pastels
data/latest/images/Seoul_Fashion_Week_runway_2026_8f475605a59e30ae.png,1,#eae1d5,0.3222333333333333,pastels
data/latest/images/Seoul_Fashion_Week_runway_2026_8f475605a59e30ae.png,2,#1e1918,0.23396666666666666,neutrals
data/latest/images/Seoul_Fashion_Week_runway_2026_8f475605a59e30ae.png,3,#d2b597,0.185325,earth
data/latest/images/Seoul_Fashion_Week_runway_2026_8f475605a59e30ae.png,4,#a67f5f,0.14098333333333332,earth
data/latest/images/Seoul_Fashion_Week_runway_2026_8f475605a59e30ae.png,5,#654a36,0.11749166666666666,earth
data/latest/images/Sydney_Fashion_Week_runway_2025_9618ea28e584528b.jpg,1,#06070a,0.47330833333333333,neutrals
data/latest/images/Sydney_Fashion_Week_runway_2025_9618ea28e584528b.jpg,2,#9b9798,0.1958,neutrals
data/latest/images/Sydney_Fashion_Week_runway_2025_9618ea28e584528b.jpg,3,#726f71,0.16175833333333334,neutrals
data/latest/images/Sydney_Fashion_Week_runway_2025_9618ea28e584528b.jpg,4,#343133,0.09533333333333334,neutrals
data/latest/images/Sydney_Fashion_Week_runway_2025_9618ea28e584528b.jpg,5,#630a12,0.0738,primary/jewel
data/latest/images/Balmain_burgundy_runway_2025_fa292a5a0ccbbeaf.jpg,1,#e2dce8,0.7168666666666667,pastels
data/latest/images/Balmain_burgundy_runway_2025_fa292a5a0ccbbeaf.jpg,2,#c49e87,0.0923,earth
data/latest/images/Balmain_burgundy_runway_2025_fa292a5a0ccbbeaf.jpg,3,#212023,0.08040833333333333,neutrals
data/latest/images/Balmain_burgundy_runway_2025_fa292a5a0ccbbeaf.jpg,4,#68463e,0.05645833333333333,primary/jewel
data/latest/images/Balmain_burgundy_runway_2025_fa292a5a0ccbbeaf.jpg,5,#9a7765,0.05396666666666667,earth
data/latest/images/Los_Angeles_Fashion_Week_backstage_2026_c112e8b1474dc52e.jpg,1,#a39d97,0.27553333333333335,neutrals
data/latest/images/Los_Angeles_Fashion_Week_backstage_2026_c112e8b1474dc52e.jpg,2,#c8c6c3,0.24861666666666668,neutrals
data/latest/images/Los_Angeles_Fashion_Week_backstage_2026_c112e8b1474dc52e.jpg,3,#191514,0.17314166666666667,neutrals
data/latest/images/Los_Angeles_Fashion_Week_backstage_2026_c112e8b1474dc52e.jpg,4,#483b3a,0.17040833333333333,primary/jewel
data/latest/images/Los_Angeles_Fashion_Week_backstage_2026_c112e8b1474dc52e.jpg,5,#7e716b,0.1323,earth
data/latest/images/vogue_runway_emerald_dress_5d1cd01c970a6250.jpg,1,#e9c7b6,0.56105,earth
data/latest/images/vogue_runway_emerald_dress_5d1cd01c970a6250.jpg,2,#478948,0.14409166666666667,green/blue
data/latest/images/vogue_runway_emerald_dress_5d1cd01c970a6250.jpg,3,#ac9577,0.14326666666666665,earth
data/latest/images/vogue_runway_emerald_dress_5d1cd01c970a6250.jpg,4,#140f0e,0.084775,neutrals
data/latest/images/vogue_runway_emerald_dress_5d1cd01c970a6250.jpg,5,#6b4826,0.06681666666666666,earth
data/latest/images/London_Fashion_Week_runway_2025_cfcb7aaf23dcfd4d.jpg,1,#171819,0.4796416666666667,neutrals
data/latest/images/London_Fashion_Week_runway_2025_cfcb7aaf23dcfd4d.jpg,2,#e9d9d7,0.26405,pastels
data/latest/images/London_Fashion_Week_runway_2025_cfcb7aaf23dcfd4d.jpg,3,#453b39,0.09935,primary/jewel
data/latest/images/London_Fashion_Week_runway_2025_cfcb7aaf23dcfd4d.jpg,4,#c2a69d,0.080925,primary/jewel
data/latest/images/London_Fashion_Week_runway_2025_cfcb7aaf23dcfd4d.jpg,5,#876d64,0.07603333333333333,earth
data/latest/images/Los_Angeles_Fashion_Week_backstage_2026_ed5d1abd0c675918.jpg,1,#f2f3f4,0.3076833333333333,pastels
data/latest/images/Los_Angeles_Fashion_Week_backstage_2026_ed5d1abd0c675918.jpg,2,#455c4d,0.26669166666666666,green/blue
data/latest/images/Los_Angeles_Fashion_Week_backstage_2026_ed5d1abd0c675918.jpg,3,#060a08,0.19986666666666666,neutrals
data/latest/images/Los_Angeles_Fashion_Week_backstage_2026_ed5d1abd0c675918.jpg,4,#95b09e,0.11833333333333333,green/blue
data/latest/images/Los_Angeles_Fashion_Week_backstage_2026_ed5d1abd0c675918.jpg,5,#263025,0.107425,green/blue
data/latest/images/New_York_Fashion_Week_runway_2025_e089f306e1d6b923.jpg,1,#3d3d40,0.29085,neutrals
data/latest/images/New_York_Fashion_Week_runway_2025_e089f306e1d6b923.jpg,2,#17191b,0.26939166666666664,neutrals
data/latest/images/New_York_Fashion_Week_runway_2025_e089f306e1d6b923.jpg,3,#c7a990,0.2649916666666667,earth
data/latest/images/New_York_Fashion_Week_runway_2025_e089f306e1d6b923.jpg,4,#86726e,0.10331666666666667,primary/jewel
data/latest/images/New_York_Fashion_Week_runway_2025_e089f306e1d6b923.jpg,5,#bfd8f9,0.07145,blue/purple
data/latest/images/Gucci_Fall_2013_runway_8775bcaa43c861c0.jpg,1,#06060e,0.6286583333333333,neutrals
data/latest/images/Gucci_Fall_2013_runway_8775bcaa43c861c0.jpg,2,#2c2532,0.178425,jewel
data/latest/images/Gucci_Fall_2013_runway_8775bcaa43c861c0.jpg,3,#5b4c58,0.10510833333333333,primary/jewel
data/latest/images/Gucci_Fall_2013_runway_8775bcaa43c861c0.jpg,4,#9b7d83,0.07625,primary/jewel
data/latest/images/Gucci_Fall_2013_runway_8775bcaa43c861c0.jpg,5,#f1f3f6,0.011558333333333334,pastels
data/latest/images/Stockholm_Fashion_Week_street_style_2025_0a3dea74b548c606.jpg,1,#898989,0.29125,neutrals
data/latest/images/Stockholm_Fashion_Week_street_style_2025_0a3dea74b548c606.jpg,2,#abaeaf,0.23303333333333334,neutrals
data/latest/images/Stockholm_Fashion_Week_street_style_2025_0a3dea74b548c606.jpg,3,#626666,0.17643333333333333,neutrals
data/latest/images/Stockholm_Fashion_Week_street_style_2025_0a3dea74b548c606.jpg,4,#101010,0.17396666666666666,neutrals
data/latest/images/Stockholm_Fashion_Week_street_style_2025_0a3dea74b548c606.jpg,5,#393939,0.12531666666666666,neutrals
data/latest/images/Tokyo_Fashion_Week_street_style_2025_8e4c8a7c1a4c7c68.jpg,1,#72888d,0.3441166666666667,blue/purple
data/latest/images/Tokyo_Fashion_Week_street_style_2025_8e4c8a7c1a4c7c68.jpg,2,#9ca1a4,0.30950833333333333,neutrals
data/latest/images/Tokyo_Fashion_Week_street_style_2025_8e4c8a7c1a4c7c68.jpg,3,#161b24,0.138725,neutrals
data/latest/images/Tokyo_Fashion_Week_street_style_2025_8e4c8a7c1a4c7c68.jpg,4,#323b4e,0.105675,blue/purple
data/latest/images/Tokyo_Fashion_Week_street_style_2025_8e4c8a7c1a4c7c68.jpg,5,#686967,0.101975,neutrals
data/latest/images/Balmain_burgundy_runway_2025_98fcb70504a9dca2.jpg,1,#e7e9ec,0.4181416666666667,pastels
data/latest/images/Balmain_burgundy_runway_2025_98fcb70504a9dca2.jpg,2,#d6d7d9,0.40953333333333336,neutrals
data/latest/images/Balmain_burgundy_runway_2025_98fcb70504a9dca2.jpg,3,#a63148,0.07176666666666667,primary/jewel
data/latest/images/Balmain_burgundy_runway_2025_98fcb70504a9dca2.jpg,4,#725449,0.05214166666666667,earth
data/latest/images/Balmain_burgundy_runway_2025_98fcb70504a9dca2.jpg,5,#62252a,0.04841666666666666,primary/jewel
data/latest/images/lookbook_fashion_2025_1abb5f389dcbe363.jpg,1,#4e4d52,0.5117083333333333,neutrals
data/latest/images/lookbook_fashion_2025_1abb5f389dcbe363.jpg,2,#746a6b,0.19655,primary/jewel
data/latest/images/lookbook_fashion_2025_1abb5f389dcbe363.jpg,3,#2b282d,0.137475,neutrals
data/latest/images/lookbook_fashion_2025_1abb5f389dcbe363.jpg,4,#d1cecf,0.103075,neutrals
data/latest/images/lookbook_fashion_2025_1abb5f389dcbe363.jpg,5,#3ceed6,0.05119166666666667,neon
data/latest/images/Los_Angeles_Fashion_Week_backstage_2026_9d5d66f182fa6679.jpg,1,#38321a,0.36183333333333334,earth
data/latest/images/Los_Angeles_Fashion_Week_backstage_2026_9d5d66f182fa6679.jpg,2,#19120b,0.303075,neutrals
data/latest/images/Los_Angeles_Fashion_Week_backstage_2026_9d5d66f182fa6679.jpg,3,#6a5542,0.19635,earth
data/latest/images/Los_Angeles_Fashion_Week_backstage_2026_9d5d66f182fa6679.jpg,4,#c04d2a,0.104375,neon
data/latest/images/Los_Angeles_Fashion_Week_backstage_2026_9d5d66f182fa6679.jpg,5,#e0b8a1,0.03436666666666666,earth
data/latest/images/Sydney_Fashion_Week_backstage_2025_66201eae578cf136.jpg,1,#f2f2fc,0.5143,pastels
data/latest/images/Sydney_Fashion_Week_backstage_2025_66201eae578cf136.jpg,2,#dbd6dd,0.199775,neutrals
data/latest/images/Sydney_Fashion_Week_backstage_2025_66201eae578cf136.jpg,3,#b89f93,0.12821666666666667,earth
data/latest/images/Sydney_Fashion_Week_backstage_2025_66201eae578cf136.jpg,4,#79685f,0.108025,earth
data/latest/images/Sydney_Fashion_Week_backstage_2025_66201eae578cf136.jpg,5,#342e2e,0.049683333333333336,primary/jewel
data/latest/images/Milan_Fashion_Week_runway_2026_c00cf16e5be5bb3a.jpg,1,#f6fbfe,0.8613,pastels
data/latest/images/Milan_Fashion_Week_runway_2026_c00cf16e5be5bb3a.jpg,2,#e1dfdc,0.07074166666666666,neutrals
data/latest/images/Milan_Fashion_Week_runway_2026_c00cf16e5be5bb3a.jpg,3,#846164,0.025216666666666665,primary/jewel
data/latest/images/Milan_Fashion_Week_runway_2026_c00cf16e5be5bb3a.jpg,4,#4b4144,0.021991666666666666,primary/jewel
data/latest/images/Milan_Fashion_Week_runway_2026_c00cf16e5be5bb3a.jpg,5,#c493a2,0.02075,primary/jewel
data/latest/images/Tokyo_Fashion_Week_street_style_2025_c622477b1ce78357.jpg,1,#d4ceb6,0.31228333333333336,earth
data/latest/images/Tokyo_Fashion_Week_street_style_2025_c622477b1ce78357.jpg,2,#a99886,0.29151666666666665,earth
data/latest/images/Tokyo_Fashion_Week_street_style_2025_c622477b1ce78357.jpg,3,#55595f,0.1675,blue/purple
data/latest/images/Tokyo_Fashion_Week_street_style_2025_c622477b1ce78357.jpg,4,#171d34,0.16598333333333334,blue/purple
data/latest/images/Tokyo_Fashion_Week_street_style_2025_c622477b1ce78357.jpg,5,#f15222,0.06271666666666667,neon
data/latest/images/Tokyo_Fashion_Week_runway_2026_d3a967885014c2d2.jpg,1,#e8e4e7,0.38603333333333334,pastels
data/latest/images/Tokyo_Fashion_Week_runway_2026_d3a967885014c2d2.jpg,2,#504e57,0.3060833333333333,blue/purple
data/latest/images/Tokyo_Fashion_Week_runway_2026_d3a967885014c2d2.jpg,3,#6c6771,0.18658333333333332,jewel
data/latest/images/Tokyo_Fashion_Week_runway_2026_d3a967885014c2d2.jpg,4,#c4babd,0.0927,neutrals
data/latest/images/Tokyo_Fashion_Week_runway_2026_d3a967885014c2d2.jpg,5,#301f21,0.0286,primary/jewel
data/latest/images/Gucci_Fall_2013_runway_2e2c39689586311e.jpg,1,#06070a,0.3967333333333333,neutrals
data/latest/images/Gucci_Fall_2013_runway_2e2c39689586311e.jpg,2,#433f3b,0.20325833333333335,earth
data/latest/images/Gucci_Fall_2013_runway_2e2c39689586311e.jpg,3,#a4a8ae,0.15996666666666667,neutrals
data/latest/images/Gucci_Fall_2013_runway_2e2c39689586311e.jpg,4,#e72d10,0.12939166666666665,neon
data/latest/images/Gucci_Fall_2013_runway_2e2c39689586311e.jpg,5,#7a746c,0.11065,earth
data/latest/images/runway_backstage_fashion_2025_1c81857f1f2f2f5c.jpg,1,#0b0b0b,0.49995,neutrals
data/latest/images/runway_backstage_fashion_2025_1c81857f1f2f2f5c.jpg,2,#c18c84,0.1976,primary/jewel
data/latest/images/runway_backstage_fashion_2025_1c81857f1f2f2f5c.jpg,3,#e4bba6,0.14115,earth
data/latest/images/runway_backstage_fashion_2025_1c81857f1f2f2f5c.jpg,4,#a35859,0.101225,primary/jewel
data/latest/images/runway_backstage_fashion_2025_1c81857f1f2f2f5c.jpg,5,#552e3a,0.060075,primary/jewel
data/latest/images/Gucci_Fall_2013_runway_de8a6920940a1faf.jpg,1,#050b0e,0.30454166666666665,neutrals
data/latest/images/Gucci_Fall_2013_runway_de8a6920940a1faf.jpg,2,#383a3d,0.29899166666666666,blue/purple
data/latest/images/Gucci_Fall_2013_runway_de8a6920940a1faf.jpg,3,#5f636b,0.20695,blue/purple
data/latest/images/Gucci_Fall_2013_runway_de8a6920940a1faf.jpg,4,#7890a7,0.10045,blue/purple
data/latest/images/Gucci_Fall_2013_runway_de8a6920940a1faf.jpg,5,#b6c0c8,0.08906666666666667,blue/purple
data/latest/images/runway_backstage_fashion_2025_d116234548034a97.jpg,1,#271f1f,0.2973,neutrals
data/latest/images/runway_backstage_fashion_2025_d116234548034a97.jpg,2,#3c4141,0.23280833333333334,neutrals
data/latest/images/runway_backstage_fashion_2025_d116234548034a97.jpg,3,#88aa99,0.17209166666666667,green/blue
data/latest/images/runway_backstage_fashion_2025_d116234548034a97.jpg,4,#62706b,0.151,green/blue
data/latest/images/runway_backstage_fashion_2025_d116234548034a97.jpg,5,#d1dad6,0.1468,neutrals
data/latest/images/Stockholm_Fashion_Week_street_style_2026_261013ad9bae47b2.jpg,1,#071017,0.44155,neutrals
data/latest/images/Stockholm_Fashion_Week_street_style_2026_261013ad9bae47b2.jpg,2,#8a96a1,0.26111666666666666,blue/purple
data/latest/images/Stockholm_Fashion_Week_street_style_2026_261013ad9bae47b2.jpg,3,#727981,0.16041666666666668,blue/purple
data/latest/images/Stockholm_Fashion_Week_street_style_2026_261013ad9bae47b2.jpg,4,#3c3e46,0.07651666666666666,blue/purple
data/latest/images/Stockholm_Fashion_Week_street_style_2026_261013ad9bae47b2.jpg,5,#bdd2e1,0.0604,blue/purple
data/latest/images/Milan_Fashion_Week_runway_2026_63aa7fb03c21fed8.webp,1,#b4aea8,0.318575,neutrals
data/latest/images/Milan_Fashion_Week_runway_2026_63aa7fb03c21fed8.webp,2,#90867b,0.28665,earth
data/latest/images/Milan_Fashion_Week_runway_2026_63aa7fb03c21fed8.webp,3,#20191a,0.234775,neutrals
data/latest/images/Milan_Fashion_Week_runway_2026_63aa7fb03c21fed8.webp,4,#5c4b44,0.12415,earth
data/latest/images/Milan_Fashion_Week_runway_2026_63aa7fb03c21fed8.webp,5,#fcfcfc,0.03585,pastels
data/latest/images/lookbook_fashion_2025_22428d7ad18fb4bc.jpg,1,#d0c2e2,0.6215333333333334,jewel
data/latest/images/lookbook_fashion_2025_22428d7ad18fb4bc.jpg,2,#e2eff6,0.1588,pastels
data/latest/images/lookbook_fashion_2025_22428d7ad18fb4bc.jpg,3,#22272a,0.09138333333333333,neutrals
data/latest/images/lookbook_fashion_2025_22428d7ad18fb4bc.jpg,4,#a46a42,0.07440833333333334,earth
data/latest/images/lookbook_fashion_2025_22428d7ad18fb4bc.jpg,5,#e2983a,0.053875,neon
data/latest/images/Milan_Fashion_Week_runway_2026_c2e8c4f024caffe5.jpg,1,#080b07,0.3777083333333333,neutrals
data/latest/images/Milan_Fashion_Week_runway_2026_c2e8c4f024caffe5.jpg,2,#717271,0.33865833333333334,neutrals
data/latest/images/Milan_Fashion_Week_runway_2026_c2e8c4f024caffe5.jpg,3,#56504b,0.16011666666666666,earth
data/latest/images/Milan_Fashion_Week_runway_2026_c2e8c4f024caffe5.jpg,4,#382921,0.11405,earth
data/latest/images/Milan_Fashion_Week_runway_2026_c2e8c4f024caffe5.jpg,5,#ded9d6,0.009466666666666667,neutrals
data/latest/images/runway_fashion_2025_e7642ea4b7e9de35.jpg,1,#bea99e,0.35684166666666667,earth
data/latest/images/runway_fashion_2025_e7642ea4b7e9de35.jpg,2,#4c391b,0.20636666666666667,earth
data/latest/images/runway_fashion_2025_e7642ea4b7e9de35.jpg,3,#130f0c,0.17466666666666666,neutrals
data/latest/images/runway_fashion_2025_e7642ea4b7e9de35.jpg,4,#8d6031,0.13421666666666668,earth
data/latest/images/runway_fashion_2025_e7642ea4b7e9de35.jpg,5,#dcd4d4,0.12790833333333335,neutrals
data/latest/images/lookbook_fashion_2025_0f8430dee497e346.jpg,1,#575458,0.48195,neutrals
data/latest/images/lookbook_fashion_2025_0f8430dee497e346.jpg,2,#0d0a0d,0.20605833333333334,neutrals
data/latest/images/lookbook_fashion_2025_0f8430dee497e346.jpg,3,#138eb5,0.162925,neon
data/latest/images/lookbook_fashion_2025_0f8430dee497e346.jpg,4,#d3cecf,0.09471666666666667,neutrals
data/latest/images/lookbook_fashion_2025_0f8430dee497e346.jpg,5,#a78172,0.05435,earth
data/latest/images/Tokyo_Fashion_Week_street_style_2025_2392c1ac767274e2.jpg,1,#aeafb1,0.28200833333333336,neutrals
data/latest/images/Tokyo_Fashion_Week_street_style_2025_2392c1ac767274e2.jpg,2,#858486,0.2748333333333333,neutrals
data/latest/images/Tokyo_Fashion_Week_street_style_2025_2392c1ac767274e2.jpg,3,#e1e2de,0.206925,neutrals
data/latest/images/Tokyo_Fashion_Week_street_style_2025_2392c1ac767274e2.jpg,4,#5b524f,0.13840833333333333,earth
data/latest/images/Tokyo_Fashion_Week_street_style_2025_2392c1ac767274e2.jpg,5,#1a1721,0.097825,neutrals
data/latest/images/Tokyo_Fashion_Week_street_style_2025_768a0f768f1e2549.webp,1,#1c1a1f,0.3752666666666667,neutrals
data/latest/images/Tokyo_Fashion_Week_street_style_2025_768a0f768f1e2549.webp,2,#3b3d45,0.25499166666666667,blue/purple
data/latest/images/Tokyo_Fashion_Week_street_style_2025_768a0f768f1e2549.webp,3,#5a6371,0.23058333333333333,blue/purple
data/latest/images/Tokyo_Fashion_Week_street_style_2025_768a0f768f1e2549.webp,4,#979dad,0.1112,blue/purple
data/latest/images/Tokyo_Fashion_Week_street_style_2025_768a0f768f1e2549.webp,5,#9a4026,0.027958333333333335,primary/jewel
data/latest/images/Paris_Fashion_Week_runway_2026_8500d0de10242005.jpg,1,#100f0d,0.34081666666666666,neutrals
data/latest/images/Paris_Fashion_Week_runway_2026_8500d0de10242005.jpg,2,#b1a699,0.27978333333333333,earth
data/latest/images/Paris_Fashion_Week_runway_2026_8500d0de10242005.jpg,3,#7f7064,0.15209166666666665,earth
data/latest/images/Paris_Fashion_Week_runway_2026_8500d0de10242005.jpg,4,#4b372b,0.14039166666666666,earth
data/latest/images/Paris_Fashion_Week_runway_2026_8500d0de10242005.jpg,5,#b06534,0.08691666666666667,earth
data/latest/images/Sydney_Fashion_Week_backstage_2025_b4bd35b7aea3c099.jpg,1,#0a0714,0.344775,neutrals
data/latest/images/Sydney_Fashion_Week_backstage_2025_b4bd35b7aea3c099.jpg,2,#fcfdff,0.227875,pastels
data/latest/images/Sydney_Fashion_Week_backstage_2025_b4bd35b7aea3c099.jpg,3,#31313f,0.16771666666666665,blue/purple
data/latest/images/Sydney_Fashion_Week_backstage_2025_b4bd35b7aea3c099.jpg,4,#4f5768,0.167575,blue/purple
data/latest/images/Sydney_Fashion_Week_backstage_2025_b4bd35b7aea3c099.jpg,5,#acafb8,0.09205833333333334,neutrals
data/latest/images/Sydney_Fashion_Week_runway_2025_02d6c3cfc0bb3823.jpg,1,#e3e5ed,0.3071833333333333,pastels
data/latest/images/Sydney_Fashion_Week_runway_2025_02d6c3cfc0bb3823.jpg,2,#79757b,0.3063666666666667,neutrals
data/latest/images/Sydney_Fashion_Week_runway_2025_02d6c3cfc0bb3823.jpg,3,#504b53,0.2818583333333333,jewel
data/latest/images/Sydney_Fashion_Week_runway_2025_02d6c3cfc0bb3823.jpg,4,#e3b271,0.06246666666666666,earth
data/latest/images/Sydney_Fashion_Week_runway_2025_02d6c3cfc0bb3823.jpg,5,#aa6636,0.042125,earth
data/latest/images/Sydney_Fashion_Week_backstage_2025_c3168ff2b6d143be.jpg,1,#706c6d,0.256975,neutrals
data/latest/images/Sydney_Fashion_Week_backstage_2025_c3168ff2b6d143be.jpg,2,#060a15,0.238475,neutrals
data/latest/images/Sydney_Fashion_Week_backstage_2025_c3168ff2b6d143be.jpg,3,#2a2632,0.1953,jewel
data/latest/images/Sydney_Fashion_Week_backstage_2025_c3168ff2b6d143be.jpg,4,#524c4f,0.16594166666666665,neutrals
data/latest/images/Sydney_Fashion_Week_backstage_2025_c3168ff2b6d143be.jpg,5,#bbadb8,0.14330833333333334,neutrals
data/latest/images/Tokyo_Fashion_Week_backstage_2025_19661cbbbbe8ac45.jpg,1,#110f0f,0.43735833333333335,neutrals
data/latest/images/Tokyo_Fashion_Week_backstage_2025_19661cbbbbe8ac45.jpg,2,#484247,0.22476666666666667,primary/jewel
data/latest/images/Tokyo_Fashion_Week_backstage_2025_19661cbbbbe8ac45.jpg,3,#e4e2dc,0.160975,neutrals
data/latest/images/Tokyo_Fashion_Week_backstage_2025_19661cbbbbe8ac45.jpg,4,#948783,0.116375,primary/jewel
data/latest/images/Tokyo_Fashion_Week_backstage_2025_19661cbbbbe8ac45.jpg,5,#b51f2b,0.060525,neon
data/latest/images/Tokyo_Fashion_Week_runway_2026_58f3d7ac9eb8c46a.jpg,1,#615b52,0.322025,earth
data/latest/images/Tokyo_Fashion_Week_runway_2026_58f3d7ac9eb8c46a.jpg,2,#d2cbc2,0.22468333333333335,neutrals
data/latest/images/Tokyo_Fashion_Week_runway_2026_58f3d7ac9eb8c46a.jpg,3,#b0aaa2,0.21516666666666667,neutrals
data/latest/images/Tokyo_Fashion_Week_runway_2026_58f3d7ac9eb8c46a.jpg,4,#847d76,0.16118333333333335,earth
data/latest/images/Tokyo_Fashion_Week_runway_2026_58f3d7ac9eb8c46a.jpg,5,#272528,0.07694166666666667,neutrals
data/latest/images/Milan_Fashion_Week_runway_2025_883a351bdfcb3d53.jpg,1,#1a1918,0.3465666666666667,neutrals
data/latest/images/Milan_Fashion_Week_runway_2025_883a351bdfcb3d53.jpg,2,#857947,0.20149166666666668,earth
data/latest/images/Milan_Fashion_Week_runway_2025_883a351bdfcb3d53.jpg,3,#b0b07d,0.18665833333333334,earth
data/latest/images/Milan_Fashion_Week_runway_2025_883a351bdfcb3d53.jpg,4,#4f4426,0.14503333333333332,earth
data/latest/images/Milan_Fashion_Week_runway_2025_883a351bdfcb3d53.jpg,5,#eeefe4,0.12025,pastels
data/latest/images/vogue_runway_emerald_dress_e1480f0a9729a644.jpg,1,#030a08,0.472125,neutrals
data/latest/images/vogue_runway_emerald_dress_e1480f0a9729a644.jpg,2,#f9f6ee,0.196975,pastels
data/latest/images/vogue_runway_emerald_dress_e1480f0a9729a644.jpg,3,#dfc2ac,0.1423,earth
data/latest/images/vogue_runway_emerald_dress_e1480f0a9729a644.jpg,4,#762020,0.13099166666666667,primary/jewel
data/latest/images/vogue_runway_emerald_dress_e1480f0a9729a644.jpg,5,#bd8c72,0.05760833333333333,earth
data/latest/images/Stockholm_Fashion_Week_street_style_2026_5354b345a5ca0027.webp,1,#8e8485,0.33679166666666666,neutrals
data/latest/images/Stockholm_Fashion_Week_street_style_2026_5354b345a5ca0027.webp,2,#635c5c,0.2303,neutrals
data/latest/images/Stockholm_Fashion_Week_street_style_2026_5354b345a5ca0027.webp,3,#130f0e,0.2036,neutrals
data/latest/images/Stockholm_Fashion_Week_street_style_2026_5354b345a5ca0027.webp,4,#c7b9b3,0.12220833333333334,earth
data/latest/images/Stockholm_Fashion_Week_street_style_2026_5354b345a5ca0027.webp,5,#362f2b,0.1071,earth
data/latest/images/Seoul_Fashion_Week_street_style_2025_57b085d335eca7e7.png,1,#7d7169,0.24081666666666668,earth
data/latest/images/Seoul_Fashion_Week_street_style_2025_57b085d335eca7e7.png,2,#f1ece9,0.21685833333333332,pastels
data/latest/images/Seoul_Fashion_Week_street_style_2025_57b085d335eca7e7.png,3,#c0ac97,0.21420833333333333,earth
data/latest/images/Seoul_Fashion_Week_street_style_2025_57b085d335eca7e7.png,4,#151216,0.16420833333333335,neutrals
data/latest/images/Seoul_Fashion_Week_street_style_2025_57b085d335eca7e7.png,5,#502e2a,0.16390833333333332,primary/jewel
data/latest/images/New_York_Fashion_Week_street_style_2025_b146542d9e75523d.jpg,1,#837172,0.297525,primary/jewel
data/latest/images/New_York_Fashion_Week_street_style_2025_b146542d9e75523d.jpg,2,#5f4032,0.20305,earth
data/latest/images/New_York_Fashion_Week_street_style_2025_b146542d9e75523d.jpg,3,#b2a4a6,0.18790833333333334,neutrals
data/latest/images/New_York_Fashion_Week_street_style_2025_b146542d9e75523d.jpg,4,#242137,0.17780833333333335,blue/purple
data/latest/images/New_York_Fashion_Week_street_style_2025_b146542d9e75523d.jpg,5,#ebd088,0.13370833333333335,earth
data/latest/images/Tokyo_Fashion_Week_street_style_2025_ccc341fc8a7fb8c1.png,1,#d2d6d9,0.288075,neutrals
data/latest/images/Tokyo_Fashion_Week_street_style_2025_ccc341fc8a7fb8c1.png,2,#192020,0.23893333333333333,neutrals
data/latest/images/Tokyo_Fashion_Week_street_style_2025_ccc341fc8a7fb8c1.png,3,#adaeac,0.19964166666666666,neutrals
data/latest/images/Tokyo_Fashion_Week_street_style_2025_ccc341fc8a7fb8c1.png,4,#40403b,0.13808333333333334,neutrals
data/latest/images/Tokyo_Fashion_Week_street_style_2025_ccc341fc8a7fb8c1.png,5,#7c756a,0.13526666666666667,earth
data/latest/images/Milan_Fashion_Week_runway_2026_80cdf04772dd7811.jpg,1,#ebe7e4,0.3700187969924812,pastels
data/latest/images/Milan_Fashion_Week_runway_2026_80cdf04772dd7811.jpg,2,#6f5c53,0.2467642320085929,earth
data/latest/images/Milan_Fashion_Week_runway_2026_80cdf04772dd7811.jpg,3,#af9b98,0.19143394199785177,primary/jewel
data/latest/images/Milan_Fashion_Week_runway_2026_80cdf04772dd7811.jpg,4,#201717,0.15210794844253492,neutrals
data/latest/images/Milan_Fashion_Week_runway_2026_80cdf04772dd7811.jpg,5,#dd3a35,0.0396750805585392,neon
data/latest/images/Paris_Fashion_Week_runway_2026_92c556f81ba26023.jpg,1,#130a0a,0.41878333333333334,neutrals
data/latest/images/Paris_Fashion_Week_runway_2026_92c556f81ba26023.jpg,2,#2d1d23,0.24554166666666666,neutrals
data/latest/images/Paris_Fashion_Week_runway_2026_92c556f81ba26023.jpg,3,#533222,0.18315,earth
data/latest/images/Paris_Fashion_Week_runway_2026_92c556f81ba26023.jpg,4,#73513f,0.14089166666666667,earth
data/latest/images/Paris_Fashion_Week_runway_2026_92c556f81ba26023.jpg,5,#e6cab7,0.011633333333333334,earth
data/latest/images/Chanel_haute_couture_2020_4e1a4b7e7e8e998d.jpg,1,#150a06,0.3658666666666667,neutrals
data/latest/images/Chanel_haute_couture_2020_4e1a4b7e7e8e998d.jpg,2,#625553,0.203775,primary/jewel
data/latest/images/Chanel_haute_couture_2020_4e1a4b7e7e8e998d.jpg,3,#938b86,0.14531666666666668,earth
data/latest/images/Chanel_haute_couture_2020_4e1a4b7e7e8e998d.jpg,4,#342720,0.14326666666666665,earth
data/latest/images/Chanel_haute_couture_2020_4e1a4b7e7e8e998d.jpg,5,#c5c3bf,0.141775,neutrals
data/latest/images/Los_Angeles_Fashion_Week_backstage_2026_3548e426fcfd34ab.jpg,1,#2b2b2e,0.387775,neutrals
data/latest/images/Los_Angeles_Fashion_Week_backstage_2026_3548e426fcfd34ab.jpg,2,#0f1012,0.34105,neutrals
data/latest/images/Los_Angeles_Fashion_Week_backstage_2026_3548e426fcfd34ab.jpg,3,#b1808e,0.10284166666666666,primary/jewel
data/latest/images/Los_Angeles_Fashion_Week_backstage_2026_3548e426fcfd34ab.jpg,4,#5d4c5b,0.0985,primary/jewel
data/latest/images/Los_Angeles_Fashion_Week_backstage_2026_3548e426fcfd34ab.jpg,5,#e8c5d0,0.06983333333333333,pastels
data/latest/images/New_York_Fashion_Week_street_style_2025_ca043bce5be715d8.webp,1,#bfc3c4,0.35551666666666665,neutrals
data/latest/images/New_York_Fashion_Week_street_style_2025_ca043bce5be715d8.webp,2,#a5a4a2,0.27381666666666665,neutrals
data/latest/images/New_York_Fashion_Week_street_style_2025_ca043bce5be715d8.webp,3,#887a6b,0.167325,earth
data/latest/images/New_York_Fashion_Week_street_style_2025_ca043bce5be715d8.webp,4,#645344,0.14434166666666667,earth
data/latest/images/New_York_Fashion_Week_street_style_2025_ca043bce5be715d8.webp,5,#292424,0.059,neutrals
data/latest/images/lookbook_fashion_2026_9619067c7648e18d.jpg,1,#50382d,0.28828333333333334,earth
data/latest/images/lookbook_fashion_2026_9619067c7648e18d.jpg,2,#100a09,0.264175,neutrals
data/latest/images/lookbook_fashion_2026_9619067c7648e18d.jpg,3,#a69f97,0.16615,earth
data/latest/images/lookbook_fashion_2026_9619067c7648e18d.jpg,4,#71665e,0.16200833333333334,earth
data/latest/images/lookbook_fashion_2026_9619067c7648e18d.jpg,5,#e4e2de,0.11938333333333333,neutrals
data/latest/images/Tokyo_Fashion_Week_runway_2026_74824e299ffb8fd1.png,1,#221b1b,0.320375,neutrals
data/latest/images/Tokyo_Fashion_Week_runway_2026_74824e299ffb8fd1.png,2,#c4b4ab,0.2628083333333333,earth
data/latest/images/Tokyo_Fashion_Week_runway_2026_74824e299ffb8fd1.png,3,#e2dfe0,0.20678333333333335,neutrals
data/latest/images/Tokyo_Fashion_Week_runway_2026_74824e299ffb8fd1.png,4,#a0959a,0.12095,neutrals
data/latest/images/Tokyo_Fashion_Week_runway_2026_74824e299ffb8fd1.png,5,#614c4e,0.08908333333333333,primary/jewel
data/latest/images/runway_backstage_fashion_2025_b0c9ea9f938b45df.jpg,1,#0f0f0f,0.521,neutrals
data/latest/images/runway_backstage_fashion_2025_b0c9ea9f938b45df.jpg,2,#97857e,0.15146666666666667,earth
data/latest/images/runway_backstage_fashion_2025_b0c9ea9f938b45df.jpg,3,#d4b3a0,0.147675,earth
data/latest/images/runway_backstage_fashion_2025_b0c9ea9f938b45df.jpg,4,#524a49,0.132025,primary/jewel
data/latest/images/runway_backstage_fashion_2025_b0c9ea9f938b45df.jpg,5,#840815,0.04783333333333333,primary/jewel
data/latest/images/lookbook_fashion_2025_f8068f8ea1d2fafa.webp,1,#e2e2e2,0.28875833333333334,neutrals
data/latest/images/lookbook_fashion_2025_f8068f8ea1d2fafa.webp,2,#aeaaa7,0.22095,neutrals
data/latest/images/lookbook_fashion_2025_f8068f8ea1d2fafa.webp,3,#1e1818,0.17321666666666666,neutrals
data/latest/images/lookbook_fashion_2025_f8068f8ea1d2fafa.webp,4,#523e35,0.16888333333333333,earth
data/latest/images/lookbook_fashion_2025_f8068f8ea1d2fafa.webp,5,#807265,0.14819166666666667,earth
data/latest/images/runway_fashion_2025_ac8d5ba4e4979a68.webp,1,#ebe1d9,0.3834166666666667,pastels
data/latest/images/runway_fashion_2025_ac8d5ba4e4979a68.webp,2,#c0a192,0.21085833333333334,earth
data/latest/images/runway_fashion_2025_ac8d5ba4e4979a68.webp,3,#281919,0.19010833333333332,neutrals
data/latest/images/runway_fashion_2025_ac8d5ba4e4979a68.webp,4,#8b6659,0.16105,earth
data/latest/images/runway_fashion_2025_ac8d5ba4e4979a68.webp,5,#cb121b,0.054566666666666666,neon
data/latest/images/Tokyo_Fashion_Week_backstage_2025_06a3ca1693e3d700.jpg,1,#0f1211,0.4842416666666667,neutrals
data/latest/images/Tokyo_Fashion_Week_backstage_2025_06a3ca1693e3d700.jpg,2,#47474a,0.22355,neutrals
data/latest/images/Tokyo_Fashion_Week_backstage_2025_06a3ca1693e3d700.jpg,3,#68666c,0.14125,neutrals
data/latest/images/Tokyo_Fashion_Week_backstage_2025_06a3ca1693e3d700.jpg,4,#2b292a,0.13360833333333333,neutrals
data/latest/images/Tokyo_Fashion_Week_backstage_2025_06a3ca1693e3d700.jpg,5,#b79b99,0.01735,primary/jewel
data/latest/images/Tokyo_Fashion_Week_backstage_2025_8a61ada1107a9aea.jpg,1,#3c2e30,0.366975,primary/jewel
data/latest/images/Tokyo_Fashion_Week_backstage_2025_8a61ada1107a9aea.jpg,2,#7b756d,0.24758333333333332,earth
data/latest/images/Tokyo_Fashion_Week_backstage_2025_8a61ada1107a9aea.jpg,3,#5d5650,0.222875,earth
data/latest/images/Tokyo_Fashion_Week_backstage_2025_8a61ada1107a9aea.jpg,4,#8fa89c,0.13700833333333334,green/blue
data/latest/images/Tokyo_Fashion_Week_backstage_2025_8a61ada1107a9aea.jpg,5,#d3e1d6,0.025558333333333332,neutrals
data/latest/images/Gucci_Fall_2013_runway_79f9bcad79a47267.jpg,1,#030713,0.5869666666666666,neutrals
data/latest/images/Gucci_Fall_2013_runway_79f9bcad79a47267.jpg,2,#21283e,0.21605833333333332,blue/purple
data/latest/images/Gucci_Fall_2013_runway_79f9bcad79a47267.jpg,3,#4b4d5e,0.09656666666666666,blue/purple
data/latest/images/Gucci_Fall_2013_runway_79f9bcad79a47267.jpg,4,#84858c,0.06458333333333334,neutrals
data/latest/images/Gucci_Fall_2013_runway_79f9bcad79a47267.jpg,5,#d9d9d9,0.035825,neutrals
data/latest/images/London_Fashion_Week_street_style_2025_4c93978b3d71964a.jpg,1,#aeafb1,0.39600833333333335,neutrals
data/latest/images/London_Fashion_Week_street_style_2025_4c93978b3d71964a.jpg,2,#d6d0cc,0.25550833333333334,neutrals
data/latest/images/London_Fashion_Week_street_style_2025_4c93978b3d71964a.jpg,3,#ab8c61,0.191925,earth
data/latest/images/London_Fashion_Week_street_style_2025_4c93978b3d71964a.jpg,4,#795e41,0.10080833333333333,earth
data/latest/images/London_Fashion_Week_street_style_2025_4c93978b3d71964a.jpg,5,#2b2624,0.05575,neutrals
data/latest/images/New_York_Fashion_Week_street_style_2025_f5a02bb0e4aeec30.jpg,1,#bebebe,0.2828333333333333,neutrals
data/latest/images/New_York_Fashion_Week_street_style_2025_f5a02bb0e4aeec30.jpg,2,#989594,0.26271666666666665,neutrals
data/latest/images/New_York_Fashion_Week_street_style_2025_f5a02bb0e4aeec30.jpg,3,#1e1e1e,0.18664166666666668,neutrals
data/latest/images/New_York_Fashion_Week_street_style_2025_f5a02bb0e4aeec30.jpg,4,#e8eaea,0.165675,pastels
data/latest/images/New_York_Fashion_Week_street_style_2025_f5a02bb0e4aeec30.jpg,5,#695247,0.10213333333333334,earth
data/latest/images/Seoul_Fashion_Week_runway_2026_5ab6182fae6f4d07.jpg,1,#0d1920,0.3588,neutrals
data/latest/images/Seoul_Fashion_Week_runway_2026_5ab6182fae6f4d07.jpg,2,#c8bfbd,0.28546666666666665,neutrals
data/latest/images/Seoul_Fashion_Week_runway_2026_5ab6182fae6f4d07.jpg,3,#b69b89,0.16603333333333334,earth
data/latest/images/Seoul_Fashion_Week_runway_2026_5ab6182fae6f4d07.jpg,4,#987158,0.117425,earth
data/latest/images/Seoul_Fashion_Week_runway_2026_5ab6182fae6f4d07.jpg,5,#504036,0.072275,earth
data/latest/images/Sydney_Fashion_Week_backstage_2025_61d43b7b8affdb8d.jpg,1,#040404,0.28325,neutrals
data/latest/images/Sydney_Fashion_Week_backstage_2025_61d43b7b8affdb8d.jpg,2,#594f3f,0.2690166666666667,earth
data/latest/images/Sydney_Fashion_Week_backstage_2025_61d43b7b8affdb8d.jpg,3,#bb7b60,0.184975,earth
data/latest/images/Sydney_Fashion_Week_backstage_2025_61d43b7b8affdb8d.jpg,4,#daccd8,0.17526666666666665,neutrals
data/latest/images/Sydney_Fashion_Week_backstage_2025_61d43b7b8affdb8d.jpg,5,#6b9068,0.08749166666666666,green/blue
data/latest/images/Los_Angeles_Fashion_Week_backstage_2026_9ba39ff4bbcb92d8.jpg,1,#f5f4f0,0.45155,pastels
data/latest/images/Los_Angeles_Fashion_Week_backstage_2026_9ba39ff4bbcb92d8.jpg,2,#e0c9b7,0.2717333333333333,earth
data/latest/images/Los_Angeles_Fashion_Week_backstage_2026_9ba39ff4bbcb92d8.jpg,3,#1d1b1c,0.175175,neutrals
data/latest/images/Los_Angeles_Fashion_Week_backstage_2026_9ba39ff4bbcb92d8.jpg,4,#b38357,0.05246666666666667,earth
data/latest/images/Los_Angeles_Fashion_Week_backstage_2026_9ba39ff4bbcb92d8.jpg,5,#dc2590,0.049075,neon
data/latest/images/New_York_Fashion_Week_runway_2025_eeac41418fae70fd.jpg,1,#e5e8ed,0.372375,pastels
data/latest/images/New_York_Fashion_Week_runway_2025_eeac41418fae70fd.jpg,2,#21211f,0.25998333333333334,neutrals
data/latest/images/New_York_Fashion_Week_runway_2025_eeac41418fae70fd.jpg,3,#7a726d,0.16414166666666666,earth
data/latest/images/New_York_Fashion_Week_runway_2025_eeac41418fae70fd.jpg,4,#948f8a,0.13543333333333332,neutrals
data/latest/images/New_York_Fashion_Week_runway_2025_eeac41418fae70fd.jpg,5,#cccfd5,0.06806666666666666,neutrals
data/latest/images/New_York_Fashion_Week_runway_2025_e3019a8fbc1b380a.jpg,1,#ccaeb0,0.42799166666666666,primary/jewel
data/latest/images/New_York_Fashion_Week_runway_2025_e3019a8fbc1b380a.jpg,2,#958893,0.34863333333333335,primary/jewel
data/latest/images/New_York_Fashion_Week_runway_2025_e3019a8fbc1b380a.jpg,3,#6b5c62,0.0976,primary/jewel
data/latest/images/New_York_Fashion_Week_runway_2025_e3019a8fbc1b380a.jpg,4,#211e20,0.0817,neutrals
data/latest/images/New_York_Fashion_Week_runway_2025_e3019a8fbc1b380a.jpg,5,#e3931a,0.044075,neon
data/latest/images/Tokyo_Fashion_Week_street_style_2025_c5f4efa32650abc7.jpg,1,#121013,0.2548,neutrals
data/latest/images/Tokyo_Fashion_Week_street_style_2025_c5f4efa32650abc7.jpg,2,#42382c,0.20834166666666668,earth
data/latest/images/Tokyo_Fashion_Week_street_style_2025_c5f4efa32650abc7.jpg,3,#af9f88,0.19040833333333335,earth
data/latest/images/Tokyo_Fashion_Week_street_style_2025_c5f4efa32650abc7.jpg,4,#776454,0.189775,earth
data/latest/images/Tokyo_Fashion_Week_street_style_2025_c5f4efa32650abc7.jpg,5,#ced0c7,0.156675,neutrals
data/latest/images/lookbook_fashion_2026_1417e310487e4172.jpg,1,#051316,0.46075,neutrals
data/latest/images/lookbook_fashion_2026_1417e310487e4172.jpg,2,#e6dae5,0.31566666666666665,pastels
data/latest/images/lookbook_fashion_2026_1417e310487e4172.jpg,3,#513234,0.08283333333333333,primary/jewel
data/latest/images/lookbook_fashion_2026_1417e310487e4172.jpg,4,#b95255,0.07535833333333333,primary/jewel
data/latest/images/lookbook_fashion_2026_1417e310487e4172.jpg,5,#b899a3,0.06539166666666667,primary/jewel
data/latest/images/Copenhagen_Fashion_Week_street_style_2026_8b6c36aee74b957d.jpg,1,#0a0a0a,0.455925,neutrals
data/latest/images/Copenhagen_Fashion_Week_street_style_2026_8b6c36aee74b957d.jpg,2,#8b8072,0.17966666666666667,earth
data/latest/images/Copenhagen_Fashion_Week_street_style_2026_8b6c36aee74b957d.jpg,3,#2e2928,0.13779166666666667,primary/jewel
data/latest/images/Copenhagen_Fashion_Week_street_style_2026_8b6c36aee74b957d.jpg,4,#afa699,0.1306,earth
data/latest/images/Copenhagen_Fashion_Week_street_style_2026_8b6c36aee74b957d.jpg,5,#614f4b,0.09601666666666667,primary/jewel
data/latest/images/New_York_Fashion_Week_runway_2025_10319f527b45ea94.jpg,1,#3d3737,0.29715,primary/jewel
data/latest/images/New_York_Fashion_Week_runway_2025_10319f527b45ea94.jpg,2,#1e1a1e,0.2735916666666667,neutrals
data/latest/images/New_York_Fashion_Week_runway_2025_10319f527b45ea94.jpg,3,#c0b1ab,0.23659166666666667,earth
data/latest/images/New_York_Fashion_Week_runway_2025_10319f527b45ea94.jpg,4,#8b6864,0.10956666666666667,primary/jewel
data/latest/images/New_York_Fashion_Week_runway_2025_10319f527b45ea94.jpg,5,#d52414,0.0831,neon
data/latest/images/Paris_Fashion_Week_runway_2026_494931979e84711a.webp,1,#545451,0.5099083333333333,neutrals
data/latest/images/Paris_Fashion_Week_runway_2026_494931979e84711a.webp,2,#e8eaed,0.17975833333333333,pastels
data/latest/images/Paris_Fashion_Week_runway_2026_494931979e84711a.webp,3,#241c1b,0.13390833333333332,neutrals
data/latest/images/Paris_Fashion_Week_runway_2026_494931979e84711a.webp,4,#70b5c7,0.099275,blue/purple
data/latest/images/Paris_Fashion_Week_runway_2026_494931979e84711a.webp,5,#2c60b7,0.07715,neon
data/latest/images/Sydney_Fashion_Week_backstage_2025_011e44d90feeb085.jpg,1,#f0eee4,0.7470833333333333,pastels
data/latest/images/Sydney_Fashion_Week_backstage_2025_011e44d90feeb085.jpg,2,#dbd4c6,0.14980833333333332,earth
data/latest/images/Sydney_Fashion_Week_backstage_2025_011e44d90feeb085.jpg,3,#c0734c,0.03940833333333333,earth
data/latest/images/Sydney_Fashion_Week_backstage_2025_011e44d90feeb085.jpg,4,#1e1a1b,0.03623333333333333,neutrals
data/latest/images/Sydney_Fashion_Week_backstage_2025_011e44d90feeb085.jpg,5,#534a4d,0.027466666666666667,primary/jewel
data/latest/images/fashion_campaign_2026_65c238f774e2da31.jpg,1,#4a3f32,0.3792583333333333,earth
data/latest/images/fashion_campaign_2026_65c238f774e2da31.jpg,2,#85b3c9,0.21521666666666667,blue/purple
data/latest/images/fashion_campaign_2026_65c238f774e2da31.jpg,3,#18130d,0.17195833333333332,neutrals
data/latest/images/fashion_campaign_2026_65c238f774e2da31.jpg,4,#8c7a70,0.13905833333333334,earth
data/latest/images/fashion_campaign_2026_65c238f774e2da31.jpg,5,#f2edea,0.09450833333333333,pastels
data/latest/images/vogue_runway_emerald_dress_b888ef8359f722f9.jpg,1,#050a0b,0.5800916666666667,neutrals
data/latest/images/vogue_runway_emerald_dress_b888ef8359f722f9.jpg,2,#f2f8fd,0.16486666666666666,pastels
data/latest/images/vogue_runway_emerald_dress_b888ef8359f722f9.jpg,3,#1d3229,0.10084166666666666,green/blue
data/latest/images/vogue_runway_emerald_dress_b888ef8359f722f9.jpg,4,#cbcbd9,0.09374166666666667,neutrals
data/latest/images/vogue_runway_emerald_dress_b888ef8359f722f9.jpg,5,#957974,0.060458333333333336,primary/jewel
data/latest/images/New_York_Fashion_Week_street_style_2025_564f2afba2494648.png,1,#3c3e3c,0.2363,neutrals
data/latest/images/New_York_Fashion_Week_street_style_2025_564f2afba2494648.png,2,#5e5c59,0.23350833333333335,neutrals
data/latest/images/New_York_Fashion_Week_street_style_2025_564f2afba2494648.png,3,#838385,0.21155833333333332,neutrals
data/latest/images/New_York_Fashion_Week_street_style_2025_564f2afba2494648.png,4,#1d1e1f,0.193425,neutrals
data/latest/images/New_York_Fashion_Week_street_style_2025_564f2afba2494648.png,5,#a5aaaf,0.12520833333333334,neutrals
data/latest/images/Sydney_Fashion_Week_backstage_2025_79e0dff799c0ef81.jpg,1,#3d2419,0.25940833333333335,earth
data/latest/images/Sydney_Fashion_Week_backstage_2025_79e0dff799c0ef81.jpg,2,#7a4834,0.2392,earth
data/latest/images/Sydney_Fashion_Week_backstage_2025_79e0dff799c0ef81.jpg,3,#dbcab8,0.197575,earth
data/latest/images/Sydney_Fashion_Week_backstage_2025_79e0dff799c0ef81.jpg,4,#ab886f,0.1673,earth
data/latest/images/Sydney_Fashion_Week_backstage_2025_79e0dff799c0ef81.jpg,5,#dc4f22,0.13651666666666668,neon
data/latest/images/Gucci_Fall_2013_runway_8de7380cecbfb5b9.jpg,1,#060c14,0.5624666666666667,neutrals
data/latest/images/Gucci_Fall_2013_runway_8de7380cecbfb5b9.jpg,2,#723c60,0.20101666666666668,primary/jewel
data/latest/images/Gucci_Fall_2013_runway_8de7380cecbfb5b9.jpg,3,#222938,0.15063333333333334,blue/purple
data/latest/images/Gucci_Fall_2013_runway_8de7380cecbfb5b9.jpg,4,#8c8ca2,0.043958333333333335,blue/purple
data/latest/images/Gucci_Fall_2013_runway_8de7380cecbfb5b9.jpg,5,#e3e2ea,0.041925,pastels
data/latest/images/leopard_print_runway_1990s_42e32558b21058f0.webp,1,#202024,0.404125,neutrals
data/latest/images/leopard_print_runway_1990s_42e32558b21058f0.webp,2,#3f3029,0.2835666666666667,earth
data/latest/images/leopard_print_runway_1990s_42e32558b21058f0.webp,3,#61473f,0.15980833333333333,primary/jewel
data/latest/images/leopard_print_runway_1990s_42e32558b21058f0.webp,4,#8d6b61,0.07850833333333333,primary/jewel
data/latest/images/leopard_print_runway_1990s_42e32558b21058f0.webp,5,#c99484,0.07399166666666666,primary/jewel
data/latest/images/lookbook_fashion_2026_bb9a53128f2d5ac6.jpg,1,#10120f,0.49146666666666666,neutrals
data/latest/images/lookbook_fashion_2026_bb9a53128f2d5ac6.jpg,2,#acada9,0.23885833333333334,neutrals
data/latest/images/lookbook_fashion_2026_bb9a53128f2d5ac6.jpg,3,#3d3634,0.15255833333333332,primary/jewel
data/latest/images/lookbook_fashion_2026_bb9a53128f2d5ac6.jpg,4,#807975,0.09813333333333334,earth
data/latest/images/lookbook_fashion_2026_bb9a53128f2d5ac6.jpg,5,#f3f7f8,0.018983333333333335,pastels
data/latest/images/leopard_print_runway_1990s_3190d4de36c3a1e3.jpg,1,#f8f9f4,0.32695833333333335,pastels
data/latest/images/leopard_print_runway_1990s_3190d4de36c3a1e3.jpg,2,#2e1716,0.24331666666666665,primary/jewel
data/latest/images/leopard_print_runway_1990s_3190d4de36c3a1e3.jpg,3,#6e3f3b,0.17636666666666667,primary/jewel
data/latest/images/leopard_print_runway_1990s_3190d4de36c3a1e3.jpg,4,#9d727b,0.16426666666666667,primary/jewel
data/latest/images/leopard_print_runway_1990s_3190d4de36c3a1e3.jpg,5,#d1bbbc,0.08909166666666667,primary/jewel
data/latest/images/New_York_Fashion_Week_street_style_2025_7500c37e936ec29e.jpg,1,#020f0d,0.372425,neutrals
data/latest/images/New_York_Fashion_Week_street_style_2025_7500c37e936ec29e.jpg,2,#88938f,0.20205,neutrals
data/latest/images/New_York_Fashion_Week_street_style_2025_7500c37e936ec29e.jpg,3,#29332a,0.19155833333333333,green/blue
data/latest/images/New_York_Fashion_Week_street_style_2025_7500c37e936ec29e.jpg,4,#5b5d50,0.15826666666666667,earth
data/latest/images/New_York_Fashion_Week_street_style_2025_7500c37e936ec29e.jpg,5,#dce5e5,0.0757,neutrals
data/latest/images/London_Fashion_Week_runway_2025_0838800f25cf49e3.jpg,1,#393c3a,0.3575833333333333,neutrals
data/latest/images/London_Fashion_Week_runway_2025_0838800f25cf49e3.jpg,2,#171a1c,0.3238666666666667,neutrals
data/latest/images/London_Fashion_Week_runway_2025_0838800f25cf49e3.jpg,3,#5d6460,0.21678333333333333,neutrals
data/latest/images/London_Fashion_Week_runway_2025_0838800f25cf49e3.jpg,4,#95a29f,0.068975,neutrals
data/latest/images/London_Fashion_Week_runway_2025_0838800f25cf49e3.jpg,5,#d23739,0.03279166666666666,neon
data/latest/images/Seoul_Fashion_Week_backstage_2026_9cd9ddb0012194a2.jpg,1,#fb95bb,0.30368333333333336,primary/jewel
data/latest/images/Seoul_Fashion_Week_backstage_2026_9cd9ddb0012194a2.jpg,2,#7c5142,0.20585833333333334,earth
data/latest/images/Seoul_Fashion_Week_backstage_2026_9cd9ddb0012194a2.jpg,3,#f6e5d3,0.18720833333333334,pastels
data/latest/images/Seoul_Fashion_Week_backstage_2026_9cd9ddb0012194a2.jpg,4,#c4957c,0.184425,earth
data/latest/images/Seoul_Fashion_Week_backstage_2026_9cd9ddb0012194a2.jpg,5,#2b1c19,0.118825,neutrals
data/latest/images/Los_Angeles_Fashion_Week_backstage_2026_5e01f6ff10fbb06e.jpg,1,#030303,0.4889833333333333,neutrals
data/latest/images/Los_Angeles_Fashion_Week_backstage_2026_5e01f6ff10fbb06e.jpg,2,#a8a7a6,0.177075,neutrals
data/latest/images/Los_Angeles_Fashion_Week_backstage_2026_5e01f6ff10fbb06e.jpg,3,#302d2c,0.11885833333333333,earth
data/latest/images/Los_Angeles_Fashion_Week_backstage_2026_5e01f6ff10fbb06e.jpg,4,#888584,0.1184,neutrals
data/latest/images/Los_Angeles_Fashion_Week_backstage_2026_5e01f6ff10fbb06e.jpg,5,#575453,0.09668333333333333,neutrals
data/latest/images/Seoul_Fashion_Week_runway_2026_e19e2029dee01753.jpg,1,#1d1010,0.31588333333333335,neutrals
data/latest/images/Seoul_Fashion_Week_runway_2026_e19e2029dee01753.jpg,2,#897681,0.20184166666666667,primary/jewel
data/latest/images/Seoul_Fashion_Week_runway_2026_e19e2029dee01753.jpg,3,#b8adbe,0.19211666666666666,jewel
data/latest/images/Seoul_Fashion_Week_runway_2026_e19e2029dee01753.jpg,4,#50282a,0.17174166666666665,primary/jewel
data/latest/images/Seoul_Fashion_Week_runway_2026_e19e2029dee01753.jpg,5,#9f1f24,0.11841666666666667,primary/jewel
data/latest/images/Copenhagen_Fashion_Week_street_style_2026_c27a39805e0ae04f.jpg,1,#776c62,0.284475,earth
data/latest/images/Copenhagen_Fashion_Week_street_style_2026_c27a39805e0ae04f.jpg,2,#241d1f,0.24945,neutrals
data/latest/images/Copenhagen_Fashion_Week_street_style_2026_c27a39805e0ae04f.jpg,3,#483c3b,0.21215833333333334,primary/jewel
data/latest/images/Copenhagen_Fashion_Week_street_style_2026_c27a39805e0ae04f.jpg,4,#a4a097,0.17389166666666667,neutrals
data/latest/images/Copenhagen_Fashion_Week_street_style_2026_c27a39805e0ae04f.jpg,5,#ddcfd1,0.080025,neutrals
data/latest/images/Balmain_burgundy_runway_2025_a9b3f60e74c63331.webp,1,#030406,0.6273333333333333,neutrals
data/latest/images/Balmain_burgundy_runway_2025_a9b3f60e74c63331.webp,2,#191922,0.22113333333333332,neutrals
data/latest/images/Balmain_burgundy_runway_2025_a9b3f60e74c63331.webp,3,#34262d,0.11765833333333334,primary/jewel
data/latest/images/Balmain_burgundy_runway_2025_a9b3f60e74c63331.webp,4,#e3d4cc,0.025583333333333333,earth
data/latest/images/Balmain_burgundy_runway_2025_a9b3f60e74c63331.webp,5,#997b71,0.008291666666666666,earth
data/latest/images/Tokyo_Fashion_Week_runway_2026_2c8f042af4695dd7.jpg,1,#635e68,0.3492,jewel
data/latest/images/Tokyo_Fashion_Week_runway_2026_2c8f042af4695dd7.jpg,2,#7e7984,0.29410833333333336,jewel
data/latest/images/Tokyo_Fashion_Week_runway_2026_2c8f042af4695dd7.jpg,3,#e7e9ec,0.23680833333333334,pastels
data/latest/images/Tokyo_Fashion_Week_runway_2026_2c8f042af4695dd7.jpg,4,#42272b,0.0643,primary/jewel
data/latest/images/Tokyo_Fashion_Week_runway_2026_2c8f042af4695dd7.jpg,5,#c4b5b8,0.05558333333333333,neutrals
data/latest/images/runway_backstage_fashion_2025_23830582525d1556.jpg,1,#b2967f,0.30905,earth
data/latest/images/runway_backstage_fashion_2025_23830582525d1556.jpg,2,#d1bba5,0.22364166666666666,earth
data/latest/images/runway_backstage_fashion_2025_23830582525d1556.jpg,3,#8e6f59,0.217225,earth
data/latest/images/runway_backstage_fashion_2025_23830582525d1556.jpg,4,#181b13,0.13453333333333334,neutrals
data/latest/images/runway_backstage_fashion_2025_23830582525d1556.jpg,5,#504631,0.11555,earth
data/latest/images/runway_backstage_fashion_2025_efd4ac0465d6edfd.jpg,1,#80725a,0.34581666666666666,earth
data/latest/images/runway_backstage_fashion_2025_efd4ac0465d6edfd.jpg,2,#cba186,0.18713333333333335,earth
data/latest/images/runway_backstage_fashion_2025_efd4ac0465d6edfd.jpg,3,#e5e6e8,0.18488333333333334,pastels
data/latest/images/runway_backstage_fashion_2025_efd4ac0465d6edfd.jpg,4,#524432,0.17085833333333333,earth
data/latest/images/runway_backstage_fashion_2025_efd4ac0465d6edfd.jpg,5,#1a1b1c,0.11130833333333333,neutrals
data/latest/images/editorial_fashion_2025_34f9b50113e8604c.webp,1,#171919,0.32255833333333334,neutrals
data/latest/images/editorial_fashion_2025_34f9b50113e8604c.webp,2,#c3c7c8,0.3082,neutrals
data/latest/images/editorial_fashion_2025_34f9b50113e8604c.webp,3,#424546,0.24506666666666665,neutrals
data/latest/images/editorial_fashion_2025_34f9b50113e8604c.webp,4,#798692,0.0745,blue/purple
data/latest/images/editorial_fashion_2025_34f9b50113e8604c.webp,5,#f8f8f8,0.049675,pastels
data/latest/images/Gucci_Fall_2013_runway_ef2c1dfe0ac4e0bf.jpg,1,#080a0e,0.479375,neutrals
data/latest/images/Gucci_Fall_2013_runway_ef2c1dfe0ac4e0bf.jpg,2,#b2628e,0.17276666666666668,primary/jewel
data/latest/images/Gucci_Fall_2013_runway_ef2c1dfe0ac4e0bf.jpg,3,#794367,0.15483333333333332,primary/jewel
data/latest/images/Gucci_Fall_2013_runway_ef2c1dfe0ac4e0bf.jpg,4,#372c3d,0.147525,jewel
data/latest/images/Gucci_Fall_2013_runway_ef2c1dfe0ac4e0bf.jpg,5,#d7c7c9,0.0455,neutrals
data/latest/images/leopard_print_runway_1990s_707441eed3ef1ce0.jpg,1,#060606,0.5225583333333333,neutrals
data/latest/images/leopard_print_runway_1990s_707441eed3ef1ce0.jpg,2,#281e10,0.199,neutrals
data/latest/images/leopard_print_runway_1990s_707441eed3ef1ce0.jpg,3,#564524,0.14629166666666665,earth
data/latest/images/leopard_print_runway_1990s_707441eed3ef1ce0.jpg,4,#bcaf91,0.06796666666666666,earth
data/latest/images/leopard_print_runway_1990s_707441eed3ef1ce0.jpg,5,#87795d,0.06418333333333333,earth
data/latest/images/Stockholm_Fashion_Week_street_style_2025_230fcadd7abf6109.jpg,1,#131320,0.30356666666666665,neutrals
data/latest/images/Stockholm_Fashion_Week_street_style_2025_230fcadd7abf6109.jpg,2,#32231f,0.233725,primary/jewel
data/latest/images/Stockholm_Fashion_Week_street_style_2025_230fcadd7abf6109.jpg,3,#4d485c,0.19291666666666665,jewel
data/latest/images/Stockholm_Fashion_Week_street_style_2025_230fcadd7abf6109.jpg,4,#817473,0.16578333333333334,primary/jewel
data/latest/images/Stockholm_Fashion_Week_street_style_2025_230fcadd7abf6109.jpg,5,#c1b5b2,0.10400833333333333,neutrals
data/latest/images/Tokyo_Fashion_Week_backstage_2025_6c94c382925b3d28.jpg,1,#014fc6,0.46377314814814813,neon
data/latest/images/Tokyo_Fashion_Week_backstage_2025_6c94c382925b3d28.jpg,2,#a2b6f2,0.2578317901234568,blue/purple
data/latest/images/Tokyo_Fashion_Week_backstage_2025_6c94c382925b3d28.jpg,3,#e1c69b,0.13767361111111112,earth
data/latest/images/Tokyo_Fashion_Week_backstage_2025_6c94c382925b3d28.jpg,4,#a1817e,0.07064043209876543,primary/jewel
data/latest/images/Tokyo_Fashion_Week_backstage_2025_6c94c382925b3d28.jpg,5,#2a1b1b,0.07008101851851851,neutrals
data/latest/images/Gucci_Fall_2013_runway_06434b3585f9d887.jpg,1,#030406,0.5027916666666666,neutrals
data/latest/images/Gucci_Fall_2013_runway_06434b3585f9d887.jpg,2,#52524d,0.25553333333333333,neutrals
data/latest/images/Gucci_Fall_2013_runway_06434b3585f9d887.jpg,3,#2d2e2c,0.13701666666666668,neutrals
data/latest/images/Gucci_Fall_2013_runway_06434b3585f9d887.jpg,4,#a7afb7,0.097825,blue/purple
data/latest/images/Gucci_Fall_2013_runway_06434b3585f9d887.jpg,5,#f52810,0.006833333333333334,neon
data/latest/images/Stockholm_Fashion_Week_street_style_2026_c12e064b99d88d1e.jpg,1,#171b21,0.4614083333333333,neutrals
data/latest/images/Stockholm_Fashion_Week_street_style_2026_c12e064b99d88d1e.jpg,2,#cacdd2,0.204825,neutrals
data/latest/images/Stockholm_Fashion_Week_street_style_2026_c12e064b99d88d1e.jpg,3,#4a4a56,0.12841666666666668,blue/purple
data/latest/images/Stockholm_Fashion_Week_street_style_2026_c12e064b99d88d1e.jpg,4,#81757c,0.114675,primary/jewel
data/latest/images/Stockholm_Fashion_Week_street_style_2026_c12e064b99d88d1e.jpg,5,#a29ea4,0.090675,neutrals
data/latest/images/runway_fashion_2025_aafc94548001d744.jpg,1,#bfc5e8,0.326,pastels
data/latest/images/runway_fashion_2025_aafc94548001d744.jpg,2,#17161e,0.31619166666666665,neutrals
data/latest/images/runway_fashion_2025_aafc94548001d744.jpg,3,#95a7dd,0.23380833333333334,blue/purple
data/latest/images/runway_fashion_2025_aafc94548001d744.jpg,4,#41343e,0.07106666666666667,primary/jewel
data/latest/images/runway_fashion_2025_aafc94548001d744.jpg,5,#6770a6,0.05293333333333333,blue/purple
data/latest/images/lookbook_fashion_2025_53890eae9c823ad7.jpg,1,#aa9c8a,0.32786666666666664,earth
data/latest/images/lookbook_fashion_2025_53890eae9c823ad7.jpg,2,#907a5d,0.20935,earth
data/latest/images/lookbook_fashion_2025_53890eae9c823ad7.jpg,3,#bdbab5,0.17760833333333334,neutrals
data/latest/images/lookbook_fashion_2025_53890eae9c823ad7.jpg,4,#19171a,0.17645,neutrals
data/latest/images/lookbook_fashion_2025_53890eae9c823ad7.jpg,5,#4b3d34,0.108725,earth
data/latest/images/Paris_Fashion_Week_runway_2026_85d2b8a5f5fee474.jpg,1,#5b5d5b,0.27043333333333336,neutrals
data/latest/images/Paris_Fashion_Week_runway_2026_85d2b8a5f5fee474.jpg,2,#0f1114,0.2643083333333333,neutrals
data/latest/images/Paris_Fashion_Week_runway_2026_85d2b8a5f5fee474.jpg,3,#353433,0.220425,neutrals
data/latest/images/Paris_Fashion_Week_runway_2026_85d2b8a5f5fee474.jpg,4,#737979,0.215525,neutrals
data/latest/images/Paris_Fashion_Week_runway_2026_85d2b8a5f5fee474.jpg,5,#ecefee,0.029308333333333332,pastels
data/latest/images/Gucci_Fall_2013_runway_7ec950734acaf77b.jpg,1,#187572,0.3646916666666667,blue/purple
data/latest/images/Gucci_Fall_2013_runway_7ec950734acaf77b.jpg,2,#12514e,0.3627416666666667,blue/purple
data/latest/images/Gucci_Fall_2013_runway_7ec950734acaf77b.jpg,3,#18221d,0.13393333333333332,neutrals
data/latest/images/Gucci_Fall_2013_runway_7ec950734acaf77b.jpg,4,#64532e,0.09166666666666666,earth
data/latest/images/Gucci_Fall_2013_runway_7ec950734acaf77b.jpg,5,#c7b09b,0.046966666666666664,earth
data/latest/images/Gucci_Fall_2013_runway_babf430186b1c23f.jpg,1,#000405,0.349775,neutrals
data/latest/images/Gucci_Fall_2013_runway_babf430186b1c23f.jpg,2,#7d848c,0.19253333333333333,blue/purple
data/latest/images/Gucci_Fall_2013_runway_babf430186b1c23f.jpg,3,#484e55,0.18315833333333334,blue/purple
data/latest/images/Gucci_Fall_2013_runway_babf430186b1c23f.jpg,4,#626970,0.17101666666666668,blue/purple
data/latest/images/Gucci_Fall_2013_runway_babf430186b1c23f.jpg,5,#242b33,0.10351666666666667,blue/purple
data/latest/images/fashion_campaign_2026_6d79dc587b4aca4b.jpg,1,#0b0b0b,0.49999166666666667,neutrals
data/latest/images/fashion_campaign_2026_6d79dc587b4aca4b.jpg,2,#b5b1b0,0.286225,neutrals
data/latest/images/fashion_campaign_2026_6d79dc587b4aca4b.jpg,3,#938071,0.10614166666666666,earth
data/latest/images/fashion_campaign_2026_6d79dc587b4aca4b.jpg,4,#4b3d37,0.08915,earth
data/latest/images/fashion_campaign_2026_6d79dc587b4aca4b.jpg,5,#f5f5f5,0.018491666666666667,pastels
data/latest/images/Paris_Fashion_Week_runway_2026_286016de88903c3c.jpg,1,#fafafa,0.29825,pastels
data/latest/images/Paris_Fashion_Week_runway_2026_286016de88903c3c.jpg,2,#b3a89d,0.25121666666666664,earth
data/latest/images/Paris_Fashion_Week_runway_2026_286016de88903c3c.jpg,3,#c0cecc,0.249425,neutrals
data/latest/images/Paris_Fashion_Week_runway_2026_286016de88903c3c.jpg,4,#8e7b6c,0.12804166666666666,earth
data/latest/images/Paris_Fashion_Week_runway_2026_286016de88903c3c.jpg,5,#302e2f,0.07306666666666667,neutrals
data/latest/images/New_York_Fashion_Week_street_style_2025_605f43749dcab073.jpg,1,#171516,0.25633333333333336,neutrals
data/latest/images/New_York_Fashion_Week_street_style_2025_605f43749dcab073.jpg,2,#3c3a3f,0.242175,neutrals
data/latest/images/New_York_Fashion_Week_street_style_2025_605f43749dcab073.jpg,3,#605c62,0.20186666666666667,neutrals
data/latest/images/New_York_Fashion_Week_street_style_2025_605f43749dcab073.jpg,4,#f055a1,0.17483333333333334,primary/jewel
data/latest/images/New_York_Fashion_Week_street_style_2025_605f43749dcab073.jpg,5,#988c89,0.12479166666666666,primary/jewel
data/latest/images/Copenhagen_Fashion_Week_street_style_2026_9a4f1bc604620b4a.jpg,1,#cacbcd,0.5017333333333334,neutrals
data/latest/images/Copenhagen_Fashion_Week_street_style_2026_9a4f1bc604620b4a.jpg,2,#0b0e13,0.1587,neutrals
data/latest/images/Copenhagen_Fashion_Week_street_style_2026_9a4f1bc604620b4a.jpg,3,#8e9295,0.12675833333333333,neutrals
data/latest/images/Copenhagen_Fashion_Week_street_style_2026_9a4f1bc604620b4a.jpg,4,#282d38,0.11855833333333334,blue/purple
data/latest/images/Copenhagen_Fashion_Week_street_style_2026_9a4f1bc604620b4a.jpg,5,#505153,0.09425,neutrals
data/latest/images/Tokyo_Fashion_Week_backstage_2025_79b1d44bb2752dcf.jpg,1,#191d1e,0.2927916666666667,neutrals
data/latest/images/Tokyo_Fashion_Week_backstage_2025_79b1d44bb2752dcf.jpg,2,#ece5dd,0.20156666666666667,pastels
data/latest/images/Tokyo_Fashion_Week_backstage_2025_79b1d44bb2752dcf.jpg,3,#483f3e,0.20024166666666668,primary/jewel
data/latest/images/Tokyo_Fashion_Week_backstage_2025_79b1d44bb2752dcf.jpg,4,#cfac8a,0.156875,earth
data/latest/images/Tokyo_Fashion_Week_backstage_2025_79b1d44bb2752dcf.jpg,5,#947257,0.148525,earth
data/latest/images/Los_Angeles_Fashion_Week_backstage_2026_edef23f02bf204de.jpg,1,#010506,0.77555,neutrals
data/latest/images/Los_Angeles_Fashion_Week_backstage_2026_edef23f02bf204de.jpg,2,#20252d,0.102175,neutrals
data/latest/images/Los_Angeles_Fashion_Week_backstage_2026_edef23f02bf204de.jpg,3,#f5f9fa,0.043258333333333336,pastels
data/latest/images/Los_Angeles_Fashion_Week_backstage_2026_edef23f02bf204de.jpg,4,#4f4f56,0.04226666666666667,blue/purple
data/latest/images/Los_Angeles_Fashion_Week_backstage_2026_edef23f02bf204de.jpg,5,#9c98a1,0.03675,neutrals
data/latest/images/runway_fashion_2025_993dc4bae11e7631.jpg,1,#07090b,0.5056083333333333,neutrals
data/latest/images/runway_fashion_2025_993dc4bae11e7631.jpg,2,#302a2e,0.20891666666666667,primary/jewel
data/latest/images/runway_fashion_2025_993dc4bae11e7631.jpg,3,#724750,0.10950833333333333,primary/jewel
data/latest/images/runway_fashion_2025_993dc4bae11e7631.jpg,4,#9d7773,0.10460833333333333,primary/jewel
data/latest/images/runway_fashion_2025_993dc4bae11e7631.jpg,5,#c5b3b2,0.07135833333333333,primary/jewel
data/latest/images/Seoul_Fashion_Week_runway_2026_a1372a13032836c7.jpg,1,#534f55,0.32176666666666665,neutrals
data/latest/images/Seoul_Fashion_Week_runway_2026_a1372a13032836c7.jpg,2,#d4d5e1,0.22465833333333332,neutrals
data/latest/images/Seoul_Fashion_Week_runway_2026_a1372a13032836c7.jpg,3,#b3b2c0,0.1791,neutrals
data/latest/images/Seoul_Fashion_Week_runway_2026_a1372a13032836c7.jpg,4,#3b373b,0.16806666666666667,neutrals
data/latest/images/Seoul_Fashion_Week_runway_2026_a1372a13032836c7.jpg,5,#717081,0.10640833333333333,blue/purple
data/latest/images/Milan_Fashion_Week_runway_2025_21ae7e47d2873122.jpg,1,#271818,0.275925,neutrals
data/latest/images/Milan_Fashion_Week_runway_2025_21ae7e47d2873122.jpg,2,#57382a,0.235925,earth
data/latest/images/Milan_Fashion_Week_runway_2025_21ae7e47d2873122.jpg,3,#c54149,0.21791666666666668,primary/jewel
data/latest/images/Milan_Fashion_Week_runway_2025_21ae7e47d2873122.jpg,4,#7c5e40,0.2112,earth
data/latest/images/Milan_Fashion_Week_runway_2025_21ae7e47d2873122.jpg,5,#aa8b71,0.059033333333333333,earth
data/latest/images/lookbook_fashion_2025_26384aaac4ae820d.jpg,1,#484a50,0.402025,blue/purple
data/latest/images/lookbook_fashion_2025_26384aaac4ae820d.jpg,2,#c5cddf,0.24600833333333333,blue/purple
data/latest/images/lookbook_fashion_2025_26384aaac4ae820d.jpg,3,#656671,0.20100833333333334,blue/purple
data/latest/images/lookbook_fashion_2025_26384aaac4ae820d.jpg,4,#95a3bd,0.128475,blue/purple
data/latest/images/lookbook_fashion_2025_26384aaac4ae820d.jpg,5,#261e25,0.022483333333333334,neutrals
data/latest/images/Tokyo_Fashion_Week_runway_2026_eca703015e78d14a.jpg,1,#ebe9ef,0.2561,pastels
data/latest/images/Tokyo_Fashion_Week_runway_2026_eca703015e78d14a.jpg,2,#c0b0b8,0.23469166666666666,primary/jewel
data/latest/images/Tokyo_Fashion_Week_runway_2026_eca703015e78d14a.jpg,3,#992925,0.2269,primary/jewel
data/latest/images/Tokyo_Fashion_Week_runway_2026_eca703015e78d14a.jpg,4,#2d2324,0.15478333333333333,neutrals
data/latest/images/Tokyo_Fashion_Week_runway_2026_eca703015e78d14a.jpg,5,#836d6f,0.127525,primary/jewel
data/latest/images/runway_backstage_fashion_2025_099c102c58f7a991.jpg,1,#06060e,0.4633833333333333,neutrals
data/latest/images/runway_backstage_fashion_2025_099c102c58f7a991.jpg,2,#696275,0.2573166666666667,jewel
data/latest/images/runway_backstage_fashion_2025_099c102c58f7a991.jpg,3,#b8afbd,0.11889166666666667,neutrals
data/latest/images/runway_backstage_fashion_2025_099c102c58f7a991.jpg,4,#2458e5,0.111025,neon
data/latest/images/runway_backstage_fashion_2025_099c102c58f7a991.jpg,5,#e37632,0.049383333333333335,neon
data/latest/images/Balmain_burgundy_runway_2025_feb8154b47fc6536.webp,1,#0b0a0c,0.4770583333333333,neutrals
data/latest/images/Balmain_burgundy_runway_2025_feb8154b47fc6536.webp,2,#39201e,0.2619416666666667,primary/jewel
data/latest/images/Balmain_burgundy_runway_2025_feb8154b47fc6536.webp,3,#d7ba9c,0.11725833333333334,earth
data/latest/images/Balmain_burgundy_runway_2025_feb8154b47fc6536.webp,4,#b4936f,0.08253333333333333,earth
data/latest/images/Balmain_burgundy_runway_2025_feb8154b47fc6536.webp,5,#7c5d42,0.06120833333333333,earth
data/latest/images/fashion_campaign_2026_710732c2fc9a1a97.jpg,1,#19171c,0.516325,neutrals
data/latest/images/fashion_campaign_2026_710732c2fc9a1a97.jpg,2,#fdfdfd,0.3457,pastels
data/latest/images/fashion_campaign_2026_710732c2fc9a1a97.jpg,3,#563e29,0.08533333333333333,earth
data/latest/images/fashion_campaign_2026_710732c2fc9a1a97.jpg,4,#b98964,0.041825,earth
data/latest/images/fashion_campaign_2026_710732c2fc9a1a97.jpg,5,#232192,0.010816666666666667,blue/purple
data/latest/images/Seoul_Fashion_Week_backstage_2026_3e9bbb4c624276c2.jpg,1,#0d0709,0.6200083333333334,neutrals
data/latest/images/Seoul_Fashion_Week_backstage_2026_3e9bbb4c624276c2.jpg,2,#523a2d,0.1243,earth
data/latest/images/Seoul_Fashion_Week_backstage_2026_3e9bbb4c624276c2.jpg,3,#e9d1c3,0.10569166666666667,pastels
data/latest/images/Seoul_Fashion_Week_backstage_2026_3e9bbb4c624276c2.jpg,4,#957d6a,0.09086666666666667,earth
data/latest/images/Seoul_Fashion_Week_backstage_2026_3e9bbb4c624276c2.jpg,5,#d76134,0.059133333333333336,neon
data/latest/images/leopard_print_runway_1990s_552aa529dfb9a258.webp,1,#60574f,0.49896666666666667,earth
data/latest/images/leopard_print_runway_1990s_552aa529dfb9a258.webp,2,#544b42,0.22319166666666668,earth
data/latest/images/leopard_print_runway_1990s_552aa529dfb9a258.webp,3,#877569,0.10561666666666666,earth
data/latest/images/leopard_print_runway_1990s_552aa529dfb9a258.webp,4,#372c21,0.105025,earth
data/latest/images/leopard_print_runway_1990s_552aa529dfb9a258.webp,5,#ded2cd,0.0672,neutrals
data/latest/images/Tokyo_Fashion_Week_street_style_2025_aecd1a103ccab9eb.jpg,1,#dbbfac,0.3143166666666667,earth
data/latest/images/Tokyo_Fashion_Week_street_style_2025_aecd1a103ccab9eb.jpg,2,#ac7f74,0.23650833333333332,primary/jewel
data/latest/images/Tokyo_Fashion_Week_street_style_2025_aecd1a103ccab9eb.jpg,3,#1d191e,0.2142,neutrals
data/latest/images/Tokyo_Fashion_Week_street_style_2025_aecd1a103ccab9eb.jpg,4,#684a43,0.17864166666666667,primary/jewel
data/latest/images/Tokyo_Fashion_Week_street_style_2025_aecd1a103ccab9eb.jpg,5,#79b8f0,0.05633333333333333,blue/purple
data/latest/images/Milan_Fashion_Week_runway_2026_0c654fddfd7f62d7.png,1,#9d9d9d,0.36759166666666665,neutrals
data/latest/images/Milan_Fashion_Week_runway_2026_0c654fddfd7f62d7.png,2,#797b7e,0.2112,neutrals
data/latest/images/Milan_Fashion_Week_runway_2026_0c654fddfd7f62d7.png,3,#dde3e7,0.15875,pastels
data/latest/images/Milan_Fashion_Week_runway_2026_0c654fddfd7f62d7.png,4,#514642,0.14941666666666667,earth
data/latest/images/Milan_Fashion_Week_runway_2026_0c654fddfd7f62d7.png,5,#171517,0.11304166666666667,neutrals
data/latest/images/Gucci_Fall_2013_runway_38c3840821e25319.jpg,1,#08141a,0.5830166666666666,neutrals
data/latest/images/Gucci_Fall_2013_runway_38c3840821e25319.jpg,2,#192c46,0.18956666666666666,blue/purple
data/latest/images/Gucci_Fall_2013_runway_38c3840821e25319.jpg,3,#3e4b72,0.135825,blue/purple
data/latest/images/Gucci_Fall_2013_runway_38c3840821e25319.jpg,4,#787eaa,0.06585,blue/purple
data/latest/images/Gucci_Fall_2013_runway_38c3840821e25319.jpg,5,#c6c9dc,0.025741666666666666,blue/purple
data/latest/images/Seoul_Fashion_Week_backstage_2026_42e247d49fe79dcd.jpg,1,#4f5355,0.27529166666666666,neutrals
data/latest/images/Seoul_Fashion_Week_backstage_2026_42e247d49fe79dcd.jpg,2,#131515,0.241675,neutrals
data/latest/images/Seoul_Fashion_Week_backstage_2026_42e247d49fe79dcd.jpg,3,#2f3130,0.21163333333333334,neutrals
data/latest/images/Seoul_Fashion_Week_backstage_2026_42e247d49fe79dcd.jpg,4,#e8e3ce,0.19493333333333332,pastels
data/latest/images/Seoul_Fashion_Week_backstage_2026_42e247d49fe79dcd.jpg,5,#767877,0.07646666666666667,neutrals
data/latest/images/Milan_Fashion_Week_runway_2026_01714c9b141975d4.jpg,1,#827b74,0.24383333333333335,earth
data/latest/images/Milan_Fashion_Week_runway_2026_01714c9b141975d4.jpg,2,#524f49,0.23753333333333335,earth
data/latest/images/Milan_Fashion_Week_runway_2026_01714c9b141975d4.jpg,3,#25261e,0.19575833333333334,neutrals
data/latest/images/Milan_Fashion_Week_runway_2026_01714c9b141975d4.jpg,4,#e2e4e8,0.188225,pastels
data/latest/images/Milan_Fashion_Week_runway_2026_01714c9b141975d4.jpg,5,#b8b3b4,0.13465,neutrals
data/latest/images/Gucci_Fall_2013_runway_12e1f38bf9e75855.jpg,1,#06070a,0.6648333333333334,neutrals
data/latest/images/Gucci_Fall_2013_runway_12e1f38bf9e75855.jpg,2,#342528,0.15114166666666667,primary/jewel
data/latest/images/Gucci_Fall_2013_runway_12e1f38bf9e75855.jpg,3,#5a474c,0.10085833333333333,primary/jewel
data/latest/images/Gucci_Fall_2013_runway_12e1f38bf9e75855.jpg,4,#887d81,0.06104166666666667,primary/jewel
data/latest/images/Gucci_Fall_2013_runway_12e1f38bf9e75855.jpg,5,#dbcfc8,0.022125,earth
data/latest/images/runway_backstage_fashion_2025_d19c23fc32259496.jpg,1,#816143,0.27894166666666664,earth
data/latest/images/runway_backstage_fashion_2025_d19c23fc32259496.jpg,2,#503213,0.24628333333333333,earth
data/latest/images/runway_backstage_fashion_2025_d19c23fc32259496.jpg,3,#24140f,0.17245,neutrals
data/latest/images/runway_backstage_fashion_2025_d19c23fc32259496.jpg,4,#9296a7,0.15438333333333334,blue/purple
data/latest/images/runway_backstage_fashion_2025_d19c23fc32259496.jpg,5,#282e41,0.14794166666666667,blue/purple
data/latest/images/Chanel_haute_couture_2020_758fb20802e597b1.jpg,1,#f0eff1,0.6452666666666667,pastels
data/latest/images/Chanel_haute_couture_2020_758fb20802e597b1.jpg,2,#271628,0.13455833333333334,neutrals
data/latest/images/Chanel_haute_couture_2020_758fb20802e597b1.jpg,3,#601f5a,0.12978333333333333,primary/jewel
data/latest/images/Chanel_haute_couture_2020_758fb20802e597b1.jpg,4,#584349,0.05145,primary/jewel
data/latest/images/Chanel_haute_couture_2020_758fb20802e597b1.jpg,5,#977385,0.038941666666666666,primary/jewel
data/latest/images/Seoul_Fashion_Week_backstage_2026_8f5319cdae68b211.jpg,1,#e6decd,0.30651666666666666,pastels
data/latest/images/Seoul_Fashion_Week_backstage_2026_8f5319cdae68b211.jpg,2,#0d0d0a,0.20969166666666667,neutrals
data/latest/images/Seoul_Fashion_Week_backstage_2026_8f5319cdae68b211.jpg,3,#c2a18b,0.19403333333333334,earth
data/latest/images/Seoul_Fashion_Week_backstage_2026_8f5319cdae68b211.jpg,4,#876557,0.15396666666666667,earth
data/latest/images/Seoul_Fashion_Week_backstage_2026_8f5319cdae68b211.jpg,5,#4b3d37,0.13579166666666667,earth
data/latest/images/Milan_Fashion_Week_runway_2025_75b06e52be60c444.jpg,1,#e3e8ed,0.24450833333333333,pastels
data/latest/images/Milan_Fashion_Week_runway_2025_75b06e52be60c444.jpg,2,#101010,0.23660833333333334,neutrals
data/latest/images/Milan_Fashion_Week_runway_2025_75b06e52be60c444.jpg,3,#3e3833,0.22080833333333333,earth
data/latest/images/Milan_Fashion_Week_runway_2025_75b06e52be60c444.jpg,4,#a8a5a0,0.14996666666666666,neutrals
data/latest/images/Milan_Fashion_Week_runway_2025_75b06e52be60c444.jpg,5,#767068,0.14810833333333334,earth
data/latest/images/leopard_print_runway_1990s_408de60e65fe15f7.jpg,1,#12070a,0.5909083333333334,neutrals
data/latest/images/leopard_print_runway_1990s_408de60e65fe15f7.jpg,2,#3c2320,0.16115833333333332,primary/jewel
data/latest/images/leopard_print_runway_1990s_408de60e65fe15f7.jpg,3,#674437,0.09940833333333333,earth
data/latest/images/leopard_print_runway_1990s_408de60e65fe15f7.jpg,4,#a07356,0.07466666666666667,earth
data/latest/images/leopard_print_runway_1990s_408de60e65fe15f7.jpg,5,#dfac87,0.07385833333333333,earth
data/latest/images/London_Fashion_Week_street_style_2025_fdecac63b189dbda.jpg,1,#888e9b,0.288325,blue/purple
data/latest/images/London_Fashion_Week_street_style_2025_fdecac63b189dbda.jpg,2,#2e1418,0.25211666666666666,primary/jewel
data/latest/images/London_Fashion_Week_street_style_2025_fdecac63b189dbda.jpg,3,#505462,0.21315833333333334,blue/purple
data/latest/images/London_Fashion_Week_street_style_2025_fdecac63b189dbda.jpg,4,#c6cad1,0.20063333333333333,neutrals
data/latest/images/London_Fashion_Week_street_style_2025_fdecac63b189dbda.jpg,5,#ba404a,0.045766666666666664,primary/jewel
data/latest/images/Seoul_Fashion_Week_runway_2026_59be1d1558b6fde6.jpg,1,#d3c1b4,0.3837,earth
data/latest/images/Seoul_Fashion_Week_runway_2026_59be1d1558b6fde6.jpg,2,#231716,0.22088333333333332,neutrals
data/latest/images/Seoul_Fashion_Week_runway_2026_59be1d1558b6fde6.jpg,3,#b69786,0.20736666666666667,earth
data/latest/images/Seoul_Fashion_Week_runway_2026_59be1d1558b6fde6.jpg,4,#efeff5,0.09573333333333334,pastels
data/latest/images/Seoul_Fashion_Week_runway_2026_59be1d1558b6fde6.jpg,5,#6f4938,0.09231666666666667,earth
data/latest/images/Gucci_Fall_2013_runway_11f39318b8df37ae.jpg,1,#010506,0.39670833333333333,neutrals
data/latest/images/Gucci_Fall_2013_runway_11f39318b8df37ae.jpg,2,#484742,0.22185833333333332,earth
data/latest/images/Gucci_Fall_2013_runway_11f39318b8df37ae.jpg,3,#282825,0.16065,neutrals
data/latest/images/Gucci_Fall_2013_runway_11f39318b8df37ae.jpg,4,#909090,0.11715833333333334,neutrals
data/latest/images/Gucci_Fall_2013_runway_11f39318b8df37ae.jpg,5,#636159,0.103625,earth
data/latest/images/editorial_fashion_2025_9154abd32b9cf436.png,1,#fdfeff,0.6326083333333333,pastels
data/latest/images/editorial_fashion_2025_9154abd32b9cf436.png,2,#7d8f9e,0.12634166666666666,blue/purple
data/latest/images/editorial_fashion_2025_9154abd32b9cf436.png,3,#c6bab9,0.09930833333333333,neutrals
data/latest/images/editorial_fashion_2025_9154abd32b9cf436.png,4,#101619,0.08711666666666666,neutrals
data/latest/images/editorial_fashion_2025_9154abd32b9cf436.png,5,#595356,0.054625,neutrals
data/latest/images/Seoul_Fashion_Week_backstage_2026_21e54f0cdef2b202.jpg,1,#060707,0.6100583333333334,neutrals
data/latest/images/Seoul_Fashion_Week_backstage_2026_21e54f0cdef2b202.jpg,2,#d2b69a,0.17063333333333333,earth
data/latest/images/Seoul_Fashion_Week_backstage_2026_21e54f0cdef2b202.jpg,3,#4a3932,0.08735,earth
data/latest/images/Seoul_Fashion_Week_backstage_2026_21e54f0cdef2b202.jpg,4,#c65433,0.06734166666666666,neon
data/latest/images/Seoul_Fashion_Week_backstage_2026_21e54f0cdef2b202.jpg,5,#7b7b75,0.06461666666666667,neutrals
data/latest/images/editorial_fashion_2025_bc7485679a7c4778.jpg,1,#eee6d3,0.31214166666666665,pastels
data/latest/images/editorial_fashion_2025_bc7485679a7c4778.jpg,2,#c4a683,0.19859166666666667,earth
data/latest/images/editorial_fashion_2025_bc7485679a7c4778.jpg,3,#91694b,0.17804166666666665,earth
data/latest/images/editorial_fashion_2025_bc7485679a7c4778.jpg,4,#1a0f09,0.15774166666666667,neutrals
data/latest/images/editorial_fashion_2025_bc7485679a7c4778.jpg,5,#583722,0.15348333333333333,earth
data/latest/images/Seoul_Fashion_Week_runway_2026_6d0d114e12e6d962.jpg,1,#f4f8f9,0.28451666666666664,pastels
data/latest/images/Seoul_Fashion_Week_runway_2026_6d0d114e12e6d962.jpg,2,#7d7777,0.19750833333333334,neutrals
data/latest/images/Seoul_Fashion_Week_runway_2026_6d0d114e12e6d962.jpg,3,#504e4e,0.17821666666666666,neutrals
data/latest/images/Seoul_Fashion_Week_runway_2026_6d0d114e12e6d962.jpg,4,#2a272b,0.17150833333333335,neutrals
data/latest/images/Seoul_Fashion_Week_runway_2026_6d0d114e12e6d962.jpg,5,#b4a8a7,0.16825,neutrals
data/latest/images/Seoul_Fashion_Week_runway_2026_bf1f71e649edf240.jpg,1,#2f2f32,0.3917833333333333,neutrals
data/latest/images/Seoul_Fashion_Week_runway_2026_bf1f71e649edf240.jpg,2,#101215,0.277175,neutrals
data/latest/images/Seoul_Fashion_Week_runway_2026_bf1f71e649edf240.jpg,3,#585250,0.14591666666666667,earth
data/latest/images/Seoul_Fashion_Week_runway_2026_bf1f71e649edf240.jpg,4,#c6ccd7,0.09833333333333333,neutrals
data/latest/images/Seoul_Fashion_Week_runway_2026_bf1f71e649edf240.jpg,5,#958a86,0.08679166666666667,earth
data/latest/images/Tokyo_Fashion_Week_street_style_2025_29ab73239f1010d6.png,1,#6b6e59,0.2909333333333333,earth
data/latest/images/Tokyo_Fashion_Week_street_style_2025_29ab73239f1010d6.png,2,#434a3d,0.28855,green/blue
data/latest/images/Tokyo_Fashion_Week_street_style_2025_29ab73239f1010d6.png,3,#1b2822,0.20588333333333333,neutrals
data/latest/images/Tokyo_Fashion_Week_street_style_2025_29ab73239f1010d6.png,4,#9c9772,0.12830833333333333,earth
data/latest/images/Tokyo_Fashion_Week_street_style_2025_29ab73239f1010d6.png,5,#eadea8,0.086325,earth
data/latest/images/Chanel_haute_couture_2020_00a997a74ba9f841.jpg,1,#dcdbd9,0.42296666666666666,neutrals
data/latest/images/Chanel_haute_couture_2020_00a997a74ba9f841.jpg,2,#b8b0a4,0.22021666666666667,earth
data/latest/images/Chanel_haute_couture_2020_00a997a74ba9f841.jpg,3,#7e7e70,0.15618333333333334,earth
data/latest/images/Chanel_haute_couture_2020_00a997a74ba9f841.jpg,4,#454e33,0.10215833333333334,green/blue
data/latest/images/Chanel_haute_couture_2020_00a997a74ba9f841.jpg,5,#12180e,0.098475,neutrals
data/latest/images/leopard_print_runway_1990s_3bff482aeb57ac85.jpg,1,#564b3b,0.25225,earth
data/latest/images/leopard_print_runway_1990s_3bff482aeb57ac85.jpg,2,#faf3d4,0.22020833333333334,pastels
data/latest/images/leopard_print_runway_1990s_3bff482aeb57ac85.jpg,3,#e7ad77,0.203925,earth
data/latest/images/leopard_print_runway_1990s_3bff482aeb57ac85.jpg,4,#1b170f,0.18895,neutrals
data/latest/images/leopard_print_runway_1990s_3bff482aeb57ac85.jpg,5,#db6141,0.13466666666666666,neon
data/latest/images/Seoul_Fashion_Week_street_style_2025_5354b345a5ca0027.webp,1,#8e8485,0.33679166666666666,neutrals
data/latest/images/Seoul_Fashion_Week_street_style_2025_5354b345a5ca0027.webp,2,#635c5c,0.2303,neutrals
data/latest/images/Seoul_Fashion_Week_street_style_2025_5354b345a5ca0027.webp,3,#130f0e,0.2036,neutrals
data/latest/images/Seoul_Fashion_Week_street_style_2025_5354b345a5ca0027.webp,4,#c7b9b3,0.12220833333333334,earth
data/latest/images/Seoul_Fashion_Week_street_style_2025_5354b345a5ca0027.webp,5,#362f2b,0.1071,earth
data/latest/images/Stockholm_Fashion_Week_street_style_2025_149512b8a35e58b4.png,1,#1a1b1c,0.29099166666666665,neutrals
data/latest/images/Stockholm_Fashion_Week_street_style_2025_149512b8a35e58b4.png,2,#d3d5d3,0.28280833333333333,neutrals
data/latest/images/Stockholm_Fashion_Week_street_style_2025_149512b8a35e58b4.png,3,#f0e668,0.241175,earth
data/latest/images/Stockholm_Fashion_Week_street_style_2025_149512b8a35e58b4.png,4,#514036,0.145875,earth
data/latest/images/Stockholm_Fashion_Week_street_style_2025_149512b8a35e58b4.png,5,#9e8376,0.03915,earth
data/latest/images/Milan_Fashion_Week_runway_2026_5955c1f78359b4d8.jpg,1,#c8b38d,0.32964166666666667,earth
data/latest/images/Milan_Fashion_Week_runway_2026_5955c1f78359b4d8.jpg,2,#231f1a,0.1863,neutrals
data/latest/images/Milan_Fashion_Week_runway_2026_5955c1f78359b4d8.jpg,3,#deeae5,0.18475833333333333,pastels
data/latest/images/Milan_Fashion_Week_runway_2026_5955c1f78359b4d8.jpg,4,#8cbedb,0.18409166666666665,blue/purple
data/latest/images/Milan_Fashion_Week_runway_2026_5955c1f78359b4d8.jpg,5,#7f6c4f,0.11520833333333333,earth
data/latest/images/Balmain_burgundy_runway_2025_752837e30a84924b.jpg,1,#ebe6ed,0.47420833333333334,pastels
data/latest/images/Balmain_burgundy_runway_2025_752837e30a84924b.jpg,2,#c1ada4,0.17588333333333334,earth
data/latest/images/Balmain_burgundy_runway_2025_752837e30a84924b.jpg,3,#291f20,0.13431666666666667,neutrals
data/latest/images/Balmain_burgundy_runway_2025_752837e30a84924b.jpg,4,#e93022,0.12989166666666666,neon
data/latest/images/Balmain_burgundy_runway_2025_752837e30a84924b.jpg,5,#7a5a51,0.0857,primary/jewel
data/latest/images/Tokyo_Fashion_Week_runway_2026_b360438e6f15c916.jpg,1,#06060e,0.620225,neutrals
data/latest/images/Tokyo_Fashion_Week_runway_2026_b360438e6f15c916.jpg,2,#1e212c,0.14310833333333334,neutrals
data/latest/images/Tokyo_Fashion_Week_runway_2026_b360438e6f15c916.jpg,3,#3b3d4d,0.1366,blue/purple
data/latest/images/Tokyo_Fashion_Week_runway_2026_b360438e6f15c916.jpg,4,#6b6a7e,0.06795,blue/purple
data/latest/images/Tokyo_Fashion_Week_runway_2026_b360438e6f15c916.jpg,5,#bfb9c8,0.03211666666666667,neutrals
data/latest/images/Milan_Fashion_Week_runway_2025_61ef7794e2b9d730.webp,1,#d8cba8,0.34026666666666666,earth
data/latest/images/Milan_Fashion_Week_runway_2025_61ef7794e2b9d730.webp,2,#eee7d2,0.24394166666666667,pastels
data/latest/images/Milan_Fashion_Week_runway_2025_61ef7794e2b9d730.webp,3,#b9a880,0.20631666666666668,earth
data/latest/images/Milan_Fashion_Week_runway_2025_61ef7794e2b9d730.webp,4,#40362e,0.111775,earth
data/latest/images/Milan_Fashion_Week_runway_2025_61ef7794e2b9d730.webp,5,#857761,0.0977,earth
data/latest/images/Balmain_burgundy_runway_2025_eaa165bbc4969e82.jpg,1,#170b0a,0.35770833333333335,neutrals
data/latest/images/Balmain_burgundy_runway_2025_eaa165bbc4969e82.jpg,2,#471e28,0.24684166666666665,primary/jewel
data/latest/images/Balmain_burgundy_runway_2025_eaa165bbc4969e82.jpg,3,#663a49,0.171825,primary/jewel
data/latest/images/Balmain_burgundy_runway_2025_eaa165bbc4969e82.jpg,4,#d7b4ad,0.1416,primary/jewel
data/latest/images/Balmain_burgundy_runway_2025_eaa165bbc4969e82.jpg,5,#956a6f,0.082025,primary/jewel
data/latest/images/Seoul_Fashion_Week_street_style_2025_0fda7caed1fdbb6a.jpg,1,#161a19,0.29425833333333334,neutrals
data/latest/images/Seoul_Fashion_Week_street_style_2025_0fda7caed1fdbb6a.jpg,2,#9c9588,0.27986666666666665,earth
data/latest/images/Seoul_Fashion_Week_street_style_2025_0fda7caed1fdbb6a.jpg,3,#47392d,0.19896666666666665,earth
data/latest/images/Seoul_Fashion_Week_street_style_2025_0fda7caed1fdbb6a.jpg,4,#7a6958,0.19831666666666667,earth
data/latest/images/Seoul_Fashion_Week_street_style_2025_0fda7caed1fdbb6a.jpg,5,#eff1ee,0.028591666666666668,pastels
data/latest/images/New_York_Fashion_Week_runway_2025_955b2605d5c739f7.jpg,1,#3c3c3c,0.3579333333333333,neutrals
data/latest/images/New_York_Fashion_Week_runway_2025_955b2605d5c739f7.jpg,2,#d6dbde,0.3143666666666667,neutrals
data/latest/images/New_York_Fashion_Week_runway_2025_955b2605d5c739f7.jpg,3,#2b2d2d,0.17775833333333332,neutrals
data/latest/images/New_York_Fashion_Week_runway_2025_955b2605d5c739f7.jpg,4,#9aa8ba,0.0876,blue/purple
data/latest/images/New_York_Fashion_Week_runway_2025_955b2605d5c739f7.jpg,5,#4a6f9b,0.06234166666666666,blue/purple
data/latest/images/Copenhagen_Fashion_Week_street_style_2026_f038245c5ce732f4.jpg,1,#c7bdb6,0.34826666666666667,earth
data/latest/images/Copenhagen_Fashion_Week_street_style_2026_f038245c5ce732f4.jpg,2,#a28e84,0.22998333333333335,earth
data/latest/images/Copenhagen_Fashion_Week_street_style_2026_f038245c5ce732f4.jpg,3,#0e1013,0.17928333333333332,neutrals
data/latest/images/Copenhagen_Fashion_Week_street_style_2026_f038245c5ce732f4.jpg,4,#775f4f,0.14145,earth
data/latest/images/Copenhagen_Fashion_Week_street_style_2026_f038245c5ce732f4.jpg,5,#3a3332,0.10101666666666667,primary/jewel
data/latest/images/New_York_Fashion_Week_street_style_2025_c88fa443937a5a95.jpg,1,#f7faf9,0.2803,pastels
data/latest/images/New_York_Fashion_Week_street_style_2025_c88fa443937a5a95.jpg,2,#151617,0.20495,neutrals
data/latest/images/New_York_Fashion_Week_street_style_2025_c88fa443937a5a95.jpg,3,#b4a69e,0.19064166666666665,earth
data/latest/images/New_York_Fashion_Week_street_style_2025_c88fa443937a5a95.jpg,4,#3f3e3d,0.16965833333333333,neutrals
data/latest/images/New_York_Fashion_Week_street_style_2025_c88fa443937a5a95.jpg,5,#817a76,0.15445,earth
data/latest/images/Sydney_Fashion_Week_runway_2025_0b099a3fe2ab6b1e.jpg,1,#c4ae9c,0.2542,earth
data/latest/images/Sydney_Fashion_Week_runway_2025_0b099a3fe2ab6b1e.jpg,2,#9a8476,0.22885833333333333,earth
data/latest/images/Sydney_Fashion_Week_runway_2025_0b099a3fe2ab6b1e.jpg,3,#6e523e,0.19881666666666667,earth
data/latest/images/Sydney_Fashion_Week_runway_2025_0b099a3fe2ab6b1e.jpg,4,#2a1e14,0.18285,neutrals
data/latest/images/Sydney_Fashion_Week_runway_2025_0b099a3fe2ab6b1e.jpg,5,#e7d6c6,0.135275,pastels
data/latest/images/London_Fashion_Week_runway_2025_8f0c68264dbe4ef7.jpg,1,#373334,0.3151333333333333,neutrals
data/latest/images/London_Fashion_Week_runway_2025_8f0c68264dbe4ef7.jpg,2,#19191c,0.31130833333333335,neutrals
data/latest/images/London_Fashion_Week_runway_2025_8f0c68264dbe4ef7.jpg,3,#55555e,0.23395833333333332,blue/purple
data/latest/images/London_Fashion_Week_runway_2025_8f0c68264dbe4ef7.jpg,4,#89898f,0.09596666666666667,neutrals
data/latest/images/London_Fashion_Week_runway_2025_8f0c68264dbe4ef7.jpg,5,#cacecf,0.043633333333333336,neutrals
data/latest/images/leopard_print_runway_1990s_72430bd1830bbc48.jpg,1,#a79085,0.34436666666666665,earth
data/latest/images/leopard_print_runway_1990s_72430bd1830bbc48.jpg,2,#796b67,0.24250833333333333,primary/jewel
data/latest/images/leopard_print_runway_1990s_72430bd1830bbc48.jpg,3,#c7b8b6,0.1616,primary/jewel
data/latest/images/leopard_print_runway_1990s_72430bd1830bbc48.jpg,4,#43352f,0.15486666666666668,earth
data/latest/images/leopard_print_runway_1990s_72430bd1830bbc48.jpg,5,#1c1414,0.09665833333333333,neutrals
data/latest/images/Sydney_Fashion_Week_runway_2025_fd8fd467c2d54499.jpg,1,#564f59,0.36306666666666665,jewel
data/latest/images/Sydney_Fashion_Week_runway_2025_fd8fd467c2d54499.jpg,2,#706976,0.27000833333333335,jewel
data/latest/images/Sydney_Fashion_Week_runway_2025_fd8fd467c2d54499.jpg,3,#e6e4eb,0.2438,pastels
data/latest/images/Sydney_Fashion_Week_runway_2025_fd8fd467c2d54499.jpg,4,#ef3b31,0.08943333333333334,neon
data/latest/images/Sydney_Fashion_Week_runway_2025_fd8fd467c2d54499.jpg,5,#c2bccc,0.03369166666666667,neutrals
data/latest/images/New_York_Fashion_Week_runway_2025_1e7d085501299b70.jpg,1,#4e4c50,0.31919166666666665,neutrals
data/latest/images/New_York_Fashion_Week_runway_2025_1e7d085501299b70.jpg,2,#666569,0.265575,neutrals
data/latest/images/New_York_Fashion_Week_runway_2025_1e7d085501299b70.jpg,3,#e1e9eb,0.24946666666666667,pastels
data/latest/images/New_York_Fashion_Week_runway_2025_1e7d085501299b70.jpg,4,#c1c7ce,0.10446666666666667,neutrals
data/latest/images/New_York_Fashion_Week_runway_2025_1e7d085501299b70.jpg,5,#86998f,0.0613,green/blue
data/latest/images/runway_fashion_2025_7ddb382b98dfbacd.jpg,1,#c4b0a4,0.374475,earth
data/latest/images/runway_fashion_2025_7ddb382b98dfbacd.jpg,2,#57411d,0.22146666666666667,earth
data/latest/images/runway_fashion_2025_7ddb382b98dfbacd.jpg,3,#8e6e3f,0.15341666666666667,earth
data/latest/images/runway_fashion_2025_7ddb382b98dfbacd.jpg,4,#e5e5e5,0.141575,neutrals
data/latest/images/runway_fashion_2025_7ddb382b98dfbacd.jpg,5,#251914,0.10906666666666667,neutrals
data/latest/images/Copenhagen_Fashion_Week_street_style_2026_dc8c452047fe563a.jpg,1,#b8bbbc,0.39739166666666664,neutrals
data/latest/images/Copenhagen_Fashion_Week_street_style_2026_dc8c452047fe563a.jpg,2,#d4dade,0.262725,neutrals
data/latest/images/Copenhagen_Fashion_Week_street_style_2026_dc8c452047fe563a.jpg,3,#988e89,0.14521666666666666,earth
data/latest/images/Copenhagen_Fashion_Week_street_style_2026_dc8c452047fe563a.jpg,4,#645b61,0.112675,primary/jewel
data/latest/images/Copenhagen_Fashion_Week_street_style_2026_dc8c452047fe563a.jpg,5,#26252a,0.08199166666666667,neutrals
data/latest/images/fashion_campaign_2026_925627f4b3ad0791.jpg,1,#3b2a27,0.29309166666666664,primary/jewel
data/latest/images/fashion_campaign_2026_925627f4b3ad0791.jpg,2,#604944,0.20226666666666668,primary/jewel
data/latest/images/fashion_campaign_2026_925627f4b3ad0791.jpg,3,#190f0d,0.19451666666666667,neutrals
data/latest/images/fashion_campaign_2026_925627f4b3ad0791.jpg,4,#bf724b,0.18315,earth
data/latest/images/fashion_campaign_2026_925627f4b3ad0791.jpg,5,#dbb890,0.126975,earth
data/latest/images/London_Fashion_Week_street_style_2025_b4bd35b7aea3c099.jpg,1,#0a0714,0.344775,neutrals
data/latest/images/London_Fashion_Week_street_style_2025_b4bd35b7aea3c099.jpg,2,#fcfdff,0.227875,pastels
data/latest/images/London_Fashion_Week_street_style_2025_b4bd35b7aea3c099.jpg,3,#31313f,0.16771666666666665,blue/purple
data/latest/images/London_Fashion_Week_street_style_2025_b4bd35b7aea3c099.jpg,4,#4f5768,0.167575,blue/purple
data/latest/images/London_Fashion_Week_street_style_2025_b4bd35b7aea3c099.jpg,5,#acafb8,0.09205833333333334,neutrals
data/latest/images/Chanel_haute_couture_2020_c7ef51865f34adfb.jpg,1,#ced3dc,0.2589166666666667,neutrals
data/latest/images/Chanel_haute_couture_2020_c7ef51865f34adfb.jpg,2,#a5a4a2,0.23721666666666666,neutrals
data/latest/images/Chanel_haute_couture_2020_c7ef51865f34adfb.jpg,3,#4a513d,0.22389166666666666,green/blue
data/latest/images/Chanel_haute_couture_2020_c7ef51865f34adfb.jpg,4,#242c1f,0.148,neutrals
data/latest/images/Chanel_haute_couture_2020_c7ef51865f34adfb.jpg,5,#737759,0.131975,earth
data/latest/images/Paris_Fashion_Week_runway_2026_d5ef83720db0aeb9.jpg,1,#f3f0f7,0.34479166666666666,pastels
data/latest/images/Paris_Fashion_Week_runway_2026_d5ef83720db0aeb9.jpg,2,#d9cdd6,0.30264166666666664,neutrals
data/latest/images/Paris_Fashion_Week_runway_2026_d5ef83720db0aeb9.jpg,3,#1f1a20,0.15743333333333334,neutrals
data/latest/images/Paris_Fashion_Week_runway_2026_d5ef83720db0aeb9.jpg,4,#4a3e3e,0.0976,primary/jewel
data/latest/images/Paris_Fashion_Week_runway_2026_d5ef83720db0aeb9.jpg,5,#9a8a7d,0.09753333333333333,earth
data/latest/images/Milan_Fashion_Week_runway_2026_a146e8fc4be9fc25.jpg,1,#c6bbb0,0.28863333333333335,earth
data/latest/images/Milan_Fashion_Week_runway_2026_a146e8fc4be9fc25.jpg,2,#e9ded2,0.236125,pastels
data/latest/images/Milan_Fashion_Week_runway_2026_a146e8fc4be9fc25.jpg,3,#262322,0.23109166666666667,neutrals
data/latest/images/Milan_Fashion_Week_runway_2026_a146e8fc4be9fc25.jpg,4,#49423d,0.13655833333333334,earth
data/latest/images/Milan_Fashion_Week_runway_2026_a146e8fc4be9fc25.jpg,5,#8c837a,0.10759166666666667,earth
data/latest/images/Sydney_Fashion_Week_backstage_2025_54d7a86c10f703aa.png,1,#c8aaa5,0.30218333333333336,primary/jewel
data/latest/images/Sydney_Fashion_Week_backstage_2025_54d7a86c10f703aa.png,2,#dfdbde,0.21041666666666667,neutrals
data/latest/images/Sydney_Fashion_Week_backstage_2025_54d7a86c10f703aa.png,3,#a37c7c,0.2006,primary/jewel
data/latest/images/Sydney_Fashion_Week_backstage_2025_54d7a86c10f703aa.png,4,#1c1a2b,0.16195,neutrals
data/latest/images/Sydney_Fashion_Week_backstage_2025_54d7a86c10f703aa.png,5,#5c4a4b,0.12485,primary/jewel
data/latest/images/New_York_Fashion_Week_street_style_2025_178983291c71f0dc.jpg,1,#111217,0.27350833333333335,neutrals
data/latest/images/New_York_Fashion_Week_street_style_2025_178983291c71f0dc.jpg,2,#332e2c,0.21656666666666666,earth
data/latest/images/New_York_Fashion_Week_street_style_2025_178983291c71f0dc.jpg,3,#bbb5a8,0.20720833333333333,earth
data/latest/images/New_York_Fashion_Week_street_style_2025_178983291c71f0dc.jpg,4,#534c42,0.17663333333333334,earth
data/latest/images/New_York_Fashion_Week_street_style_2025_178983291c71f0dc.jpg,5,#887767,0.12608333333333333,earth
data/latest/images/New_York_Fashion_Week_street_style_2025_7b8d63cf87358c5c.jpg,1,#eef1f6,0.49605,pastels
data/latest/images/New_York_Fashion_Week_street_style_2025_7b8d63cf87358c5c.jpg,2,#1a1922,0.246625,neutrals
data/latest/images/New_York_Fashion_Week_street_style_2025_7b8d63cf87358c5c.jpg,3,#d5d6d7,0.19048333333333334,neutrals
data/latest/images/New_York_Fashion_Week_street_style_2025_7b8d63cf87358c5c.jpg,4,#b59790,0.039466666666666664,primary/jewel
data/latest/images/New_York_Fashion_Week_street_style_2025_7b8d63cf87358c5c.jpg,5,#6c5856,0.027375,primary/jewel
data/latest/images/New_York_Fashion_Week_runway_2025_6dda9e30c05af127.jpg,1,#ece7ea,0.7031083333333333,pastels
data/latest/images/New_York_Fashion_Week_runway_2025_6dda9e30c05af127.jpg,2,#cec4c6,0.15799166666666667,neutrals
data/latest/images/New_York_Fashion_Week_runway_2025_6dda9e30c05af127.jpg,3,#030303,0.06343333333333333,neutrals
data/latest/images/New_York_Fashion_Week_runway_2025_6dda9e30c05af127.jpg,4,#4f4140,0.039,primary/jewel
data/latest/images/New_York_Fashion_Week_runway_2025_6dda9e30c05af127.jpg,5,#9f6f65,0.03646666666666667,primary/jewel
data/latest/images/Tokyo_Fashion_Week_backstage_2025_cb473e0e7ec9cbe4.jpg,1,#746448,0.34705,earth
data/latest/images/Tokyo_Fashion_Week_backstage_2025_cb473e0e7ec9cbe4.jpg,2,#cdc5bb,0.20213333333333333,earth
data/latest/images/Tokyo_Fashion_Week_backstage_2025_cb473e0e7ec9cbe4.jpg,3,#ac9674,0.18176666666666666,earth
data/latest/images/Tokyo_Fashion_Week_backstage_2025_cb473e0e7ec9cbe4.jpg,4,#ce171b,0.13938333333333333,neon
data/latest/images/Tokyo_Fashion_Week_backstage_2025_cb473e0e7ec9cbe4.jpg,5,#552a14,0.12966666666666668,earth
data/latest/images/Balmain_burgundy_runway_2025_673b9e3b539cbd1b.jpg,1,#dbdcde,0.785175,neutrals
data/latest/images/Balmain_burgundy_runway_2025_673b9e3b539cbd1b.jpg,2,#cda280,0.060608333333333334,earth
data/latest/images/Balmain_burgundy_runway_2025_673b9e3b539cbd1b.jpg,3,#6e382c,0.058175,primary/jewel
data/latest/images/Balmain_burgundy_runway_2025_673b9e3b539cbd1b.jpg,4,#261e1d,0.0486,neutrals
data/latest/images/Balmain_burgundy_runway_2025_673b9e3b539cbd1b.jpg,5,#976b4d,0.04744166666666667,earth
data/latest/images/Chanel_haute_couture_2020_efdc9b291dd59c4f.jpg,1,#b9aaa2,0.3045333333333333,earth
data/latest/images/Chanel_haute_couture_2020_efdc9b291dd59c4f.jpg,2,#a19081,0.22884166666666667,earth
data/latest/images/Chanel_haute_couture_2020_efdc9b291dd59c4f.jpg,3,#484325,0.19184166666666666,earth
data/latest/images/Chanel_haute_couture_2020_efdc9b291dd59c4f.jpg,4,#6e643e,0.17194166666666666,earth
data/latest/images/Chanel_haute_couture_2020_efdc9b291dd59c4f.jpg,5,#221a1f,0.10284166666666666,neutrals
data/latest/images/New_York_Fashion_Week_street_style_2025_c1148eb5908ac53e.jpg,1,#16100d,0.41654166666666664,neutrals
data/latest/images/New_York_Fashion_Week_street_style_2025_c1148eb5908ac53e.jpg,2,#922a1b,0.19593333333333332,primary/jewel
data/latest/images/New_York_Fashion_Week_street_style_2025_c1148eb5908ac53e.jpg,3,#41302b,0.17794166666666666,primary/jewel
data/latest/images/New_York_Fashion_Week_street_style_2025_c1148eb5908ac53e.jpg,4,#a77962,0.11390833333333333,earth
data/latest/images/New_York_Fashion_Week_street_style_2025_c1148eb5908ac53e.jpg,5,#bcb49c,0.095675,earth
data/latest/images/New_York_Fashion_Week_runway_2025_423b3dec421214cc.jpg,1,#110f0f,0.3336389413988658,neutrals
data/latest/images/New_York_Fashion_Week_runway_2025_423b3dec421214cc.jpg,2,#4f3731,0.257296786389414,primary/jewel
data/latest/images/New_York_Fashion_Week_runway_2025_423b3dec421214cc.jpg,3,#9ba185,0.19976370510396976,earth
data/latest/images/New_York_Fashion_Week_runway_2025_423b3dec421214cc.jpg,4,#696762,0.17023629489603023,neutrals
data/latest/images/New_York_Fashion_Week_runway_2025_423b3dec421214cc.jpg,5,#f6f5f3,0.03906427221172023,pastels
data/latest/images/Milan_Fashion_Week_runway_2026_d02e60f3edb71290.jpg,1,#120f10,0.364475,neutrals
data/latest/images/Milan_Fashion_Week_runway_2026_d02e60f3edb71290.jpg,2,#a4938c,0.2512083333333333,earth
data/latest/images/Milan_Fashion_Week_runway_2026_d02e60f3edb71290.jpg,3,#e1d7d0,0.160125,neutrals
data/latest/images/Milan_Fashion_Week_runway_2026_d02e60f3edb71290.jpg,4,#55413c,0.147,primary/jewel
data/latest/images/Milan_Fashion_Week_runway_2026_d02e60f3edb71290.jpg,5,#bd5d3c,0.07719166666666667,earth
data/latest/images/Stockholm_Fashion_Week_street_style_2025_a8992111bbef0dba.png,1,#3c3129,0.32656666666666667,earth
data/latest/images/Stockholm_Fashion_Week_street_style_2025_a8992111bbef0dba.png,2,#695c55,0.214525,earth
data/latest/images/Stockholm_Fashion_Week_street_style_2025_a8992111bbef0dba.png,3,#a07973,0.170625,primary/jewel
data/latest/images/Stockholm_Fashion_Week_street_style_2025_a8992111bbef0dba.png,4,#201b1b,0.15380833333333332,neutrals
data/latest/images/Stockholm_Fashion_Week_street_style_2025_a8992111bbef0dba.png,5,#b3a8ac,0.134475,neutrals
data/latest/images/Seoul_Fashion_Week_runway_2026_0a29755a1b8a2a7f.jpg,1,#9c9d9f,0.49130833333333335,neutrals
data/latest/images/Seoul_Fashion_Week_runway_2026_0a29755a1b8a2a7f.jpg,2,#102456,0.16630833333333334,blue/purple
data/latest/images/Seoul_Fashion_Week_runway_2026_0a29755a1b8a2a7f.jpg,3,#323d33,0.12334166666666667,green/blue
data/latest/images/Seoul_Fashion_Week_runway_2026_0a29755a1b8a2a7f.jpg,4,#0d1020,0.12191666666666667,neutrals
data/latest/images/Seoul_Fashion_Week_runway_2026_0a29755a1b8a2a7f.jpg,5,#827970,0.097125,earth
data/latest/images/Copenhagen_Fashion_Week_street_style_2026_04710c3c1b99f190.jpg,1,#1f191c,0.32715833333333333,neutrals
data/latest/images/Copenhagen_Fashion_Week_street_style_2026_04710c3c1b99f190.jpg,2,#c8cacd,0.268275,neutrals
data/latest/images/Copenhagen_Fashion_Week_street_style_2026_04710c3c1b99f190.jpg,3,#a9aaab,0.25733333333333336,neutrals
data/latest/images/Copenhagen_Fashion_Week_street_style_2026_04710c3c1b99f190.jpg,4,#473c3f,0.07539166666666666,primary/jewel
data/latest/images/Copenhagen_Fashion_Week_street_style_2026_04710c3c1b99f190.jpg,5,#897972,0.07184166666666666,earth
data/latest/images/Seoul_Fashion_Week_backstage_2026_b363bcf0d6e65fe7.jpg,1,#594e5f,0.245875,jewel
data/latest/images/Seoul_Fashion_Week_backstage_2026_b363bcf0d6e65fe7.jpg,2,#130e18,0.20279166666666668,neutrals
data/latest/images/Seoul_Fashion_Week_backstage_2026_b363bcf0d6e65fe7.jpg,3,#94899c,0.19890833333333333,jewel
data/latest/images/Seoul_Fashion_Week_backstage_2026_b363bcf0d6e65fe7.jpg,4,#c0b3c6,0.19151666666666667,jewel
data/latest/images/Seoul_Fashion_Week_backstage_2026_b363bcf0d6e65fe7.jpg,5,#382c3c,0.16090833333333332,primary/jewel
data/latest/images/lookbook_fashion_2025_8079fe6088a6dd1f.jpg,1,#454140,0.260025,neutrals
data/latest/images/lookbook_fashion_2025_8079fe6088a6dd1f.jpg,2,#d9d7d1,0.205525,neutrals
data/latest/images/lookbook_fashion_2025_8079fe6088a6dd1f.jpg,3,#c6af9a,0.2039,earth
data/latest/images/lookbook_fashion_2025_8079fe6088a6dd1f.jpg,4,#1c1a1f,0.18679166666666666,neutrals
data/latest/images/lookbook_fashion_2025_8079fe6088a6dd1f.jpg,5,#757067,0.14375833333333332,earth
data/latest/images/runway_backstage_fashion_2025_57b085d335eca7e7.png,1,#7d7169,0.24081666666666668,earth
data/latest/images/runway_backstage_fashion_2025_57b085d335eca7e7.png,2,#f1ece9,0.21685833333333332,pastels
data/latest/images/runway_backstage_fashion_2025_57b085d335eca7e7.png,3,#c0ac97,0.21420833333333333,earth
data/latest/images/runway_backstage_fashion_2025_57b085d335eca7e7.png,4,#151216,0.16420833333333335,neutrals
data/latest/images/runway_backstage_fashion_2025_57b085d335eca7e7.png,5,#502e2a,0.16390833333333332,primary/jewel
data/latest/images/fashion_campaign_2026_b131c0c3b6bb80e9.jpg,1,#1f1716,0.29711666666666664,neutrals
data/latest/images/fashion_campaign_2026_b131c0c3b6bb80e9.jpg,2,#e2c171,0.24631666666666666,earth
data/latest/images/fashion_campaign_2026_b131c0c3b6bb80e9.jpg,3,#693d35,0.24495,primary/jewel
data/latest/images/fashion_campaign_2026_b131c0c3b6bb80e9.jpg,4,#a57e5c,0.11486666666666667,earth
data/latest/images/fashion_campaign_2026_b131c0c3b6bb80e9.jpg,5,#f6f6f6,0.09675,pastels
data/latest/images/Gucci_Fall_2013_runway_f96ef419e541d17f.jpg,1,#3c4040,0.2866166666666667,neutrals
data/latest/images/Gucci_Fall_2013_runway_f96ef419e541d17f.jpg,2,#93a0a8,0.2850083333333333,blue/purple
data/latest/images/Gucci_Fall_2013_runway_f96ef419e541d17f.jpg,3,#060d0f,0.270625,neutrals
data/latest/images/Gucci_Fall_2013_runway_f96ef419e541d17f.jpg,4,#5c7483,0.12116666666666667,blue/purple
data/latest/images/Gucci_Fall_2013_runway_f96ef419e541d17f.jpg,5,#cfd0cb,0.036583333333333336,neutrals
data/latest/images/Stockholm_Fashion_Week_street_style_2026_add3173e938a973e.webp,1,#989bac,0.305025,blue/purple
data/latest/images/Stockholm_Fashion_Week_street_style_2026_add3173e938a973e.webp,2,#e4d4e3,0.2804,neutrals
data/latest/images/Stockholm_Fashion_Week_street_style_2026_add3173e938a973e.webp,3,#c1b8c2,0.26321666666666665,neutrals
data/latest/images/Stockholm_Fashion_Week_street_style_2026_add3173e938a973e.webp,4,#16161a,0.096525,neutrals
data/latest/images/Stockholm_Fashion_Week_street_style_2026_add3173e938a973e.webp,5,#685b5e,0.05483333333333333,primary/jewel
data/latest/images/leopard_print_runway_1990s_fd6699a5b8b93f2d.jpg,1,#13171d,0.5117916666666666,neutrals
data/latest/images/leopard_print_runway_1990s_fd6699a5b8b93f2d.jpg,2,#303743,0.21653333333333333,blue/purple
data/latest/images/leopard_print_runway_1990s_fd6699a5b8b93f2d.jpg,3,#dfd4b6,0.10184166666666666,earth
data/latest/images/leopard_print_runway_1990s_fd6699a5b8b93f2d.jpg,4,#696165,0.09171666666666667,neutrals
data/latest/images/leopard_print_runway_1990s_fd6699a5b8b93f2d.jpg,5,#a69a8e,0.07811666666666667,earth
data/latest/images/lookbook_fashion_2026_83832051011654d4.jpg,1,#12181e,0.27755833333333335,neutrals
data/latest/images/lookbook_fashion_2026_83832051011654d4.jpg,2,#606665,0.20748333333333333,neutrals
data/latest/images/lookbook_fashion_2026_83832051011654d4.jpg,3,#8a908d,0.20463333333333333,neutrals
data/latest/images/lookbook_fashion_2026_83832051011654d4.jpg,4,#3c3b3d,0.190925,neutrals
data/latest/images/lookbook_fashion_2026_83832051011654d4.jpg,5,#c6bab4,0.1194,earth
data/latest/images/Seoul_Fashion_Week_street_style_2025_1373383439acefa1.jpg,1,#babbbc,0.4108833333333333,neutrals
data/latest/images/Seoul_Fashion_Week_street_style_2025_1373383439acefa1.jpg,2,#14191e,0.176,neutrals
data/latest/images/Seoul_Fashion_Week_street_style_2025_1373383439acefa1.jpg,3,#414243,0.145225,neutrals
data/latest/images/Seoul_Fashion_Week_street_style_2025_1373383439acefa1.jpg,4,#9c9895,0.13934166666666667,neutrals
data/latest/images/Seoul_Fashion_Week_street_style_2025_1373383439acefa1.jpg,5,#726d69,0.12855,neutrals
data/latest/images/Seoul_Fashion_Week_backstage_2026_ac6c4518f8090ce2.jpg,1,#b5aca7,0.22845,neutrals
data/latest/images/Seoul_Fashion_Week_backstage_2026_ac6c4518f8090ce2.jpg,2,#847c7a,0.21039166666666667,neutrals
data/latest/images/Seoul_Fashion_Week_backstage_2026_ac6c4518f8090ce2.jpg,3,#504446,0.20516666666666666,primary/jewel
data/latest/images/Seoul_Fashion_Week_backstage_2026_ac6c4518f8090ce2.jpg,4,#15161b,0.18585833333333332,neutrals
data/latest/images/Seoul_Fashion_Week_backstage_2026_ac6c4518f8090ce2.jpg,5,#f0ede7,0.17013333333333333,pastels
data/latest/images/editorial_fashion_2025_fc2c29fb1ced5677.jpg,1,#cec2a9,0.5257833333333334,earth
data/latest/images/editorial_fashion_2025_fc2c29fb1ced5677.jpg,2,#c0b198,0.22078333333333333,earth
data/latest/images/editorial_fashion_2025_fc2c29fb1ced5677.jpg,3,#392b27,0.09161666666666667,primary/jewel
data/latest/images/editorial_fashion_2025_fc2c29fb1ced5677.jpg,4,#67473a,0.08675,earth
data/latest/images/editorial_fashion_2025_fc2c29fb1ced5677.jpg,5,#9b715c,0.07506666666666667,earth
data/latest/images/New_York_Fashion_Week_runway_2025_269ea7b2d8b35dfe.jpg,1,#060b0c,0.5305333333333333,neutrals
data/latest/images/New_York_Fashion_Week_runway_2025_269ea7b2d8b35dfe.jpg,2,#5a5c5b,0.20343333333333333,neutrals
data/latest/images/New_York_Fashion_Week_runway_2025_269ea7b2d8b35dfe.jpg,3,#2f2f2f,0.12865,neutrals
data/latest/images/New_York_Fashion_Week_runway_2025_269ea7b2d8b35dfe.jpg,4,#908985,0.097625,neutrals
data/latest/images/New_York_Fashion_Week_runway_2025_269ea7b2d8b35dfe.jpg,5,#cfd6d8,0.03975833333333333,neutrals
data/latest/images/Gucci_Fall_2013_runway_dcfecd0dcdf49342.jpg,1,#030406,0.36399166666666666,neutrals
data/latest/images/Gucci_Fall_2013_runway_dcfecd0dcdf49342.jpg,2,#3f444b,0.248125,blue/purple
data/latest/images/Gucci_Fall_2013_runway_dcfecd0dcdf49342.jpg,3,#748293,0.17823333333333333,blue/purple
data/latest/images/Gucci_Fall_2013_runway_dcfecd0dcdf49342.jpg,4,#272b32,0.16985,blue/purple
data/latest/images/Gucci_Fall_2013_runway_dcfecd0dcdf49342.jpg,5,#c0bec1,0.0398,neutrals
data/latest/images/lookbook_fashion_2026_e0dc0fb31f059346.jpg,1,#626254,0.46979166666666666,earth
data/latest/images/lookbook_fashion_2026_e0dc0fb31f059346.jpg,2,#7c7b6b,0.3181833333333333,earth
data/latest/images/lookbook_fashion_2026_e0dc0fb31f059346.jpg,3,#a59986,0.093925,earth
data/latest/images/lookbook_fashion_2026_e0dc0fb31f059346.jpg,4,#d0cec5,0.06521666666666667,neutrals
data/latest/images/lookbook_fashion_2026_e0dc0fb31f059346.jpg,5,#4c4335,0.05288333333333333,earth
data/latest/images/Tokyo_Fashion_Week_backstage_2025_f02544c977b6c0ea.jpg,1,#cecad3,0.31651666666666667,neutrals
data/latest/images/Tokyo_Fashion_Week_backstage_2025_f02544c977b6c0ea.jpg,2,#a79fa5,0.24331666666666665,neutrals
data/latest/images/Tokyo_Fashion_Week_backstage_2025_f02544c977b6c0ea.jpg,3,#847a80,0.23964166666666667,neutrals
data/latest/images/Tokyo_Fashion_Week_backstage_2025_f02544c977b6c0ea.jpg,4,#211e20,0.12084166666666667,neutrals
data/latest/images/Tokyo_Fashion_Week_backstage_2025_f02544c977b6c0ea.jpg,5,#554848,0.07968333333333333,primary/jewel
data/latest/images/Chanel_haute_couture_2020_5109a97d81798666.jpg,1,#afa9a1,0.3852083333333333,neutrals
data/latest/images/Chanel_haute_couture_2020_5109a97d81798666.jpg,2,#8e8880,0.22465833333333332,earth
data/latest/images/Chanel_haute_couture_2020_5109a97d81798666.jpg,3,#c8c9ca,0.21249166666666666,neutrals
data/latest/images/Chanel_haute_couture_2020_5109a97d81798666.jpg,4,#5b5f42,0.12775,earth
data/latest/images/Chanel_haute_couture_2020_5109a97d81798666.jpg,5,#2d2d2a,0.04989166666666667,neutrals
data/latest/images/Seoul_Fashion_Week_runway_2026_21288471f2b4e9df.jpg,1,#dcc6b5,0.4812416666666667,earth
data/latest/images/Seoul_Fashion_Week_runway_2026_21288471f2b4e9df.jpg,2,#f3f2f1,0.17303333333333334,pastels
data/latest/images/Seoul_Fashion_Week_runway_2026_21288471f2b4e9df.jpg,3,#fbd75b,0.12854166666666667,earth
data/latest/images/Seoul_Fashion_Week_runway_2026_21288471f2b4e9df.jpg,4,#2b2522,0.12784166666666666,neutrals
data/latest/images/Seoul_Fashion_Week_runway_2026_21288471f2b4e9df.jpg,5,#a0715c,0.08934166666666667,earth
data/latest/images/Chanel_haute_couture_2020_400d1b9fc0c46ac0.jpg,1,#0b0b0f,0.35134166666666666,neutrals
data/latest/images/Chanel_haute_couture_2020_400d1b9fc0c46ac0.jpg,2,#f0edee,0.319075,pastels
data/latest/images/Chanel_haute_couture_2020_400d1b9fc0c46ac0.jpg,3,#2c272e,0.1247,jewel
data/latest/images/Chanel_haute_couture_2020_400d1b9fc0c46ac0.jpg,4,#b1a2a0,0.10571666666666667,primary/jewel
data/latest/images/Chanel_haute_couture_2020_400d1b9fc0c46ac0.jpg,5,#675553,0.09916666666666667,primary/jewel
data/latest/images/Tokyo_Fashion_Week_backstage_2025_f247f9e6a1e0342b.jpg,1,#061014,0.34295,neutrals
data/latest/images/Tokyo_Fashion_Week_backstage_2025_f247f9e6a1e0342b.jpg,2,#4b5f70,0.18018333333333333,blue/purple
data/latest/images/Tokyo_Fashion_Week_backstage_2025_f247f9e6a1e0342b.jpg,3,#7e7341,0.17858333333333334,earth
data/latest/images/Tokyo_Fashion_Week_backstage_2025_f247f9e6a1e0342b.jpg,4,#3d3c22,0.171,earth
data/latest/images/Tokyo_Fashion_Week_backstage_2025_f247f9e6a1e0342b.jpg,5,#b8aa7d,0.12728333333333333,earth
data/latest/images/vogue_runway_emerald_dress_b61fbd53e7dc6ffb.jpg,1,#0f0e06,0.38340833333333335,neutrals
data/latest/images/vogue_runway_emerald_dress_b61fbd53e7dc6ffb.jpg,2,#64694b,0.17426666666666665,earth
data/latest/images/vogue_runway_emerald_dress_b61fbd53e7dc6ffb.jpg,3,#44301c,0.15468333333333334,earth
data/latest/images/vogue_runway_emerald_dress_b61fbd53e7dc6ffb.jpg,4,#d8d2c5,0.1524,earth
data/latest/images/vogue_runway_emerald_dress_b61fbd53e7dc6ffb.jpg,5,#b38f73,0.13524166666666668,earth
data/latest/images/Paris_Fashion_Week_runway_2026_ad49af5135734ee0.jpg,1,#7f756b,0.23818333333333333,earth
data/latest/images/Paris_Fashion_Week_runway_2026_ad49af5135734ee0.jpg,2,#bfaa9f,0.20523333333333332,earth
data/latest/images/Paris_Fashion_Week_runway_2026_ad49af5135734ee0.jpg,3,#4c4a45,0.20125833333333334,earth
data/latest/images/Paris_Fashion_Week_runway_2026_ad49af5135734ee0.jpg,4,#222120,0.19438333333333332,neutrals
data/latest/images/Paris_Fashion_Week_runway_2026_ad49af5135734ee0.jpg,5,#ecece8,0.16094166666666668,pastels
data/latest/images/Seoul_Fashion_Week_runway_2026_bb9fcd8e038fa4f5.jpg,1,#eaeaf4,0.45303333333333334,pastels
data/latest/images/Seoul_Fashion_Week_runway_2026_bb9fcd8e038fa4f5.jpg,2,#877971,0.23105833333333334,earth
data/latest/images/Seoul_Fashion_Week_runway_2026_bb9fcd8e038fa4f5.jpg,3,#cec9d4,0.13300833333333334,neutrals
data/latest/images/Seoul_Fashion_Week_runway_2026_bb9fcd8e038fa4f5.jpg,4,#5a504f,0.10285833333333333,primary/jewel
data/latest/images/Seoul_Fashion_Week_runway_2026_bb9fcd8e038fa4f5.jpg,5,#261f21,0.08004166666666666,neutrals
data/latest/images/Tokyo_Fashion_Week_backstage_2025_e787e254ef6714b3.jpg,1,#181310,0.33639166666666664,neutrals
data/latest/images/Tokyo_Fashion_Week_backstage_2025_e787e254ef6714b3.jpg,2,#f7f2ed,0.196825,pastels
data/latest/images/Tokyo_Fashion_Week_backstage_2025_e787e254ef6714b3.jpg,3,#d6b29e,0.183575,earth
data/latest/images/Tokyo_Fashion_Week_backstage_2025_e787e254ef6714b3.jpg,4,#544035,0.1553,earth
data/latest/images/Tokyo_Fashion_Week_backstage_2025_e787e254ef6714b3.jpg,5,#a7755f,0.12790833333333335,earth
data/latest/images/Sydney_Fashion_Week_backstage_2025_7c9474173fc5795b.jpg,1,#283240,0.418025,blue/purple
data/latest/images/Sydney_Fashion_Week_backstage_2025_7c9474173fc5795b.jpg,2,#0f1416,0.33485,neutrals
data/latest/images/Sydney_Fashion_Week_backstage_2025_7c9474173fc5795b.jpg,3,#404e63,0.15775833333333333,blue/purple
data/latest/images/Sydney_Fashion_Week_backstage_2025_7c9474173fc5795b.jpg,4,#91694b,0.04908333333333333,earth
data/latest/images/Sydney_Fashion_Week_backstage_2025_7c9474173fc5795b.jpg,5,#dbb393,0.04028333333333333,earth
data/latest/images/runway_backstage_fashion_2025_2193c9c3f1536b71.jpg,1,#dedbd5,0.2773833333333333,neutrals
data/latest/images/runway_backstage_fashion_2025_2193c9c3f1536b71.jpg,2,#211416,0.20758333333333334,neutrals
data/latest/images/runway_backstage_fashion_2025_2193c9c3f1536b71.jpg,3,#a09da2,0.204425,neutrals
data/latest/images/runway_backstage_fashion_2025_2193c9c3f1536b71.jpg,4,#602327,0.18384166666666665,primary/jewel
data/latest/images/runway_backstage_fashion_2025_2193c9c3f1536b71.jpg,5,#7c6760,0.12676666666666667,earth
data/latest/images/Gucci_Fall_2013_runway_4cc8af6c215ccc45.jpg,1,#0d1016,0.74135,neutrals
data/latest/images/Gucci_Fall_2013_runway_4cc8af6c215ccc45.jpg,2,#2a1d2d,0.112975,neutrals
data/latest/images/Gucci_Fall_2013_runway_4cc8af6c215ccc45.jpg,3,#853e69,0.06773333333333334,primary/jewel
data/latest/images/Gucci_Fall_2013_runway_4cc8af6c215ccc45.jpg,4,#5f284d,0.06751666666666667,primary/jewel
data/latest/images/Gucci_Fall_2013_runway_4cc8af6c215ccc45.jpg,5,#d3b3b2,0.010425,primary/jewel
data/latest/images/lookbook_fashion_2026_c00cf16e5be5bb3a.jpg,1,#f6fbfe,0.8613,pastels
data/latest/images/lookbook_fashion_2026_c00cf16e5be5bb3a.jpg,2,#e1dfdc,0.07074166666666666,neutrals
data/latest/images/lookbook_fashion_2026_c00cf16e5be5bb3a.jpg,3,#846164,0.025216666666666665,primary/jewel
data/latest/images/lookbook_fashion_2026_c00cf16e5be5bb3a.jpg,4,#4b4144,0.021991666666666666,primary/jewel
data/latest/images/lookbook_fashion_2026_c00cf16e5be5bb3a.jpg,5,#c493a2,0.02075,primary/jewel
data/latest/images/Sydney_Fashion_Week_backstage_2025_ce69053eb3a0c371.jpg,1,#060707,0.498275,neutrals
data/latest/images/Sydney_Fashion_Week_backstage_2025_ce69053eb3a0c371.jpg,2,#2e2520,0.15881666666666666,earth
data/latest/images/Sydney_Fashion_Week_backstage_2025_ce69053eb3a0c371.jpg,3,#625049,0.13305833333333333,earth
data/latest/images/Sydney_Fashion_Week_backstage_2025_ce69053eb3a0c371.jpg,4,#86766f,0.12958333333333333,earth
data/latest/images/Sydney_Fashion_Week_backstage_2025_ce69053eb3a0c371.jpg,5,#d3b199,0.08026666666666667,earth
data/latest/images/Milan_Fashion_Week_runway_2025_5690cf0bafb528e0.jpg,1,#47423c,0.36773333333333336,earth
data/latest/images/Milan_Fashion_Week_runway_2025_5690cf0bafb528e0.jpg,2,#a09e99,0.2589,neutrals
data/latest/images/Milan_Fashion_Week_runway_2025_5690cf0bafb528e0.jpg,3,#726e6b,0.18088333333333334,neutrals
data/latest/images/Milan_Fashion_Week_runway_2025_5690cf0bafb528e0.jpg,4,#d1d0ce,0.112,neutrals
data/latest/images/Milan_Fashion_Week_runway_2025_5690cf0bafb528e0.jpg,5,#1c1c1c,0.08048333333333334,neutrals
data/latest/images/runway_backstage_fashion_2025_382ce09ced4ad418.jpg,1,#191e17,0.44285833333333335,neutrals
data/latest/images/runway_backstage_fashion_2025_382ce09ced4ad418.jpg,2,#e6dfdf,0.19409166666666666,pastels
data/latest/images/runway_backstage_fashion_2025_382ce09ced4ad418.jpg,3,#ccb5a7,0.13720833333333332,earth
data/latest/images/runway_backstage_fashion_2025_382ce09ced4ad418.jpg,4,#8b867c,0.13535833333333333,earth
data/latest/images/runway_backstage_fashion_2025_382ce09ced4ad418.jpg,5,#4b4941,0.09048333333333333,earth
data/latest/images/Tokyo_Fashion_Week_street_style_2025_0b4ba755974d36fb.jpg,1,#c0c7cf,0.29113333333333336,neutrals
data/latest/images/Tokyo_Fashion_Week_street_style_2025_0b4ba755974d36fb.jpg,2,#a1a2a9,0.2821166666666667,neutrals
data/latest/images/Tokyo_Fashion_Week_street_style_2025_0b4ba755974d36fb.jpg,3,#18201a,0.18086666666666668,neutrals
data/latest/images/Tokyo_Fashion_Week_street_style_2025_0b4ba755974d36fb.jpg,4,#3a433c,0.12978333333333333,green/blue
data/latest/images/Tokyo_Fashion_Week_street_style_2025_0b4ba755974d36fb.jpg,5,#78787d,0.1161,neutrals
data/latest/images/runway_fashion_2025_dea2a7f756df5e26.png,1,#7a6a67,0.25280833333333336,primary/jewel
data/latest/images/runway_fashion_2025_dea2a7f756df5e26.png,2,#c7303c,0.247175,neon
data/latest/images/runway_fashion_2025_dea2a7f756df5e26.png,3,#d58a88,0.23101666666666668,primary/jewel
data/latest/images/runway_fashion_2025_dea2a7f756df5e26.png,4,#e3d5d0,0.16450833333333334,earth
data/latest/images/runway_fashion_2025_dea2a7f756df5e26.png,5,#60261d,0.10449166666666666,primary/jewel
data/latest/images/Tokyo_Fashion_Week_backstage_2025_af749778bd36b371.jpg,1,#f9caab,0.27820833333333334,earth
data/latest/images/Tokyo_Fashion_Week_backstage_2025_af749778bd36b371.jpg,2,#531516,0.2334,primary/jewel
data/latest/images/Tokyo_Fashion_Week_backstage_2025_af749778bd36b371.jpg,3,#a65a41,0.16959166666666667,primary/jewel
data/latest/images/Tokyo_Fashion_Week_backstage_2025_af749778bd36b371.jpg,4,#d79984,0.16549166666666668,earth
data/latest/images/Tokyo_Fashion_Week_backstage_2025_af749778bd36b371.jpg,5,#200b06,0.15330833333333332,neutrals
data/latest/images/Stockholm_Fashion_Week_street_style_2026_32bcc2c0bb89fa66.jpg,1,#060a08,0.45469166666666666,neutrals
data/latest/images/Stockholm_Fashion_Week_street_style_2026_32bcc2c0bb89fa66.jpg,2,#8c8173,0.19234166666666666,earth
data/latest/images/Stockholm_Fashion_Week_street_style_2026_32bcc2c0bb89fa66.jpg,3,#2e2927,0.13746666666666665,earth
data/latest/images/Stockholm_Fashion_Week_street_style_2026_32bcc2c0bb89fa66.jpg,4,#b3a99c,0.11619166666666667,earth
data/latest/images/Stockholm_Fashion_Week_street_style_2026_32bcc2c0bb89fa66.jpg,5,#624f4a,0.09930833333333333,primary/jewel
data/latest/images/Gucci_Fall_2013_runway_ba9fd69f5922d392.jpg,1,#03080a,0.4006166666666667,neutrals
data/latest/images/Gucci_Fall_2013_runway_ba9fd69f5922d392.jpg,2,#7e8288,0.24128333333333332,neutrals
data/latest/images/Gucci_Fall_2013_runway_ba9fd69f5922d392.jpg,3,#3f4037,0.24055,earth
data/latest/images/Gucci_Fall_2013_runway_ba9fd69f5922d392.jpg,4,#81801a,0.06141666666666667,earth
data/latest/images/Gucci_Fall_2013_runway_ba9fd69f5922d392.jpg,5,#c9c059,0.056133333333333334,earth
data/latest/images/Stockholm_Fashion_Week_street_style_2025_60458fa9869b2c27.jpg,1,#b3b0a9,0.27903333333333336,neutrals
data/latest/images/Stockholm_Fashion_Week_street_style_2025_60458fa9869b2c27.jpg,2,#837e72,0.2654,earth
data/latest/images/Stockholm_Fashion_Week_street_style_2025_60458fa9869b2c27.jpg,3,#4d483b,0.22163333333333332,earth
data/latest/images/Stockholm_Fashion_Week_street_style_2025_60458fa9869b2c27.jpg,4,#19171b,0.1611,neutrals
data/latest/images/Stockholm_Fashion_Week_street_style_2025_60458fa9869b2c27.jpg,5,#f2efe9,0.07283333333333333,pastels
data/latest/images/vogue_runway_emerald_dress_5789bb87a388275c.jpg,1,#e7e3e2,0.38874166666666665,pastels
data/latest/images/vogue_runway_emerald_dress_5789bb87a388275c.jpg,2,#cbbfb6,0.29568333333333335,earth
data/latest/images/vogue_runway_emerald_dress_5789bb87a388275c.jpg,3,#3a5348,0.135825,green/blue
data/latest/images/vogue_runway_emerald_dress_5789bb87a388275c.jpg,4,#a08979,0.12433333333333334,earth
data/latest/images/vogue_runway_emerald_dress_5789bb87a388275c.jpg,5,#102822,0.05541666666666667,neutrals
data/latest/images/Stockholm_Fashion_Week_street_style_2026_94627115de5d2727.jpg,1,#7e7b76,0.24756666666666666,neutrals
data/latest/images/Stockholm_Fashion_Week_street_style_2026_94627115de5d2727.jpg,2,#525351,0.20838333333333334,neutrals
data/latest/images/Stockholm_Fashion_Week_street_style_2026_94627115de5d2727.jpg,3,#9da2a6,0.20239166666666666,neutrals
data/latest/images/Stockholm_Fashion_Week_street_style_2026_94627115de5d2727.jpg,4,#cfd0d2,0.18660833333333332,neutrals
data/latest/images/Stockholm_Fashion_Week_street_style_2026_94627115de5d2727.jpg,5,#2d2f2e,0.15505,neutrals
data/latest/images/New_York_Fashion_Week_runway_2025_7479a5381e1530d3.jpg,1,#07090b,0.3938468809073724,neutrals
data/latest/images/New_York_Fashion_Week_runway_2025_7479a5381e1530d3.jpg,2,#353234,0.19888468809073723,neutrals
data/latest/images/New_York_Fashion_Week_runway_2025_7479a5381e1530d3.jpg,3,#62656a,0.14930056710775047,neutrals
data/latest/images/New_York_Fashion_Week_runway_2025_7479a5381e1530d3.jpg,4,#9d9ca0,0.1369187145557656,neutrals
data/latest/images/New_York_Fashion_Week_runway_2025_7479a5381e1530d3.jpg,5,#d6dbde,0.1210491493383743,neutrals
data/latest/images/New_York_Fashion_Week_runway_2025_5255918be1357238.jpg,1,#4c403b,0.318475,earth
data/latest/images/New_York_Fashion_Week_runway_2025_5255918be1357238.jpg,2,#251f21,0.27539166666666665,neutrals
data/latest/images/New_York_Fashion_Week_runway_2025_5255918be1357238.jpg,3,#d1bfac,0.17323333333333332,earth
data/latest/images/New_York_Fashion_Week_runway_2025_5255918be1357238.jpg,4,#ac9584,0.11935,earth
data/latest/images/New_York_Fashion_Week_runway_2025_5255918be1357238.jpg,5,#87685d,0.11355,earth
data/latest/images/Seoul_Fashion_Week_runway_2026_227b63934a0b9214.jpg,1,#17110f,0.28003333333333336,neutrals
data/latest/images/Seoul_Fashion_Week_runway_2026_227b63934a0b9214.jpg,2,#988883,0.213925,primary/jewel
data/latest/images/Seoul_Fashion_Week_runway_2026_227b63934a0b9214.jpg,3,#685c58,0.179025,earth
data/latest/images/Seoul_Fashion_Week_runway_2026_227b63934a0b9214.jpg,4,#d8c5bf,0.17680833333333335,primary/jewel
data/latest/images/Seoul_Fashion_Week_runway_2026_227b63934a0b9214.jpg,5,#342e2b,0.15020833333333333,earth
data/latest/images/lookbook_fashion_2026_9ff5179314c95cd7.jpg,1,#100c0a,0.34844166666666665,neutrals
data/latest/images/lookbook_fashion_2026_9ff5179314c95cd7.jpg,2,#ceb29e,0.317325,earth
data/latest/images/lookbook_fashion_2026_9ff5179314c95cd7.jpg,3,#ebdecf,0.14965,pastels
data/latest/images/lookbook_fashion_2026_9ff5179314c95cd7.jpg,4,#583729,0.09430833333333333,earth
data/latest/images/lookbook_fashion_2026_9ff5179314c95cd7.jpg,5,#a36f58,0.090275,earth
data/latest/images/Tokyo_Fashion_Week_backstage_2025_6fe32d49f66f249e.jpg,1,#100f0d,0.35799166666666665,neutrals
data/latest/images/Tokyo_Fashion_Week_backstage_2025_6fe32d49f66f249e.jpg,2,#f6eebf,0.3009583333333333,earth
data/latest/images/Tokyo_Fashion_Week_backstage_2025_6fe32d49f66f249e.jpg,3,#f4d762,0.15451666666666666,earth
data/latest/images/Tokyo_Fashion_Week_backstage_2025_6fe32d49f66f249e.jpg,4,#a85a29,0.09724166666666667,earth
data/latest/images/Tokyo_Fashion_Week_backstage_2025_6fe32d49f66f249e.jpg,5,#8a7e7a,0.08929166666666667,earth
data/latest/images/Gucci_Fall_2013_runway_7d8837aed673420b.jpg,1,#040404,0.7187083333333333,neutrals
data/latest/images/Gucci_Fall_2013_runway_7d8837aed673420b.jpg,2,#20252a,0.126275,neutrals
data/latest/images/Gucci_Fall_2013_runway_7d8837aed673420b.jpg,3,#3e444b,0.09119166666666667,blue/purple
data/latest/images/Gucci_Fall_2013_runway_7d8837aed673420b.jpg,4,#7e7671,0.043375,earth
data/latest/images/Gucci_Fall_2013_runway_7d8837aed673420b.jpg,5,#c5c4c2,0.02045,neutrals
data/latest/images/London_Fashion_Week_runway_2025_d82c0c31f41aa727.jpg,1,#080908,0.5834166666666667,neutrals
data/latest/images/London_Fashion_Week_runway_2025_d82c0c31f41aa727.jpg,2,#7b7266,0.143625,earth
data/latest/images/London_Fashion_Week_runway_2025_d82c0c31f41aa727.jpg,3,#2f221b,0.12079166666666667,earth
data/latest/images/London_Fashion_Week_runway_2025_d82c0c31f41aa727.jpg,4,#544940,0.08798333333333333,earth
data/latest/images/London_Fashion_Week_runway_2025_d82c0c31f41aa727.jpg,5,#9c120d,0.06418333333333333,primary/jewel
data/latest/images/editorial_fashion_2025_e88dc0ebfd8dd349.jpg,1,#4d4439,0.33858333333333335,earth
data/latest/images/editorial_fashion_2025_e88dc0ebfd8dd349.jpg,2,#907852,0.20235833333333333,earth
data/latest/images/editorial_fashion_2025_e88dc0ebfd8dd349.jpg,3,#bfaea1,0.19186666666666666,earth
data/latest/images/editorial_fashion_2025_e88dc0ebfd8dd349.jpg,4,#221711,0.15801666666666667,neutrals
data/latest/images/editorial_fashion_2025_e88dc0ebfd8dd349.jpg,5,#e3dfca,0.109175,earth
data/latest/images/Tokyo_Fashion_Week_runway_2026_b0e2beb3f3c0c40b.jpg,1,#161018,0.4920833333333333,neutrals
data/latest/images/Tokyo_Fashion_Week_runway_2026_b0e2beb3f3c0c40b.jpg,2,#eb706c,0.181875,primary/jewel
data/latest/images/Tokyo_Fashion_Week_runway_2026_b0e2beb3f3c0c40b.jpg,3,#b3221c,0.14413333333333334,neon
data/latest/images/Tokyo_Fashion_Week_runway_2026_b0e2beb3f3c0c40b.jpg,4,#e5ddd5,0.092775,neutrals
data/latest/images/Tokyo_Fashion_Week_runway_2026_b0e2beb3f3c0c40b.jpg,5,#2b499b,0.08913333333333333,blue/purple
data/latest/images/Balmain_burgundy_runway_2025_90dea4448111a3ce.jpg,1,#ebecee,0.43306666666666666,pastels
data/latest/images/Balmain_burgundy_runway_2025_90dea4448111a3ce.jpg,2,#dadada,0.3760833333333333,neutrals
data/latest/images/Balmain_burgundy_runway_2025_90dea4448111a3ce.jpg,3,#543c34,0.08263333333333334,earth
data/latest/images/Balmain_burgundy_runway_2025_90dea4448111a3ce.jpg,4,#262325,0.07856666666666667,neutrals
data/latest/images/Balmain_burgundy_runway_2025_90dea4448111a3ce.jpg,5,#836459,0.02965,earth
data/latest/images/Sydney_Fashion_Week_backstage_2025_d862692716d8c746.jpg,1,#3e2d42,0.39705833333333335,primary/jewel
data/latest/images/Sydney_Fashion_Week_backstage_2025_d862692716d8c746.jpg,2,#e8e4eb,0.2572833333333333,pastels
data/latest/images/Sydney_Fashion_Week_backstage_2025_d862692716d8c746.jpg,3,#190d17,0.147925,neutrals
data/latest/images/Sydney_Fashion_Week_backstage_2025_d862692716d8c746.jpg,4,#d0a8b1,0.1278,primary/jewel
data/latest/images/Sydney_Fashion_Week_backstage_2025_d862692716d8c746.jpg,5,#765f72,0.06993333333333333,primary/jewel
data/latest/images/Copenhagen_Fashion_Week_street_style_2026_46f6d88b48a28082.jpg,1,#807b71,0.32181666666666664,earth
data/latest/images/Copenhagen_Fashion_Week_street_style_2026_46f6d88b48a28082.jpg,2,#2a2f2c,0.238175,green/blue
data/latest/images/Copenhagen_Fashion_Week_street_style_2026_46f6d88b48a28082.jpg,3,#0f140f,0.18386666666666668,neutrals
data/latest/images/Copenhagen_Fashion_Week_street_style_2026_46f6d88b48a28082.jpg,4,#494f2a,0.163425,earth
data/latest/images/Copenhagen_Fashion_Week_street_style_2026_46f6d88b48a28082.jpg,5,#dddcda,0.09271666666666667,neutrals
data/latest/images/fashion_campaign_2026_2c40c06cb8d3a392.jpg,1,#ccd0d1,0.5233166666666667,neutrals
data/latest/images/fashion_campaign_2026_2c40c06cb8d3a392.jpg,2,#9b9c9e,0.15029166666666666,neutrals
data/latest/images/fashion_campaign_2026_2c40c06cb8d3a392.jpg,3,#727576,0.132975,neutrals
data/latest/images/fashion_campaign_2026_2c40c06cb8d3a392.jpg,4,#0c1010,0.10408333333333333,neutrals
data/latest/images/fashion_campaign_2026_2c40c06cb8d3a392.jpg,5,#3b3e3f,0.08933333333333333,neutrals
data/latest/images/runway_backstage_fashion_2025_186d65b147fd1f5b.jpg,1,#cda287,0.3114,earth
data/latest/images/runway_backstage_fashion_2025_186d65b147fd1f5b.jpg,2,#886d5b,0.224925,earth
data/latest/images/runway_backstage_fashion_2025_186d65b147fd1f5b.jpg,3,#b5896e,0.21145,earth
data/latest/images/runway_backstage_fashion_2025_186d65b147fd1f5b.jpg,4,#604235,0.16440833333333332,earth
data/latest/images/runway_backstage_fashion_2025_186d65b147fd1f5b.jpg,5,#251b15,0.08781666666666667,neutrals
data/latest/images/Seoul_Fashion_Week_street_style_2025_3e308be908045814.jpg,1,#a2b6c3,0.48075833333333334,blue/purple
data/latest/images/Seoul_Fashion_Week_street_style_2025_3e308be908045814.jpg,2,#889fad,0.22884166666666667,blue/purple
data/latest/images/Seoul_Fashion_Week_street_style_2025_3e308be908045814.jpg,3,#100f10,0.17103333333333334,neutrals
data/latest/images/Seoul_Fashion_Week_street_style_2025_3e308be908045814.jpg,4,#3d2b2a,0.08325833333333334,primary/jewel
data/latest/images/Seoul_Fashion_Week_street_style_2025_3e308be908045814.jpg,5,#85564d,0.03610833333333333,primary/jewel
data/latest/images/lookbook_fashion_2025_b4ca26226a54433f.jpg,1,#e9eef1,0.4162,pastels
data/latest/images/lookbook_fashion_2025_b4ca26226a54433f.jpg,2,#d7d9dd,0.35291666666666666,neutrals
data/latest/images/lookbook_fashion_2025_b4ca26226a54433f.jpg,3,#292630,0.12645833333333334,jewel
data/latest/images/lookbook_fashion_2025_b4ca26226a54433f.jpg,4,#4a434d,0.08605,jewel
data/latest/images/lookbook_fashion_2025_b4ca26226a54433f.jpg,5,#987f7a,0.018375,primary/jewel
data/latest/images/lookbook_fashion_2025_a49e51709497dbb1.png,1,#cdcecc,0.37715,neutrals
data/latest/images/lookbook_fashion_2025_a49e51709497dbb1.png,2,#f4ede4,0.33443333333333336,pastels
data/latest/images/lookbook_fashion_2025_a49e51709497dbb1.png,3,#a38e7b,0.17630833333333334,earth
data/latest/images/lookbook_fashion_2025_a49e51709497dbb1.png,4,#e4c88f,0.065475,earth
data/latest/images/lookbook_fashion_2025_a49e51709497dbb1.png,5,#1a1d1c,0.04663333333333333,neutrals
data/latest/images/Sydney_Fashion_Week_runway_2025_8d40fda8f5c6bb74.jpg,1,#191c20,0.283325,neutrals
data/latest/images/Sydney_Fashion_Week_runway_2025_8d40fda8f5c6bb74.jpg,2,#3c363c,0.25025,primary/jewel
data/latest/images/Sydney_Fashion_Week_runway_2025_8d40fda8f5c6bb74.jpg,3,#6f6a66,0.18744166666666667,earth
data/latest/images/Sydney_Fashion_Week_runway_2025_8d40fda8f5c6bb74.jpg,4,#d9dadc,0.146625,neutrals
data/latest/images/Sydney_Fashion_Week_runway_2025_8d40fda8f5c6bb74.jpg,5,#a19996,0.13235833333333333,neutrals
data/latest/images/Seoul_Fashion_Week_runway_2026_fda7c9444dabcba9.jpg,1,#9da09f,0.46481666666666666,neutrals
data/latest/images/Seoul_Fashion_Week_runway_2026_fda7c9444dabcba9.jpg,2,#794136,0.17369166666666666,primary/jewel
data/latest/images/Seoul_Fashion_Week_runway_2026_fda7c9444dabcba9.jpg,3,#1a1511,0.14579166666666668,neutrals
data/latest/images/Seoul_Fashion_Week_runway_2026_fda7c9444dabcba9.jpg,4,#b89566,0.13059166666666666,earth
data/latest/images/Seoul_Fashion_Week_runway_2026_fda7c9444dabcba9.jpg,5,#e7cdc0,0.08510833333333333,pastels
data/latest/images/Seoul_Fashion_Week_street_style_2025_1f66d543cdad9ce4.webp,1,#beb6ac,0.26153333333333334,earth
data/latest/images/Seoul_Fashion_Week_street_style_2025_1f66d543cdad9ce4.webp,2,#141f1b,0.22710833333333333,neutrals
data/latest/images/Seoul_Fashion_Week_street_style_2025_1f66d543cdad9ce4.webp,3,#e6e6e6,0.212,pastels
data/latest/images/Seoul_Fashion_Week_street_style_2025_1f66d543cdad9ce4.webp,4,#928c84,0.210475,earth
data/latest/images/Seoul_Fashion_Week_street_style_2025_1f66d543cdad9ce4.webp,5,#62564b,0.08888333333333333,earth
data/latest/images/vogue_runway_emerald_dress_53c47593e392767a.jpg,1,#dad1d5,0.349825,neutrals
data/latest/images/vogue_runway_emerald_dress_53c47593e392767a.jpg,2,#2c5b6c,0.21281666666666665,blue/purple
data/latest/images/vogue_runway_emerald_dress_53c47593e392767a.jpg,3,#4087a2,0.184025,blue/purple
data/latest/images/vogue_runway_emerald_dress_53c47593e392767a.jpg,4,#a2a3a8,0.14640833333333333,neutrals
data/latest/images/vogue_runway_emerald_dress_53c47593e392767a.jpg,5,#173640,0.106925,blue/purple
data/latest/images/Stockholm_Fashion_Week_street_style_2025_9044456bb712455d.png,1,#eeeeee,0.25845,pastels
data/latest/images/Stockholm_Fashion_Week_street_style_2025_9044456bb712455d.png,2,#0d1617,0.24264166666666667,neutrals
data/latest/images/Stockholm_Fashion_Week_street_style_2025_9044456bb712455d.png,3,#374348,0.209575,blue/purple
data/latest/images/Stockholm_Fashion_Week_street_style_2025_9044456bb712455d.png,4,#b8bdba,0.185875,neutrals
data/latest/images/Stockholm_Fashion_Week_street_style_2025_9044456bb712455d.png,5,#84817c,0.10345833333333333,neutrals
data/latest/images/leopard_print_runway_1990s_abd567652c98c5db.jpg,1,#bfc8c8,0.5374666666666666,neutrals
data/latest/images/leopard_print_runway_1990s_abd567652c98c5db.jpg,2,#a9aaab,0.2446,neutrals
data/latest/images/leopard_print_runway_1990s_abd567652c98c5db.jpg,3,#211312,0.0964,neutrals
data/latest/images/leopard_print_runway_1990s_abd567652c98c5db.jpg,4,#a86256,0.061391666666666664,primary/jewel
data/latest/images/leopard_print_runway_1990s_abd567652c98c5db.jpg,5,#563b34,0.06014166666666667,primary/jewel
data/latest/images/Milan_Fashion_Week_runway_2026_c36514c7b9477c5c.jpg,1,#ccd7da,0.3289416666666667,neutrals
data/latest/images/Milan_Fashion_Week_runway_2026_c36514c7b9477c5c.jpg,2,#07090b,0.32159166666666666,neutrals
data/latest/images/Milan_Fashion_Week_runway_2026_c36514c7b9477c5c.jpg,3,#878e90,0.176425,neutrals
data/latest/images/Milan_Fashion_Week_runway_2026_c36514c7b9477c5c.jpg,4,#990850,0.09980833333333333,primary/jewel
data/latest/images/Milan_Fashion_Week_runway_2026_c36514c7b9477c5c.jpg,5,#3d3233,0.07323333333333333,primary/jewel
data/latest/images/vogue_runway_emerald_dress_49f0aaf35c74c7e6.jpg,1,#676567,0.4283416666666667,neutrals
data/latest/images/vogue_runway_emerald_dress_49f0aaf35c74c7e6.jpg,2,#101420,0.302,neutrals
data/latest/images/vogue_runway_emerald_dress_49f0aaf35c74c7e6.jpg,3,#2b3437,0.170925,blue/purple
data/latest/images/vogue_runway_emerald_dress_49f0aaf35c74c7e6.jpg,4,#c68574,0.07465833333333333,primary/jewel
data/latest/images/vogue_runway_emerald_dress_49f0aaf35c74c7e6.jpg,5,#c8cdda,0.024075,blue/purple
data/latest/images/Chanel_haute_couture_2020_bc4cc0776321f478.jpg,1,#a2a19f,0.287225,neutrals
data/latest/images/Chanel_haute_couture_2020_bc4cc0776321f478.jpg,2,#7f7c7b,0.22730833333333333,neutrals
data/latest/images/Chanel_haute_couture_2020_bc4cc0776321f478.jpg,3,#c6c6c6,0.22405833333333333,neutrals
data/latest/images/Chanel_haute_couture_2020_bc4cc0776321f478.jpg,4,#1d1e21,0.13895833333333332,neutrals
data/latest/images/Chanel_haute_couture_2020_bc4cc0776321f478.jpg,5,#494846,0.12245,neutrals
data/latest/images/runway_fashion_2025_087558e0956dc57f.jpg,1,#a27c6b,0.353975,earth
data/latest/images/runway_fashion_2025_087558e0956dc57f.jpg,2,#bd917f,0.3312333333333333,earth
data/latest/images/runway_fashion_2025_087558e0956dc57f.jpg,3,#dfbdae,0.14264166666666667,earth
data/latest/images/runway_fashion_2025_087558e0956dc57f.jpg,4,#7f5f4f,0.12018333333333334,earth
data/latest/images/runway_fashion_2025_087558e0956dc57f.jpg,5,#3f2c21,0.05196666666666667,earth
data/latest/images/New_York_Fashion_Week_street_style_2025_35ed571ad7cc109f.jpg,1,#272426,0.3177583333333333,neutrals
data/latest/images/New_York_Fashion_Week_street_style_2025_35ed571ad7cc109f.jpg,2,#ebf1f6,0.2243,pastels
data/latest/images/New_York_Fashion_Week_street_style_2025_35ed571ad7cc109f.jpg,3,#9ba2b4,0.20485,blue/purple
data/latest/images/New_York_Fashion_Week_street_style_2025_35ed571ad7cc109f.jpg,4,#674b47,0.18379166666666666,primary/jewel
data/latest/images/New_York_Fashion_Week_street_style_2025_35ed571ad7cc109f.jpg,5,#c34439,0.0693,neon
data/latest/images/Tokyo_Fashion_Week_runway_2026_6604ac271db7e29f.jpg,1,#abc9fd,0.61845,blue/purple
data/latest/images/Tokyo_Fashion_Week_runway_2026_6604ac271db7e29f.jpg,2,#dbc2cb,0.12495,primary/jewel
data/latest/images/Tokyo_Fashion_Week_runway_2026_6604ac271db7e29f.jpg,3,#b48a92,0.12086666666666666,primary/jewel
data/latest/images/Tokyo_Fashion_Week_runway_2026_6604ac271db7e29f.jpg,4,#17181d,0.07103333333333334,neutrals
data/latest/images/Tokyo_Fashion_Week_runway_2026_6604ac271db7e29f.jpg,5,#6b5660,0.0647,primary/jewel
data/latest/images/Los_Angeles_Fashion_Week_backstage_2026_2c6307114c96ce21.jpg,1,#0e0d12,0.43828333333333336,neutrals
data/latest/images/Los_Angeles_Fashion_Week_backstage_2026_2c6307114c96ce21.jpg,2,#342e30,0.34394166666666665,primary/jewel
data/latest/images/Los_Angeles_Fashion_Week_backstage_2026_2c6307114c96ce21.jpg,3,#88362a,0.13119166666666668,primary/jewel
data/latest/images/Los_Angeles_Fashion_Week_backstage_2026_2c6307114c96ce21.jpg,4,#c08f86,0.06539166666666667,primary/jewel
data/latest/images/Los_Angeles_Fashion_Week_backstage_2026_2c6307114c96ce21.jpg,5,#ddeafb,0.021191666666666668,pastels
data/latest/images/Sydney_Fashion_Week_backstage_2025_4f0079f82f4e163c.jpg,1,#ecece6,0.7576916666666667,pastels
data/latest/images/Sydney_Fashion_Week_backstage_2025_4f0079f82f4e163c.jpg,2,#20191a,0.08714166666666667,neutrals
data/latest/images/Sydney_Fashion_Week_backstage_2025_4f0079f82f4e163c.jpg,3,#514b4e,0.05475,neutrals
data/latest/images/Sydney_Fashion_Week_backstage_2025_4f0079f82f4e163c.jpg,4,#c5916c,0.050216666666666666,earth
data/latest/images/Sydney_Fashion_Week_backstage_2025_4f0079f82f4e163c.jpg,5,#b35e36,0.0502,earth
data/latest/images/Stockholm_Fashion_Week_street_style_2026_178766bbe6e6d3b0.jpg,1,#3e4246,0.34513333333333335,blue/purple
data/latest/images/Stockholm_Fashion_Week_street_style_2026_178766bbe6e6d3b0.jpg,2,#9ba2a5,0.2048,neutrals
data/latest/images/Stockholm_Fashion_Week_street_style_2026_178766bbe6e6d3b0.jpg,3,#1e2225,0.1689,neutrals
data/latest/images/Stockholm_Fashion_Week_street_style_2026_178766bbe6e6d3b0.jpg,4,#666c6c,0.14106666666666667,neutrals
data/latest/images/Stockholm_Fashion_Week_street_style_2026_178766bbe6e6d3b0.jpg,5,#cad1d4,0.1401,neutrals
data/latest/images/Chanel_haute_couture_2020_c789ebf4fd412dc6.jpg,1,#95989d,0.4424416666666667,neutrals
data/latest/images/Chanel_haute_couture_2020_c789ebf4fd412dc6.jpg,2,#747576,0.22543333333333335,neutrals
data/latest/images/Chanel_haute_couture_2020_c789ebf4fd412dc6.jpg,3,#444842,0.17130833333333334,green/blue
data/latest/images/Chanel_haute_couture_2020_c789ebf4fd412dc6.jpg,4,#212422,0.13405833333333333,neutrals
data/latest/images/Chanel_haute_couture_2020_c789ebf4fd412dc6.jpg,5,#d2dbe9,0.026758333333333332,pastels
data/latest/images/runway_backstage_fashion_2025_b4bd35b7aea3c099.jpg,1,#0a0714,0.344775,neutrals
data/latest/images/runway_backstage_fashion_2025_b4bd35b7aea3c099.jpg,2,#fcfdff,0.227875,pastels
data/latest/images/runway_backstage_fashion_2025_b4bd35b7aea3c099.jpg,3,#31313f,0.16771666666666665,blue/purple
data/latest/images/runway_backstage_fashion_2025_b4bd35b7aea3c099.jpg,4,#4f5768,0.167575,blue/purple
data/latest/images/runway_backstage_fashion_2025_b4bd35b7aea3c099.jpg,5,#acafb8,0.09205833333333334,neutrals
data/latest/images/runway_fashion_2025_7a9df3c7cad45bbc.jpg,1,#b69587,0.36311666666666664,earth
data/latest/images/runway_fashion_2025_7a9df3c7cad45bbc.jpg,2,#9d7c71,0.22888333333333333,earth
data/latest/images/runway_fashion_2025_7a9df3c7cad45bbc.jpg,3,#221f1d,0.20769166666666666,neutrals
data/latest/images/runway_fashion_2025_7a9df3c7cad45bbc.jpg,4,#d8b1a4,0.16854166666666667,primary/jewel
data/latest/images/runway_fashion_2025_7a9df3c7cad45bbc.jpg,5,#58463c,0.031766666666666665,earth
data/latest/images/lookbook_fashion_2026_815541dd21d7038c.jpg,1,#170f09,0.267025,neutrals
data/latest/images/lookbook_fashion_2026_815541dd21d7038c.jpg,2,#4c321f,0.24949166666666667,earth
data/latest/images/lookbook_fashion_2026_815541dd21d7038c.jpg,3,#785338,0.202225,earth
data/latest/images/lookbook_fashion_2026_815541dd21d7038c.jpg,4,#f1d0ab,0.16409166666666666,earth
data/latest/images/lookbook_fashion_2026_815541dd21d7038c.jpg,5,#b28766,0.11716666666666667,earth
data/latest/images/Stockholm_Fashion_Week_street_style_2026_9da1f8f87ebb4857.jpg,1,#cacbcd,0.46386666666666665,neutrals
data/latest/images/Stockholm_Fashion_Week_street_style_2026_9da1f8f87ebb4857.jpg,2,#123c9a,0.18464166666666668,blue/purple
data/latest/images/Stockholm_Fashion_Week_street_style_2026_9da1f8f87ebb4857.jpg,3,#091542,0.14795833333333333,blue/purple
data/latest/images/Stockholm_Fashion_Week_street_style_2026_9da1f8f87ebb4857.jpg,4,#504d51,0.11211666666666667,neutrals
data/latest/images/Stockholm_Fashion_Week_street_style_2026_9da1f8f87ebb4857.jpg,5,#9a928d,0.09141666666666666,earth
data/latest/images/Tokyo_Fashion_Week_street_style_2025_10e1010c9abd75da.jpg,1,#0f100e,0.24060833333333334,neutrals
data/latest/images/Tokyo_Fashion_Week_street_style_2025_10e1010c9abd75da.jpg,2,#d5bfc1,0.22863333333333333,primary/jewel
data/latest/images/Tokyo_Fashion_Week_street_style_2025_10e1010c9abd75da.jpg,3,#b39590,0.20393333333333333,primary/jewel
data/latest/images/Tokyo_Fashion_Week_street_style_2025_10e1010c9abd75da.jpg,4,#686564,0.16495,neutrals
data/latest/images/Tokyo_Fashion_Week_street_style_2025_10e1010c9abd75da.jpg,5,#3c3b3a,0.161875,neutrals
data/latest/images/Seoul_Fashion_Week_street_style_2025_8b6c36aee74b957d.jpg,1,#0a0a0a,0.455925,neutrals
data/latest/images/Seoul_Fashion_Week_street_style_2025_8b6c36aee74b957d.jpg,2,#8b8072,0.17966666666666667,earth
data/latest/images/Seoul_Fashion_Week_street_style_2025_8b6c36aee74b957d.jpg,3,#2e2928,0.13779166666666667,primary/jewel
data/latest/images/Seoul_Fashion_Week_street_style_2025_8b6c36aee74b957d.jpg,4,#afa699,0.1306,earth
data/latest/images/Seoul_Fashion_Week_street_style_2025_8b6c36aee74b957d.jpg,5,#614f4b,0.09601666666666667,primary/jewel
data/latest/images/leopard_print_runway_1990s_de43080fa21f45b9.jpg,1,#080705,0.5995916666666666,neutrals
data/latest/images/leopard_print_runway_1990s_de43080fa21f45b9.jpg,2,#cab6a4,0.114825,earth
data/latest/images/leopard_print_runway_1990s_de43080fa21f45b9.jpg,3,#fefefe,0.10569166666666667,pastels
data/latest/images/leopard_print_runway_1990s_de43080fa21f45b9.jpg,4,#9d8974,0.090275,earth
data/latest/images/leopard_print_runway_1990s_de43080fa21f45b9.jpg,5,#4a382a,0.08961666666666666,earth
data/latest/images/Tokyo_Fashion_Week_street_style_2025_8ed2894385088010.webp,1,#1f1c1d,0.254212962962963,neutrals
data/latest/images/Tokyo_Fashion_Week_street_style_2025_8ed2894385088010.webp,2,#dfdadb,0.2429976851851852,neutrals
data/latest/images/Tokyo_Fashion_Week_street_style_2025_8ed2894385088010.webp,3,#bca795,0.2038425925925926,earth
data/latest/images/Tokyo_Fashion_Week_street_style_2025_8ed2894385088010.webp,4,#534a45,0.17300925925925925,earth
data/latest/images/Tokyo_Fashion_Week_street_style_2025_8ed2894385088010.webp,5,#887267,0.1259375,earth
data/latest/images/Seoul_Fashion_Week_runway_2026_2ecbc2e608d86ca1.jpg,1,#988e80,0.32085,earth
data/latest/images/Seoul_Fashion_Week_runway_2026_2ecbc2e608d86ca1.jpg,2,#bdb7aa,0.31816666666666665,earth
data/latest/images/Seoul_Fashion_Week_runway_2026_2ecbc2e608d86ca1.jpg,3,#221c1f,0.19190833333333332,neutrals
data/latest/images/Seoul_Fashion_Week_runway_2026_2ecbc2e608d86ca1.jpg,4,#5c4e49,0.1235,earth
data/latest/images/Seoul_Fashion_Week_runway_2026_2ecbc2e608d86ca1.jpg,5,#4ab6e6,0.045575,blue/purple
data/latest/images/vogue_runway_emerald_dress_db6817d267cccdc9.jpg,1,#050c0a,0.29186666666666666,neutrals
data/latest/images/vogue_runway_emerald_dress_db6817d267cccdc9.jpg,2,#163227,0.25185833333333335,green/blue
data/latest/images/vogue_runway_emerald_dress_db6817d267cccdc9.jpg,3,#1c543f,0.25143333333333334,green/blue
data/latest/images/vogue_runway_emerald_dress_db6817d267cccdc9.jpg,4,#1a876c,0.17459166666666667,blue/purple
data/latest/images/vogue_runway_emerald_dress_db6817d267cccdc9.jpg,5,#c7a692,0.03025,earth
data/latest/images/Sydney_Fashion_Week_runway_2025_062522428e817598.jpg,1,#f3f3ed,0.5426416666666667,pastels
data/latest/images/Sydney_Fashion_Week_runway_2025_062522428e817598.jpg,2,#e0dad6,0.2202,neutrals
data/latest/images/Sydney_Fashion_Week_runway_2025_062522428e817598.jpg,3,#b01b16,0.11736666666666666,primary/jewel
data/latest/images/Sydney_Fashion_Week_runway_2025_062522428e817598.jpg,4,#a5938b,0.061691666666666665,earth
data/latest/images/Sydney_Fashion_Week_runway_2025_062522428e817598.jpg,5,#241e1e,0.0581,neutrals
data/latest/images/Milan_Fashion_Week_runway_2025_52cfc956da81b18e.jpg,1,#2a1f19,0.3398,neutrals
data/latest/images/Milan_Fashion_Week_runway_2025_52cfc956da81b18e.jpg,2,#b1b2b7,0.27985,neutrals
data/latest/images/Milan_Fashion_Week_runway_2025_52cfc956da81b18e.jpg,3,#61554a,0.174525,earth
data/latest/images/Milan_Fashion_Week_runway_2025_52cfc956da81b18e.jpg,4,#8a8681,0.16369166666666668,neutrals
data/latest/images/Milan_Fashion_Week_runway_2025_52cfc956da81b18e.jpg,5,#f5f5f1,0.042133333333333335,pastels
data/latest/images/Tokyo_Fashion_Week_runway_2026_d8665bf4d3a5619e.jpg,1,#13121a,0.5151583333333334,neutrals
data/latest/images/Tokyo_Fashion_Week_runway_2026_d8665bf4d3a5619e.jpg,2,#f5f8fe,0.18191666666666667,pastels
data/latest/images/Tokyo_Fashion_Week_runway_2026_d8665bf4d3a5619e.jpg,3,#343130,0.167975,neutrals
data/latest/images/Tokyo_Fashion_Week_runway_2026_d8665bf4d3a5619e.jpg,4,#c3b9bc,0.09134166666666667,neutrals
data/latest/images/Tokyo_Fashion_Week_runway_2026_d8665bf4d3a5619e.jpg,5,#857775,0.04360833333333333,primary/jewel
data/latest/images/Los_Angeles_Fashion_Week_backstage_2026_d6f50f225bbc7bb2.jpg,1,#403935,0.2699083333333333,earth
data/latest/images/Los_Angeles_Fashion_Week_backstage_2026_d6f50f225bbc7bb2.jpg,2,#d2d1cf,0.24535833333333334,neutrals
data/latest/images/Los_Angeles_Fashion_Week_backstage_2026_d6f50f225bbc7bb2.jpg,3,#b0a79f,0.21624166666666667,earth
data/latest/images/Los_Angeles_Fashion_Week_backstage_2026_d6f50f225bbc7bb2.jpg,4,#7f7570,0.14499166666666666,earth
data/latest/images/Los_Angeles_Fashion_Week_backstage_2026_d6f50f225bbc7bb2.jpg,5,#171413,0.1235,neutrals
data/latest/images/Seoul_Fashion_Week_backstage_2026_2206d89512cf8996.webp,1,#020305,0.71125,neutrals
data/latest/images/Seoul_Fashion_Week_backstage_2026_2206d89512cf8996.webp,2,#a3c8be,0.08744166666666667,green/blue
data/latest/images/Seoul_Fashion_Week_backstage_2026_2206d89512cf8996.webp,3,#589065,0.07644166666666667,green/blue
data/latest/images/Seoul_Fashion_Week_backstage_2026_2206d89512cf8996.webp,4,#0a2c7b,0.06736666666666667,blue/purple
data/latest/images/Seoul_Fashion_Week_backstage_2026_2206d89512cf8996.webp,5,#344131,0.0575,green/blue
data/latest/images/runway_backstage_fashion_2025_34e780fed3541efd.webp,1,#baa28f,0.33698333333333336,earth
data/latest/images/runway_backstage_fashion_2025_34e780fed3541efd.webp,2,#73543e,0.212175,earth
data/latest/images/runway_backstage_fashion_2025_34e780fed3541efd.webp,3,#1f140d,0.20901666666666666,neutrals
data/latest/images/runway_backstage_fashion_2025_34e780fed3541efd.webp,4,#eee2d7,0.1799,pastels
data/latest/images/runway_backstage_fashion_2025_34e780fed3541efd.webp,5,#b10b17,0.061925,primary/jewel
data/latest/images/Stockholm_Fashion_Week_street_style_2025_2aeaf2c4d1e60e6b.jpg,1,#c2c3ca,0.407175,neutrals
data/latest/images/Stockholm_Fashion_Week_street_style_2025_2aeaf2c4d1e60e6b.jpg,2,#9995a1,0.18793333333333334,neutrals
data/latest/images/Stockholm_Fashion_Week_street_style_2025_2aeaf2c4d1e60e6b.jpg,3,#14151a,0.15219166666666667,neutrals
data/latest/images/Stockholm_Fashion_Week_street_style_2025_2aeaf2c4d1e60e6b.jpg,4,#35383e,0.14248333333333332,blue/purple
data/latest/images/Stockholm_Fashion_Week_street_style_2025_2aeaf2c4d1e60e6b.jpg,5,#6c6066,0.11021666666666667,primary/jewel
data/latest/images/Los_Angeles_Fashion_Week_backstage_2026_8280795560c45d43.jpg,1,#060707,0.577775,neutrals
data/latest/images/Los_Angeles_Fashion_Week_backstage_2026_8280795560c45d43.jpg,2,#272525,0.2597333333333333,neutrals
data/latest/images/Los_Angeles_Fashion_Week_backstage_2026_8280795560c45d43.jpg,3,#745641,0.06274166666666667,earth
data/latest/images/Los_Angeles_Fashion_Week_backstage_2026_8280795560c45d43.jpg,4,#bb927a,0.05276666666666667,earth
data/latest/images/Los_Angeles_Fashion_Week_backstage_2026_8280795560c45d43.jpg,5,#384b6d,0.046983333333333335,blue/purple
data/latest/images/New_York_Fashion_Week_runway_2025_ec76a3edded8afa4.jpg,1,#d1c4bb,0.26755833333333334,earth
data/latest/images/New_York_Fashion_Week_runway_2025_ec76a3edded8afa4.jpg,2,#a6968b,0.240525,earth
data/latest/images/New_York_Fashion_Week_runway_2025_ec76a3edded8afa4.jpg,3,#191615,0.20746666666666666,neutrals
data/latest/images/New_York_Fashion_Week_runway_2025_ec76a3edded8afa4.jpg,4,#f7f2ed,0.19014166666666665,pastels
data/latest/images/New_York_Fashion_Week_runway_2025_ec76a3edded8afa4.jpg,5,#5f4d45,0.09430833333333333,earth
data/latest/images/Tokyo_Fashion_Week_backstage_2025_b0e2beb3f3c0c40b.jpg,1,#161018,0.4920833333333333,neutrals
data/latest/images/Tokyo_Fashion_Week_backstage_2025_b0e2beb3f3c0c40b.jpg,2,#eb706c,0.181875,primary/jewel
data/latest/images/Tokyo_Fashion_Week_backstage_2025_b0e2beb3f3c0c40b.jpg,3,#b3221c,0.14413333333333334,neon
data/latest/images/Tokyo_Fashion_Week_backstage_2025_b0e2beb3f3c0c40b.jpg,4,#e5ddd5,0.092775,neutrals
data/latest/images/Tokyo_Fashion_Week_backstage_2025_b0e2beb3f3c0c40b.jpg,5,#2b499b,0.08913333333333333,blue/purple
data/latest/images/Tokyo_Fashion_Week_backstage_2025_d8665bf4d3a5619e.jpg,1,#13121a,0.5151583333333334,neutrals
data/latest/images/Tokyo_Fashion_Week_backstage_2025_d8665bf4d3a5619e.jpg,2,#f5f8fe,0.18191666666666667,pastels
data/latest/images/Tokyo_Fashion_Week_backstage_2025_d8665bf4d3a5619e.jpg,3,#343130,0.167975,neutrals
data/latest/images/Tokyo_Fashion_Week_backstage_2025_d8665bf4d3a5619e.jpg,4,#c3b9bc,0.09134166666666667,neutrals
data/latest/images/Tokyo_Fashion_Week_backstage_2025_d8665bf4d3a5619e.jpg,5,#857775,0.04360833333333333,primary/jewel
data/latest/images/London_Fashion_Week_street_style_2025_9599cd681b0276ca.webp,1,#d5cfc2,0.26629166666666665,earth
data/latest/images/London_Fashion_Week_street_style_2025_9599cd681b0276ca.webp,2,#ab9e8e,0.23780833333333334,earth
data/latest/images/London_Fashion_Week_street_style_2025_9599cd681b0276ca.webp,3,#827264,0.2014,earth
data/latest/images/London_Fashion_Week_street_style_2025_9599cd681b0276ca.webp,4,#46413c,0.164125,earth
data/latest/images/London_Fashion_Week_street_style_2025_9599cd681b0276ca.webp,5,#171919,0.130375,neutrals
data/latest/images/Balmain_burgundy_runway_2025_af3fb4ac21c8549a.jpg,1,#321c13,0.31704166666666667,earth
data/latest/images/Balmain_burgundy_runway_2025_af3fb4ac21c8549a.jpg,2,#130e0f,0.22498333333333334,neutrals
data/latest/images/Balmain_burgundy_runway_2025_af3fb4ac21c8549a.jpg,3,#5c321f,0.20921666666666666,earth
data/latest/images/Balmain_burgundy_runway_2025_af3fb4ac21c8549a.jpg,4,#82593b,0.13793333333333332,earth
data/latest/images/Balmain_burgundy_runway_2025_af3fb4ac21c8549a.jpg,5,#b58763,0.110825,earth
data/latest/images/lookbook_fashion_2026_2762e5dc1e208baa.jpg,1,#90867b,0.25006666666666666,earth
data/latest/images/lookbook_fashion_2026_2762e5dc1e208baa.jpg,2,#150c0a,0.22176666666666667,neutrals
data/latest/images/lookbook_fashion_2026_2762e5dc1e208baa.jpg,3,#c0b6ac,0.18949166666666667,earth
data/latest/images/lookbook_fashion_2026_2762e5dc1e208baa.jpg,4,#3c2c27,0.18503333333333333,primary/jewel
data/latest/images/lookbook_fashion_2026_2762e5dc1e208baa.jpg,5,#644f4c,0.15364166666666668,primary/jewel
data/latest/images/leopard_print_runway_1990s_03f5362136127ae9.jpg,1,#5a312c,0.24919166666666667,primary/jewel
data/latest/images/leopard_print_runway_1990s_03f5362136127ae9.jpg,2,#a89576,0.2035,earth
data/latest/images/leopard_print_runway_1990s_03f5362136127ae9.jpg,3,#885f49,0.200675,earth
data/latest/images/leopard_print_runway_1990s_03f5362136127ae9.jpg,4,#1d1720,0.19888333333333333,neutrals
data/latest/images/leopard_print_runway_1990s_03f5362136127ae9.jpg,5,#c7c3a8,0.14775,earth
data/latest/images/leopard_print_runway_1990s_4111f824bc1f367a.webp,1,#c1a78b,0.23370833333333332,earth
data/latest/images/leopard_print_runway_1990s_4111f824bc1f367a.webp,2,#9f7656,0.229375,earth
data/latest/images/leopard_print_runway_1990s_4111f824bc1f367a.webp,3,#6d482f,0.22643333333333332,earth
data/latest/images/leopard_print_runway_1990s_4111f824bc1f367a.webp,4,#362214,0.20883333333333334,earth
data/latest/images/leopard_print_runway_1990s_4111f824bc1f367a.webp,5,#dddad2,0.10165,neutrals
data/latest/images/Chanel_haute_couture_2020_443b722c6b0af5d0.jpg,1,#fefefe,0.6347416666666666,pastels
data/latest/images/Chanel_haute_couture_2020_443b722c6b0af5d0.jpg,2,#131313,0.2517083333333333,neutrals
data/latest/images/Chanel_haute_couture_2020_443b722c6b0af5d0.jpg,3,#bfbfbf,0.040683333333333335,neutrals
data/latest/images/Chanel_haute_couture_2020_443b722c6b0af5d0.jpg,4,#3e3e3e,0.0396,neutrals
data/latest/images/Chanel_haute_couture_2020_443b722c6b0af5d0.jpg,5,#737373,0.03326666666666667,neutrals
data/latest/images/runway_fashion_2025_0a73a5b354edcd78.jpg,1,#4d4d55,0.33318333333333333,blue/purple
data/latest/images/runway_fashion_2025_0a73a5b354edcd78.jpg,2,#313037,0.2598416666666667,blue/purple
data/latest/images/runway_fashion_2025_0a73a5b354edcd78.jpg,3,#6e6c78,0.14786666666666667,blue/purple
data/latest/images/runway_fashion_2025_0a73a5b354edcd78.jpg,4,#cbcfd6,0.14075833333333335,neutrals
data/latest/images/runway_fashion_2025_0a73a5b354edcd78.jpg,5,#151517,0.11835,neutrals
data/latest/images/Stockholm_Fashion_Week_street_style_2026_cfc6e6efc231cb25.jpg,1,#cfd2cd,0.27473333333333333,neutrals
data/latest/images/Stockholm_Fashion_Week_street_style_2026_cfc6e6efc231cb25.jpg,2,#666725,0.24219166666666667,earth
data/latest/images/Stockholm_Fashion_Week_street_style_2026_cfc6e6efc231cb25.jpg,3,#36381b,0.196075,earth
data/latest/images/Stockholm_Fashion_Week_street_style_2026_cfc6e6efc231cb25.jpg,4,#b69c7d,0.15851666666666667,earth
data/latest/images/Stockholm_Fashion_Week_street_style_2026_cfc6e6efc231cb25.jpg,5,#b0b837,0.12848333333333334,neon
data/latest/images/New_York_Fashion_Week_street_style_2025_03d17508284880a7.png,1,#0d090e,0.3878666666666667,neutrals
data/latest/images/New_York_Fashion_Week_street_style_2025_03d17508284880a7.png,2,#b1c2de,0.32625,blue/purple
data/latest/images/New_York_Fashion_Week_street_style_2025_03d17508284880a7.png,3,#4a3b49,0.13369166666666665,primary/jewel
data/latest/images/New_York_Fashion_Week_street_style_2025_03d17508284880a7.png,4,#7d819a,0.10565833333333334,blue/purple
data/latest/images/New_York_Fashion_Week_street_style_2025_03d17508284880a7.png,5,#ebf2f2,0.046533333333333336,pastels
data/latest/images/Stockholm_Fashion_Week_street_style_2026_e3c85c40ca9c557d.jpg,1,#70695e,0.228525,earth
data/latest/images/Stockholm_Fashion_Week_street_style_2026_e3c85c40ca9c557d.jpg,2,#a59b8c,0.22736666666666666,earth
data/latest/images/Stockholm_Fashion_Week_street_style_2026_e3c85c40ca9c557d.jpg,3,#ded6c6,0.205325,earth
data/latest/images/Stockholm_Fashion_Week_street_style_2026_e3c85c40ca9c557d.jpg,4,#463b36,0.19596666666666668,earth
data/latest/images/Stockholm_Fashion_Week_street_style_2026_e3c85c40ca9c557d.jpg,5,#181619,0.14281666666666668,neutrals
data/latest/images/Gucci_Fall_2013_runway_48e8997c669bc4e7.jpg,1,#07090b,0.7150416666666667,neutrals
data/latest/images/Gucci_Fall_2013_runway_48e8997c669bc4e7.jpg,2,#47434c,0.13120833333333334,jewel
data/latest/images/Gucci_Fall_2013_runway_48e8997c669bc4e7.jpg,3,#29252b,0.09678333333333333,neutrals
data/latest/images/Gucci_Fall_2013_runway_48e8997c669bc4e7.jpg,4,#7d7994,0.045275,blue/purple
data/latest/images/Gucci_Fall_2013_runway_48e8997c669bc4e7.jpg,5,#f1e6e7,0.011691666666666666,pastels
data/latest/images/Tokyo_Fashion_Week_runway_2026_0c654fddfd7f62d7.png,1,#9d9d9d,0.36759166666666665,neutrals
data/latest/images/Tokyo_Fashion_Week_runway_2026_0c654fddfd7f62d7.png,2,#797b7e,0.2112,neutrals
data/latest/images/Tokyo_Fashion_Week_runway_2026_0c654fddfd7f62d7.png,3,#dde3e7,0.15875,pastels
data/latest/images/Tokyo_Fashion_Week_runway_2026_0c654fddfd7f62d7.png,4,#514642,0.14941666666666667,earth
data/latest/images/Tokyo_Fashion_Week_runway_2026_0c654fddfd7f62d7.png,5,#171517,0.11304166666666667,neutrals
data/latest/images/Stockholm_Fashion_Week_street_style_2025_aeabaa1f4cb5a394.jpg,1,#392f29,0.26693333333333336,earth
data/latest/images/Stockholm_Fashion_Week_street_style_2025_aeabaa1f4cb5a394.jpg,2,#0f0f13,0.23506666666666667,neutrals
data/latest/images/Stockholm_Fashion_Week_street_style_2025_aeabaa1f4cb5a394.jpg,3,#66573b,0.20988333333333334,earth
data/latest/images/Stockholm_Fashion_Week_street_style_2025_aeabaa1f4cb5a394.jpg,4,#a1876c,0.15895833333333334,earth
data/latest/images/Stockholm_Fashion_Week_street_style_2025_aeabaa1f4cb5a394.jpg,5,#cbd1cb,0.12915833333333335,neutrals
data/latest/images/Sydney_Fashion_Week_backstage_2025_21554ac39c767034.jpg,1,#12130f,0.5243,neutrals
data/latest/images/Sydney_Fashion_Week_backstage_2025_21554ac39c767034.jpg,2,#38392c,0.1459,earth
data/latest/images/Sydney_Fashion_Week_backstage_2025_21554ac39c767034.jpg,3,#5e604e,0.144575,earth
data/latest/images/Sydney_Fashion_Week_backstage_2025_21554ac39c767034.jpg,4,#8e897a,0.11606666666666667,earth
data/latest/images/Sydney_Fashion_Week_backstage_2025_21554ac39c767034.jpg,5,#c7bdb4,0.06915833333333334,earth
data/latest/images/Tokyo_Fashion_Week_street_style_2025_250f4b9f6fa10b57.jpg,1,#090d0f,0.3230166666666667,neutrals
data/latest/images/Tokyo_Fashion_Week_street_style_2025_250f4b9f6fa10b57.jpg,2,#535657,0.31625,neutrals
data/latest/images/Tokyo_Fashion_Week_street_style_2025_250f4b9f6fa10b57.jpg,3,#303032,0.17806666666666668,neutrals
data/latest/images/Tokyo_Fashion_Week_street_style_2025_250f4b9f6fa10b57.jpg,4,#bec8ca,0.09611666666666667,neutrals
data/latest/images/Tokyo_Fashion_Week_street_style_2025_250f4b9f6fa10b57.jpg,5,#938279,0.08655,earth
data/latest/images/Paris_Fashion_Week_runway_2026_625452905760030e.webp,1,#100a04,0.3786333333333333,neutrals
data/latest/images/Paris_Fashion_Week_runway_2026_625452905760030e.webp,2,#402c1b,0.26365833333333333,earth
data/latest/images/Paris_Fashion_Week_runway_2026_625452905760030e.webp,3,#715139,0.178775,earth
data/latest/images/Paris_Fashion_Week_runway_2026_625452905760030e.webp,4,#b5906d,0.10858333333333334,earth
data/latest/images/Paris_Fashion_Week_runway_2026_625452905760030e.webp,5,#e3c5a5,0.07035,earth
data/latest/images/Milan_Fashion_Week_runway_2025_d8994147e22955c1.webp,1,#dad8db,0.5220166666666667,neutrals
data/latest/images/Milan_Fashion_Week_runway_2025_d8994147e22955c1.webp,2,#292019,0.22930833333333334,neutrals
data/latest/images/Milan_Fashion_Week_runway_2025_d8994147e22955c1.webp,3,#f4f0f5,0.11244166666666666,pastels
data/latest/images/Milan_Fashion_Week_runway_2025_d8994147e22955c1.webp,4,#a89d98,0.08363333333333334,earth
data/latest/images/Milan_Fashion_Week_runway_2025_d8994147e22955c1.webp,5,#766861,0.0526,earth
data/latest/images/Tokyo_Fashion_Week_backstage_2025_e42c4aacbf4a1cae.jpg,1,#0e0f0d,0.48778333333333335,neutrals
data/latest/images/Tokyo_Fashion_Week_backstage_2025_e42c4aacbf4a1cae.jpg,2,#181714,0.23329166666666667,neutrals
data/latest/images/Tokyo_Fashion_Week_backstage_2025_e42c4aacbf4a1cae.jpg,3,#646360,0.11943333333333334,neutrals
data/latest/images/Tokyo_Fashion_Week_backstage_2025_e42c4aacbf4a1cae.jpg,4,#332b21,0.08468333333333333,earth
data/latest/images/Tokyo_Fashion_Week_backstage_2025_e42c4aacbf4a1cae.jpg,5,#50493d,0.07480833333333334,earth
data/latest/images/Gucci_Fall_2013_runway_f194498095d1baa2.jpg,1,#0d1318,0.7634833333333333,neutrals
data/latest/images/Gucci_Fall_2013_runway_f194498095d1baa2.jpg,2,#b23872,0.12336666666666667,primary/jewel
data/latest/images/Gucci_Fall_2013_runway_f194498095d1baa2.jpg,3,#4d354a,0.056133333333333334,primary/jewel
data/latest/images/Gucci_Fall_2013_runway_f194498095d1baa2.jpg,4,#83777e,0.03539166666666667,primary/jewel
data/latest/images/Gucci_Fall_2013_runway_f194498095d1baa2.jpg,5,#f0d8d0,0.021625,pastels
data/latest/images/Sydney_Fashion_Week_backstage_2025_bf8cb0463d572b3c.webp,1,#5e553c,0.264625,earth
data/latest/images/Sydney_Fashion_Week_backstage_2025_bf8cb0463d572b3c.webp,2,#181714,0.2295,neutrals
data/latest/images/Sydney_Fashion_Week_backstage_2025_bf8cb0463d572b3c.webp,3,#3c3324,0.20215833333333333,earth
data/latest/images/Sydney_Fashion_Week_backstage_2025_bf8cb0463d572b3c.webp,4,#f1f2ee,0.18915833333333334,pastels
data/latest/images/Sydney_Fashion_Week_backstage_2025_bf8cb0463d572b3c.webp,5,#998e74,0.11455833333333333,earth
data/latest/images/runway_fashion_2025_c0a6c36c7ad98cd0.jpg,1,#191312,0.37375,neutrals
data/latest/images/runway_fashion_2025_c0a6c36c7ad98cd0.jpg,2,#863b35,0.23318333333333333,primary/jewel
data/latest/images/runway_fashion_2025_c0a6c36c7ad98cd0.jpg,3,#c86757,0.21481666666666666,primary/jewel
data/latest/images/runway_fashion_2025_c0a6c36c7ad98cd0.jpg,4,#86746c,0.15081666666666665,earth
data/latest/images/runway_fashion_2025_c0a6c36c7ad98cd0.jpg,5,#d6bfad,0.027433333333333334,earth
data/latest/images/runway_fashion_2025_e56d960208c89596.png,1,#312f2e,0.28883333333333333,neutrals
data/latest/images/runway_fashion_2025_e56d960208c89596.png,2,#131415,0.23315833333333333,neutrals
data/latest/images/runway_fashion_2025_e56d960208c89596.png,3,#d3d3d5,0.2173,neutrals
data/latest/images/runway_fashion_2025_e56d960208c89596.png,4,#6f5b4f,0.143675,earth
data/latest/images/runway_fashion_2025_e56d960208c89596.png,5,#ac9077,0.11703333333333334,earth
data/latest/images/London_Fashion_Week_street_style_2025_eb6ea280ef3a647b.jpg,1,#0d1214,0.3224916666666667,neutrals
data/latest/images/London_Fashion_Week_street_style_2025_eb6ea280ef3a647b.jpg,2,#313236,0.224175,blue/purple
data/latest/images/London_Fashion_Week_street_style_2025_eb6ea280ef3a647b.jpg,3,#605754,0.18766666666666668,earth
data/latest/images/London_Fashion_Week_street_style_2025_eb6ea280ef3a647b.jpg,4,#8b827b,0.16875,earth
data/latest/images/London_Fashion_Week_street_style_2025_eb6ea280ef3a647b.jpg,5,#c1b4a6,0.09691666666666666,earth
data/latest/images/London_Fashion_Week_street_style_2025_55605df56e24e451.jpg,1,#c9c4c5,0.3814416666666667,neutrals
data/latest/images/London_Fashion_Week_street_style_2025_55605df56e24e451.jpg,2,#131913,0.2536083333333333,neutrals
data/latest/images/London_Fashion_Week_street_style_2025_55605df56e24e451.jpg,3,#393929,0.144125,earth
data/latest/images/London_Fashion_Week_street_style_2025_55605df56e24e451.jpg,4,#686554,0.11061666666666667,earth
data/latest/images/London_Fashion_Week_street_style_2025_55605df56e24e451.jpg,5,#999587,0.11020833333333334,earth
data/latest/images/editorial_fashion_2025_f6befc97682b71ef.jpg,1,#e8ebed,0.684575,pastels
data/latest/images/editorial_fashion_2025_f6befc97682b71ef.jpg,2,#d3d3d3,0.155775,neutrals
data/latest/images/editorial_fashion_2025_f6befc97682b71ef.jpg,3,#1d1e1f,0.098675,neutrals
data/latest/images/editorial_fashion_2025_f6befc97682b71ef.jpg,4,#9e9291,0.034591666666666666,primary/jewel
data/latest/images/editorial_fashion_2025_f6befc97682b71ef.jpg,5,#6f605e,0.026383333333333335,primary/jewel
data/latest/images/vogue_runway_emerald_dress_65689b03b8e8737f.jpg,1,#091412,0.42301666666666665,neutrals
data/latest/images/vogue_runway_emerald_dress_65689b03b8e8737f.jpg,2,#0d332a,0.3077166666666667,blue/purple
data/latest/images/vogue_runway_emerald_dress_65689b03b8e8737f.jpg,3,#286350,0.16694166666666665,green/blue
data/latest/images/vogue_runway_emerald_dress_65689b03b8e8737f.jpg,4,#461e22,0.06636666666666667,primary/jewel
data/latest/images/vogue_runway_emerald_dress_65689b03b8e8737f.jpg,5,#d2b4a0,0.035958333333333335,earth
data/latest/images/Chanel_haute_couture_2020_83c99315545cd393.jpg,1,#c5c6ca,0.41815833333333335,neutrals
data/latest/images/Chanel_haute_couture_2020_83c99315545cd393.jpg,2,#a69c93,0.29285,earth
data/latest/images/Chanel_haute_couture_2020_83c99315545cd393.jpg,3,#77736e,0.11761666666666666,neutrals
data/latest/images/Chanel_haute_couture_2020_83c99315545cd393.jpg,4,#2e2c2e,0.10645833333333334,neutrals
data/latest/images/Chanel_haute_couture_2020_83c99315545cd393.jpg,5,#e8ebf0,0.06491666666666666,pastels
data/latest/images/Paris_Fashion_Week_runway_2026_1f089988c0062e5a.webp,1,#120f13,0.3277,neutrals
data/latest/images/Paris_Fashion_Week_runway_2026_1f089988c0062e5a.webp,2,#3e3330,0.2496,primary/jewel
data/latest/images/Paris_Fashion_Week_runway_2026_1f089988c0062e5a.webp,3,#64624d,0.21716666666666667,earth
data/latest/images/Paris_Fashion_Week_runway_2026_1f089988c0062e5a.webp,4,#ba967c,0.11780833333333333,earth
data/latest/images/Paris_Fashion_Week_runway_2026_1f089988c0062e5a.webp,5,#c04928,0.087725,neon
data/latest/images/editorial_fashion_2025_6ccd2f0f4adb5f5f.jpg,1,#0f1016,0.25990833333333335,neutrals
data/latest/images/editorial_fashion_2025_6ccd2f0f4adb5f5f.jpg,2,#c19983,0.20421666666666666,earth
data/latest/images/editorial_fashion_2025_6ccd2f0f4adb5f5f.jpg,3,#896252,0.18954166666666666,earth
data/latest/images/editorial_fashion_2025_6ccd2f0f4adb5f5f.jpg,4,#423a41,0.1851,primary/jewel
data/latest/images/editorial_fashion_2025_6ccd2f0f4adb5f5f.jpg,5,#d0d1d3,0.16123333333333334,neutrals
data/latest/images/Stockholm_Fashion_Week_street_style_2025_1f66d543cdad9ce4.webp,1,#beb6ac,0.26153333333333334,earth
data/latest/images/Stockholm_Fashion_Week_street_style_2025_1f66d543cdad9ce4.webp,2,#141f1b,0.22710833333333333,neutrals
data/latest/images/Stockholm_Fashion_Week_street_style_2025_1f66d543cdad9ce4.webp,3,#e6e6e6,0.212,pastels
data/latest/images/Stockholm_Fashion_Week_street_style_2025_1f66d543cdad9ce4.webp,4,#928c84,0.210475,earth
data/latest/images/Stockholm_Fashion_Week_street_style_2025_1f66d543cdad9ce4.webp,5,#62564b,0.08888333333333333,earth
data/latest/images/runway_fashion_2025_4e8897d5f89e7cf5.jpg,1,#d4cdc8,0.34478333333333333,neutrals
data/latest/images/runway_fashion_2025_4e8897d5f89e7cf5.jpg,2,#ad908b,0.241575,primary/jewel
data/latest/images/runway_fashion_2025_4e8897d5f89e7cf5.jpg,3,#815955,0.18518333333333334,primary/jewel
data/latest/images/runway_fashion_2025_4e8897d5f89e7cf5.jpg,4,#29252d,0.11559166666666666,neutrals
data/latest/images/runway_fashion_2025_4e8897d5f89e7cf5.jpg,5,#deb560,0.11286666666666667,earth
data/latest/images/Los_Angeles_Fashion_Week_backstage_2026_b4e9d872952286ca.jpg,1,#120c12,0.5368,neutrals
data/latest/images/Los_Angeles_Fashion_Week_backstage_2026_b4e9d872952286ca.jpg,2,#222125,0.22645833333333334,neutrals
data/latest/images/Los_Angeles_Fashion_Week_backstage_2026_b4e9d872952286ca.jpg,3,#3c3a3e,0.16969166666666666,neutrals
data/latest/images/Los_Angeles_Fashion_Week_backstage_2026_b4e9d872952286ca.jpg,4,#5f5f64,0.05126666666666667,neutrals
data/latest/images/Los_Angeles_Fashion_Week_backstage_2026_b4e9d872952286ca.jpg,5,#a7a7ad,0.015783333333333333,neutrals
data/latest/images/lookbook_fashion_2026_f2247eeb1cb0a393.jpg,1,#69564b,0.2778583333333333,earth
data/latest/images/lookbook_fashion_2026_f2247eeb1cb0a393.jpg,2,#cdbdb9,0.20705833333333334,primary/jewel
data/latest/images/lookbook_fashion_2026_f2247eeb1cb0a393.jpg,3,#f5f6f8,0.20551666666666665,pastels
data/latest/images/lookbook_fashion_2026_f2247eeb1cb0a393.jpg,4,#927c73,0.2008,earth
data/latest/images/lookbook_fashion_2026_f2247eeb1cb0a393.jpg,5,#281d18,0.10876666666666666,neutrals
data/latest/images/Milan_Fashion_Week_runway_2026_5cf8c41488b2f574.jpg,1,#e9e0eb,0.34929166666666667,pastels
data/latest/images/Milan_Fashion_Week_runway_2026_5cf8c41488b2f574.jpg,2,#cba8c1,0.32253333333333334,primary/jewel
data/latest/images/Milan_Fashion_Week_runway_2026_5cf8c41488b2f574.jpg,3,#121215,0.12305,neutrals
data/latest/images/Milan_Fashion_Week_runway_2026_5cf8c41488b2f574.jpg,4,#a47690,0.122275,primary/jewel
data/latest/images/Milan_Fashion_Week_runway_2026_5cf8c41488b2f574.jpg,5,#53454e,0.08285,primary/jewel
data/latest/images/Seoul_Fashion_Week_backstage_2026_648808f74d7297a2.webp,1,#ab968a,0.24193333333333333,earth
data/latest/images/Seoul_Fashion_Week_backstage_2026_648808f74d7297a2.webp,2,#decfc0,0.22583333333333333,earth
data/latest/images/Seoul_Fashion_Week_backstage_2026_648808f74d7297a2.webp,3,#725d53,0.22025833333333333,earth
data/latest/images/Seoul_Fashion_Week_backstage_2026_648808f74d7297a2.webp,4,#8b080d,0.15744166666666667,primary/jewel
data/latest/images/Seoul_Fashion_Week_backstage_2026_648808f74d7297a2.webp,5,#351b15,0.15453333333333333,primary/jewel
data/latest/images/London_Fashion_Week_street_style_2025_bb9c5343254c7184.jpg,1,#ece7dc,0.28660833333333335,pastels
data/latest/images/London_Fashion_Week_street_style_2025_bb9c5343254c7184.jpg,2,#9e8d64,0.28355833333333336,earth
data/latest/images/London_Fashion_Week_street_style_2025_bb9c5343254c7184.jpg,3,#111325,0.19744166666666665,neutrals
data/latest/images/London_Fashion_Week_street_style_2025_bb9c5343254c7184.jpg,4,#61555f,0.15056666666666665,primary/jewel
data/latest/images/London_Fashion_Week_street_style_2025_bb9c5343254c7184.jpg,5,#6d1f13,0.081825,primary/jewel
data/latest/images/London_Fashion_Week_runway_2025_9e90656126b92c79.jpg,1,#1a1a1d,0.5447,neutrals
data/latest/images/London_Fashion_Week_runway_2025_9e90656126b92c79.jpg,2,#9d9da7,0.1429,neutrals
data/latest/images/London_Fashion_Week_runway_2025_9e90656126b92c79.jpg,3,#6f6c6e,0.14193333333333333,neutrals
data/latest/images/London_Fashion_Week_runway_2025_9e90656126b92c79.jpg,4,#474443,0.12466666666666666,neutrals
data/latest/images/London_Fashion_Week_runway_2025_9e90656126b92c79.jpg,5,#d7d1d0,0.0458,neutrals
data/latest/images/Chanel_haute_couture_2020_c46c159def532563.jpg,1,#ece6e2,0.2251,pastels
data/latest/images/Chanel_haute_couture_2020_c46c159def532563.jpg,2,#c0b9ab,0.21498333333333333,earth
data/latest/images/Chanel_haute_couture_2020_c46c159def532563.jpg,3,#5c5f44,0.19735833333333333,earth
data/latest/images/Chanel_haute_couture_2020_c46c159def532563.jpg,4,#8e8a71,0.19456666666666667,earth
data/latest/images/Chanel_haute_couture_2020_c46c159def532563.jpg,5,#323729,0.16799166666666668,green/blue
data/latest/images/London_Fashion_Week_runway_2025_dea2a7f756df5e26.png,1,#7a6a67,0.25280833333333336,primary/jewel
data/latest/images/London_Fashion_Week_runway_2025_dea2a7f756df5e26.png,2,#c7303c,0.247175,neon
data/latest/images/London_Fashion_Week_runway_2025_dea2a7f756df5e26.png,3,#d58a88,0.23101666666666668,primary/jewel
data/latest/images/London_Fashion_Week_runway_2025_dea2a7f756df5e26.png,4,#e3d5d0,0.16450833333333334,earth
data/latest/images/London_Fashion_Week_runway_2025_dea2a7f756df5e26.png,5,#60261d,0.10449166666666666,primary/jewel
data/latest/images/Seoul_Fashion_Week_runway_2026_d68d8243317ec641.jpg,1,#060b0c,0.681375,neutrals
data/latest/images/Seoul_Fashion_Week_runway_2026_d68d8243317ec641.jpg,2,#2a2b31,0.09916666666666667,blue/purple
data/latest/images/Seoul_Fashion_Week_runway_2026_d68d8243317ec641.jpg,3,#5b5565,0.07560833333333333,jewel
data/latest/images/Seoul_Fashion_Week_runway_2026_d68d8243317ec641.jpg,4,#918896,0.07501666666666666,jewel
data/latest/images/Seoul_Fashion_Week_runway_2026_d68d8243317ec641.jpg,5,#d0c7d1,0.06883333333333333,neutrals
data/latest/images/fashion_campaign_2026_4a67702a53361641.jpg,1,#aaa69f,0.2989833333333333,neutrals
data/latest/images/fashion_campaign_2026_4a67702a53361641.jpg,2,#f4f8f9,0.29336666666666666,pastels
data/latest/images/fashion_campaign_2026_4a67702a53361641.jpg,3,#896f59,0.17214166666666667,earth
data/latest/images/fashion_campaign_2026_4a67702a53361641.jpg,4,#0d1012,0.14841666666666667,neutrals
data/latest/images/fashion_campaign_2026_4a67702a53361641.jpg,5,#3f3c39,0.08709166666666666,earth
data/latest/images/runway_fashion_2025_adcc6cc061355dc3.jpg,1,#541a1b,0.3321,primary/jewel
data/latest/images/runway_fashion_2025_adcc6cc061355dc3.jpg,2,#b52a34,0.29844166666666666,neon
data/latest/images/runway_fashion_2025_adcc6cc061355dc3.jpg,3,#83403f,0.16955,primary/jewel
data/latest/images/runway_fashion_2025_adcc6cc061355dc3.jpg,4,#b48469,0.11521666666666666,earth
data/latest/images/runway_fashion_2025_adcc6cc061355dc3.jpg,5,#e1c2a6,0.08469166666666667,earth
data/latest/images/editorial_fashion_2025_8bda977cdabb83d3.webp,1,#161b1d,0.238575,neutrals
data/latest/images/editorial_fashion_2025_8bda977cdabb83d3.webp,2,#baafa4,0.22625833333333334,earth
data/latest/images/editorial_fashion_2025_8bda977cdabb83d3.webp,3,#8a6b5c,0.22420833333333334,earth
data/latest/images/editorial_fashion_2025_8bda977cdabb83d3.webp,4,#584035,0.17138333333333333,earth
data/latest/images/editorial_fashion_2025_8bda977cdabb83d3.webp,5,#ede8e3,0.139575,pastels
data/latest/images/lookbook_fashion_2025_ef7ba6fb0d3f37a3.png,1,#413f3a,0.40926997245179064,earth
data/latest/images/lookbook_fashion_2025_ef7ba6fb0d3f37a3.png,2,#191717,0.2641873278236915,neutrals
data/latest/images/lookbook_fashion_2025_ef7ba6fb0d3f37a3.png,3,#cf5e5e,0.1690909090909091,primary/jewel
data/latest/images/lookbook_fashion_2025_ef7ba6fb0d3f37a3.png,4,#b3a192,0.08121212121212121,earth
data/latest/images/lookbook_fashion_2025_ef7ba6fb0d3f37a3.png,5,#82685c,0.0762396694214876,earth
data/latest/images/Sydney_Fashion_Week_backstage_2025_3e5b54436fff9bfa.jpg,1,#f3e6e3,0.2573166666666667,pastels
data/latest/images/Sydney_Fashion_Week_backstage_2025_3e5b54436fff9bfa.jpg,2,#a8837c,0.22328333333333333,primary/jewel
data/latest/images/Sydney_Fashion_Week_backstage_2025_3e5b54436fff9bfa.jpg,3,#d5b0a8,0.22303333333333333,primary/jewel
data/latest/images/Sydney_Fashion_Week_backstage_2025_3e5b54436fff9bfa.jpg,4,#0d0a0a,0.166625,neutrals
data/latest/images/Sydney_Fashion_Week_backstage_2025_3e5b54436fff9bfa.jpg,5,#684538,0.12974166666666667,earth
data/latest/images/London_Fashion_Week_street_style_2025_c8bc2363f15a8e68.jpg,1,#d1c8c2,0.240025,neutrals
data/latest/images/London_Fashion_Week_street_style_2025_c8bc2363f15a8e68.jpg,2,#877467,0.23698333333333332,earth
data/latest/images/London_Fashion_Week_street_style_2025_c8bc2363f15a8e68.jpg,3,#b09c8e,0.22411666666666666,earth
data/latest/images/London_Fashion_Week_street_style_2025_c8bc2363f15a8e68.jpg,4,#594b40,0.19051666666666667,earth
data/latest/images/London_Fashion_Week_street_style_2025_c8bc2363f15a8e68.jpg,5,#1d1c19,0.10835833333333333,neutrals
data/latest/images/Seoul_Fashion_Week_backstage_2026_20018bafc4d8c840.jpg,1,#090a0c,0.6127833333333333,neutrals
data/latest/images/Seoul_Fashion_Week_backstage_2026_20018bafc4d8c840.jpg,2,#382b2c,0.112425,primary/jewel
data/latest/images/Seoul_Fashion_Week_backstage_2026_20018bafc4d8c840.jpg,3,#786567,0.102325,primary/jewel
data/latest/images/Seoul_Fashion_Week_backstage_2026_20018bafc4d8c840.jpg,4,#a8a0a6,0.09406666666666667,neutrals
data/latest/images/Seoul_Fashion_Week_backstage_2026_20018bafc4d8c840.jpg,5,#f7f7f7,0.0784,pastels
data/latest/images/Paris_Fashion_Week_runway_2026_bb300e83d2cca755.jpg,1,#321220,0.2699416666666667,primary/jewel
data/latest/images/Paris_Fashion_Week_runway_2026_bb300e83d2cca755.jpg,2,#dfbed7,0.22570833333333334,primary/jewel
data/latest/images/Paris_Fashion_Week_runway_2026_bb300e83d2cca755.jpg,3,#620810,0.20405833333333334,primary/jewel
data/latest/images/Paris_Fashion_Week_runway_2026_bb300e83d2cca755.jpg,4,#66415a,0.1503,primary/jewel
data/latest/images/Paris_Fashion_Week_runway_2026_bb300e83d2cca755.jpg,5,#a087a0,0.14999166666666666,primary/jewel
data/latest/images/Milan_Fashion_Week_runway_2026_6a0ad9f0d85ce948.jpg,1,#362c28,0.3378833333333333,earth
data/latest/images/Milan_Fashion_Week_runway_2026_6a0ad9f0d85ce948.jpg,2,#191617,0.30290833333333333,neutrals
data/latest/images/Milan_Fashion_Week_runway_2026_6a0ad9f0d85ce948.jpg,3,#514640,0.22485,earth
data/latest/images/Milan_Fashion_Week_runway_2026_6a0ad9f0d85ce948.jpg,4,#a8593c,0.08366666666666667,earth
data/latest/images/Milan_Fashion_Week_runway_2026_6a0ad9f0d85ce948.jpg,5,#c7a78e,0.05069166666666667,earth
data/latest/images/Paris_Fashion_Week_runway_2026_c6a4fef500e053f0.webp,1,#d0c7bf,0.5747916666666667,earth
data/latest/images/Paris_Fashion_Week_runway_2026_c6a4fef500e053f0.webp,2,#e8dfe6,0.22706666666666667,pastels
data/latest/images/Paris_Fashion_Week_runway_2026_c6a4fef500e053f0.webp,3,#c4aa94,0.10386666666666666,earth
data/latest/images/Paris_Fashion_Week_runway_2026_c6a4fef500e053f0.webp,4,#a98571,0.06046666666666667,earth
data/latest/images/Paris_Fashion_Week_runway_2026_c6a4fef500e053f0.webp,5,#855844,0.033808333333333336,earth
data/latest/images/Chanel_haute_couture_2020_57501ddc7b0f0464.jpg,1,#f5f5f5,0.5580333333333334,pastels
data/latest/images/Chanel_haute_couture_2020_57501ddc7b0f0464.jpg,2,#0d0d0d,0.29961666666666664,neutrals
data/latest/images/Chanel_haute_couture_2020_57501ddc7b0f0464.jpg,3,#afafaf,0.05175,neutrals
data/latest/images/Chanel_haute_couture_2020_57501ddc7b0f0464.jpg,4,#343434,0.04591666666666667,neutrals
data/latest/images/Chanel_haute_couture_2020_57501ddc7b0f0464.jpg,5,#737272,0.04468333333333333,neutrals
data/latest/images/London_Fashion_Week_runway_2025_6c0dedfaa2dcf0c9.jpg,1,#3d3643,0.3394083333333333,jewel
data/latest/images/London_Fashion_Week_runway_2025_6c0dedfaa2dcf0c9.jpg,2,#111723,0.206925,neutrals
data/latest/images/London_Fashion_Week_runway_2025_6c0dedfaa2dcf0c9.jpg,3,#d2d6dd,0.16221666666666668,neutrals
data/latest/images/London_Fashion_Week_runway_2025_6c0dedfaa2dcf0c9.jpg,4,#a29591,0.14635,primary/jewel
data/latest/images/London_Fashion_Week_runway_2025_6c0dedfaa2dcf0c9.jpg,5,#6a5e64,0.1451,primary/jewel
data/latest/images/Milan_Fashion_Week_runway_2025_1af3348af27d47cf.jpg,1,#bf5e52,0.2982166666666667,primary/jewel
data/latest/images/Milan_Fashion_Week_runway_2025_1af3348af27d47cf.jpg,2,#783028,0.21575,primary/jewel
data/latest/images/Milan_Fashion_Week_runway_2025_1af3348af27d47cf.jpg,3,#df8a7a,0.18235,primary/jewel
data/latest/images/Milan_Fashion_Week_runway_2025_1af3348af27d47cf.jpg,4,#3a1512,0.15498333333333333,primary/jewel
data/latest/images/Milan_Fashion_Week_runway_2025_1af3348af27d47cf.jpg,5,#f5bea3,0.1487,earth
data/latest/images/runway_fashion_2025_02e397debe3fd332.jpg,1,#0c0d0f,0.4567583333333333,neutrals
data/latest/images/runway_fashion_2025_02e397debe3fd332.jpg,2,#252523,0.20231666666666667,neutrals
data/latest/images/runway_fashion_2025_02e397debe3fd332.jpg,3,#eaeae4,0.14860833333333334,pastels
data/latest/images/runway_fashion_2025_02e397debe3fd332.jpg,4,#54534d,0.11325833333333334,earth
data/latest/images/runway_fashion_2025_02e397debe3fd332.jpg,5,#a19792,0.07905833333333333,earth
data/latest/images/leopard_print_runway_1990s_94bd0e1be96d7140.jpg,1,#1e191a,0.41429166666666667,neutrals
data/latest/images/leopard_print_runway_1990s_94bd0e1be96d7140.jpg,2,#4d464b,0.258325,primary/jewel
data/latest/images/leopard_print_runway_1990s_94bd0e1be96d7140.jpg,3,#9c847e,0.13941666666666666,primary/jewel
data/latest/images/leopard_print_runway_1990s_94bd0e1be96d7140.jpg,4,#ead545,0.096025,neon
data/latest/images/leopard_print_runway_1990s_94bd0e1be96d7140.jpg,5,#ddd0cb,0.09194166666666667,earth
data/latest/images/London_Fashion_Week_street_style_2025_1ce6e980e3fad569.jpg,1,#21222b,0.2849,neutrals
data/latest/images/London_Fashion_Week_street_style_2025_1ce6e980e3fad569.jpg,2,#898d93,0.21071666666666666,neutrals
data/latest/images/London_Fashion_Week_street_style_2025_1ce6e980e3fad569.jpg,3,#e4e4e4,0.18704166666666666,neutrals
data/latest/images/London_Fashion_Week_street_style_2025_1ce6e980e3fad569.jpg,4,#4f5768,0.17481666666666668,blue/purple
data/latest/images/London_Fashion_Week_street_style_2025_1ce6e980e3fad569.jpg,5,#35a3ef,0.142525,neon
data/latest/images/London_Fashion_Week_runway_2025_f418920a7b64ba95.jpg,1,#37322d,0.319975,earth
data/latest/images/London_Fashion_Week_runway_2025_f418920a7b64ba95.jpg,2,#141414,0.2674666666666667,neutrals
data/latest/images/London_Fashion_Week_runway_2025_f418920a7b64ba95.jpg,3,#5a544b,0.22275,earth
data/latest/images/London_Fashion_Week_runway_2025_f418920a7b64ba95.jpg,4,#80847b,0.10839166666666666,neutrals
data/latest/images/London_Fashion_Week_runway_2025_f418920a7b64ba95.jpg,5,#b5bdb5,0.08141666666666666,neutrals
data/latest/images/leopard_print_runway_1990s_836a435f739b1f79.jpg,1,#0a100f,0.44529166666666664,neutrals
data/latest/images/leopard_print_runway_1990s_836a435f739b1f79.jpg,2,#242523,0.18460833333333335,neutrals
data/latest/images/leopard_print_runway_1990s_836a435f739b1f79.jpg,3,#696258,0.17193333333333333,earth
data/latest/images/leopard_print_runway_1990s_836a435f739b1f79.jpg,4,#4a453e,0.13074166666666667,earth
data/latest/images/leopard_print_runway_1990s_836a435f739b1f79.jpg,5,#b89988,0.067425,earth
data/latest/images/New_York_Fashion_Week_runway_2025_c8fde7b6d47d83ad.jpg,1,#0d0f0c,0.2924,neutrals
data/latest/images/New_York_Fashion_Week_runway_2025_c8fde7b6d47d83ad.jpg,2,#c99b7a,0.24029166666666665,earth
data/latest/images/New_York_Fashion_Week_runway_2025_c8fde7b6d47d83ad.jpg,3,#decdc1,0.18940833333333335,earth
data/latest/images/New_York_Fashion_Week_runway_2025_c8fde7b6d47d83ad.jpg,4,#312f2b,0.18110833333333334,earth
data/latest/images/New_York_Fashion_Week_runway_2025_c8fde7b6d47d83ad.jpg,5,#8f6a4d,0.09679166666666666,earth
data/latest/images/Chanel_haute_couture_2020_2fa197f5711c4b3f.jpg,1,#555128,0.2728583333333333,earth
data/latest/images/Chanel_haute_couture_2020_2fa197f5711c4b3f.jpg,2,#7b7346,0.235225,earth
data/latest/images/Chanel_haute_couture_2020_2fa197f5711c4b3f.jpg,3,#d6cacb,0.20805,neutrals
data/latest/images/Chanel_haute_couture_2020_2fa197f5711c4b3f.jpg,4,#aea39e,0.169,earth
data/latest/images/Chanel_haute_couture_2020_2fa197f5711c4b3f.jpg,5,#2d2815,0.11486666666666667,neutrals
data/latest/images/New_York_Fashion_Week_street_style_2025_f692fe058494da0d.jpg,1,#131519,0.453175,neutrals
data/latest/images/New_York_Fashion_Week_street_style_2025_f692fe058494da0d.jpg,2,#ae9885,0.172375,earth
data/latest/images/New_York_Fashion_Week_street_style_2025_f692fe058494da0d.jpg,3,#d5cabf,0.16941666666666666,earth
data/latest/images/New_York_Fashion_Week_street_style_2025_f692fe058494da0d.jpg,4,#66574a,0.10655,earth
data/latest/images/New_York_Fashion_Week_street_style_2025_f692fe058494da0d.jpg,5,#f8f8f8,0.09848333333333334,pastels
data/latest/images/leopard_print_runway_1990s_40927e2c67b0cc89.jpg,1,#2f150f,0.24233333333333335,primary/jewel
data/latest/images/leopard_print_runway_1990s_40927e2c67b0cc89.jpg,2,#c59b42,0.21653333333333333,earth
data/latest/images/leopard_print_runway_1990s_40927e2c67b0cc89.jpg,3,#612d18,0.216225,earth
data/latest/images/leopard_print_runway_1990s_40927e2c67b0cc89.jpg,4,#976233,0.17538333333333334,earth
data/latest/images/leopard_print_runway_1990s_40927e2c67b0cc89.jpg,5,#ac9da7,0.149525,primary/jewel
data/latest/images/Stockholm_Fashion_Week_street_style_2025_3e0815fcf0df9d89.jpg,1,#030303,0.3667166666666667,neutrals
data/latest/images/Stockholm_Fashion_Week_street_style_2025_3e0815fcf0df9d89.jpg,2,#e8dec8,0.21691666666666667,pastels
data/latest/images/Stockholm_Fashion_Week_street_style_2025_3e0815fcf0df9d89.jpg,3,#c2ac8b,0.15835833333333332,earth
data/latest/images/Stockholm_Fashion_Week_street_style_2025_3e0815fcf0df9d89.jpg,4,#3b3029,0.14645,earth
data/latest/images/Stockholm_Fashion_Week_street_style_2025_3e0815fcf0df9d89.jpg,5,#91775a,0.11155833333333333,earth
data/latest/images/Copenhagen_Fashion_Week_street_style_2026_bdf3eef9bf8a83ad.jpg,1,#c7c5c2,0.26948333333333335,neutrals
data/latest/images/Copenhagen_Fashion_Week_street_style_2026_bdf3eef9bf8a83ad.jpg,2,#2c2e33,0.23678333333333335,blue/purple
data/latest/images/Copenhagen_Fashion_Week_street_style_2026_bdf3eef9bf8a83ad.jpg,3,#868078,0.19906666666666667,earth
data/latest/images/Copenhagen_Fashion_Week_street_style_2026_bdf3eef9bf8a83ad.jpg,4,#101013,0.15198333333333333,neutrals
data/latest/images/Copenhagen_Fashion_Week_street_style_2026_bdf3eef9bf8a83ad.jpg,5,#565354,0.14268333333333333,neutrals
data/latest/images/lookbook_fashion_2026_82869d0d8d45dcdf.jpg,1,#170e0c,0.46005833333333335,neutrals
data/latest/images/lookbook_fashion_2026_82869d0d8d45dcdf.jpg,2,#3d2822,0.392025,primary/jewel
data/latest/images/lookbook_fashion_2026_82869d0d8d45dcdf.jpg,3,#7b3a1e,0.07388333333333333,earth
data/latest/images/lookbook_fashion_2026_82869d0d8d45dcdf.jpg,4,#ba5923,0.05749166666666667,neon
data/latest/images/lookbook_fashion_2026_82869d0d8d45dcdf.jpg,5,#cca182,0.016541666666666666,earth
data/latest/images/Tokyo_Fashion_Week_street_style_2025_b7b9ea8d81c8054a.webp,1,#081218,0.27361795292829777,neutrals
data/latest/images/Tokyo_Fashion_Week_street_style_2025_b7b9ea8d81c8054a.webp,2,#1f2e33,0.2662151067323481,blue/purple
data/latest/images/Tokyo_Fashion_Week_street_style_2025_b7b9ea8d81c8054a.webp,3,#4d5452,0.1789272030651341,green/blue
data/latest/images/Tokyo_Fashion_Week_street_style_2025_b7b9ea8d81c8054a.webp,4,#86827a,0.15112205801860976,earth
data/latest/images/Tokyo_Fashion_Week_street_style_2025_b7b9ea8d81c8054a.webp,5,#b9afa6,0.1301176792556103,earth
data/latest/images/runway_fashion_2025_4a5d6743faa22ec5.jpg,1,#c9baac,0.33458333333333334,earth
data/latest/images/runway_fashion_2025_4a5d6743faa22ec5.jpg,2,#aa907c,0.23166666666666666,earth
data/latest/images/runway_fashion_2025_4a5d6743faa22ec5.jpg,3,#643922,0.18936666666666666,earth
data/latest/images/runway_fashion_2025_4a5d6743faa22ec5.jpg,4,#8d583c,0.166925,earth
data/latest/images/runway_fashion_2025_4a5d6743faa22ec5.jpg,5,#1a120c,0.07745833333333334,neutrals
data/latest/images/Sydney_Fashion_Week_runway_2025_5ab4c1e0d3e79033.webp,1,#a197a9,0.27863333333333334,jewel
data/latest/images/Sydney_Fashion_Week_runway_2025_5ab4c1e0d3e79033.webp,2,#766e82,0.24020833333333333,jewel
data/latest/images/Sydney_Fashion_Week_runway_2025_5ab4c1e0d3e79033.webp,3,#151721,0.17198333333333332,neutrals
data/latest/images/Sydney_Fashion_Week_runway_2025_5ab4c1e0d3e79033.webp,4,#cdc8da,0.1629,jewel
data/latest/images/Sydney_Fashion_Week_runway_2025_5ab4c1e0d3e79033.webp,5,#494454,0.146275,jewel
data/latest/images/Sydney_Fashion_Week_runway_2025_dd6aa8a9e64bc55c.webp,1,#beb5a9,0.2837,earth
data/latest/images/Sydney_Fashion_Week_runway_2025_dd6aa8a9e64bc55c.webp,2,#5e4e35,0.23935833333333334,earth
data/latest/images/Sydney_Fashion_Week_runway_2025_dd6aa8a9e64bc55c.webp,3,#938168,0.22505,earth
data/latest/images/Sydney_Fashion_Week_runway_2025_dd6aa8a9e64bc55c.webp,4,#2e2515,0.129875,earth
data/latest/images/Sydney_Fashion_Week_runway_2025_dd6aa8a9e64bc55c.webp,5,#75879f,0.12201666666666666,blue/purple
data/latest/images/lookbook_fashion_2026_e3da96fd295df647.jpg,1,#abacb4,0.4058583333333333,neutrals
data/latest/images/lookbook_fashion_2026_e3da96fd295df647.jpg,2,#d0d1d3,0.19948333333333335,neutrals
data/latest/images/lookbook_fashion_2026_e3da96fd295df647.jpg,3,#2e313a,0.17901666666666666,blue/purple
data/latest/images/lookbook_fashion_2026_e3da96fd295df647.jpg,4,#64648e,0.134775,blue/purple
data/latest/images/lookbook_fashion_2026_e3da96fd295df647.jpg,5,#628663,0.08086666666666667,green/blue
data/latest/images/Seoul_Fashion_Week_runway_2026_b72ae7b8acbf3062.jpg,1,#05070c,0.5512,neutrals
data/latest/images/Seoul_Fashion_Week_runway_2026_b72ae7b8acbf3062.jpg,2,#becac9,0.19423333333333334,neutrals
data/latest/images/Seoul_Fashion_Week_runway_2026_b72ae7b8acbf3062.jpg,3,#32323a,0.139175,blue/purple
data/latest/images/Seoul_Fashion_Week_runway_2026_b72ae7b8acbf3062.jpg,4,#7a797d,0.05979166666666667,neutrals
data/latest/images/Seoul_Fashion_Week_runway_2026_b72ae7b8acbf3062.jpg,5,#598d2f,0.0556,green/blue
data/latest/images/Gucci_Fall_2013_runway_82ba71617893a90f.jpg,1,#020305,0.48609166666666664,neutrals
data/latest/images/Gucci_Fall_2013_runway_82ba71617893a90f.jpg,2,#6d747f,0.15639166666666668,blue/purple
data/latest/images/Gucci_Fall_2013_runway_82ba71617893a90f.jpg,3,#464e58,0.13650833333333334,blue/purple
data/latest/images/Gucci_Fall_2013_runway_82ba71617893a90f.jpg,4,#969ca8,0.120425,blue/purple
data/latest/images/Gucci_Fall_2013_runway_82ba71617893a90f.jpg,5,#262b31,0.10058333333333333,blue/purple
data/latest/images/Copenhagen_Fashion_Week_street_style_2026_519fe80e1414c4d3.png,1,#433939,0.25695833333333334,primary/jewel
data/latest/images/Copenhagen_Fashion_Week_street_style_2026_519fe80e1414c4d3.png,2,#695a54,0.20199166666666668,earth
data/latest/images/Copenhagen_Fashion_Week_street_style_2026_519fe80e1414c4d3.png,3,#937b68,0.19990833333333333,earth
data/latest/images/Copenhagen_Fashion_Week_street_style_2026_519fe80e1414c4d3.png,4,#1b191b,0.18335,neutrals
data/latest/images/Copenhagen_Fashion_Week_street_style_2026_519fe80e1414c4d3.png,5,#b4b5b7,0.15779166666666666,neutrals
data/latest/images/Chanel_haute_couture_2020_16f298722c583277.jpg,1,#1d2520,0.28635,neutrals
data/latest/images/Chanel_haute_couture_2020_16f298722c583277.jpg,2,#ddd6c8,0.2214,earth
data/latest/images/Chanel_haute_couture_2020_16f298722c583277.jpg,3,#3f4530,0.21031666666666668,green/blue
data/latest/images/Chanel_haute_couture_2020_16f298722c583277.jpg,4,#70704a,0.15269166666666667,earth
data/latest/images/Chanel_haute_couture_2020_16f298722c583277.jpg,5,#afa691,0.12924166666666667,earth
data/latest/images/Milan_Fashion_Week_runway_2026_3120bafcd6d0ce30.jpg,1,#b08b86,0.345975,primary/jewel
data/latest/images/Milan_Fashion_Week_runway_2026_3120bafcd6d0ce30.jpg,2,#b7a1a3,0.302875,primary/jewel
data/latest/images/Milan_Fashion_Week_runway_2026_3120bafcd6d0ce30.jpg,3,#2b2b31,0.15666666666666668,blue/purple
data/latest/images/Milan_Fashion_Week_runway_2026_3120bafcd6d0ce30.jpg,4,#d0c7c5,0.11595,neutrals
data/latest/images/Milan_Fashion_Week_runway_2026_3120bafcd6d0ce30.jpg,5,#866158,0.07853333333333333,primary/jewel
data/latest/images/Gucci_Fall_2013_runway_b8355080de0bf414.jpg,1,#000405,0.5288583333333333,neutrals
data/latest/images/Gucci_Fall_2013_runway_b8355080de0bf414.jpg,2,#838f9a,0.153925,blue/purple
data/latest/images/Gucci_Fall_2013_runway_b8355080de0bf414.jpg,3,#a7b2bc,0.13915,blue/purple
data/latest/images/Gucci_Fall_2013_runway_b8355080de0bf414.jpg,4,#46433d,0.09243333333333334,earth
data/latest/images/Gucci_Fall_2013_runway_b8355080de0bf414.jpg,5,#282825,0.08563333333333334,neutrals
data/latest/images/London_Fashion_Week_street_style_2025_d48d089933c55a61.jpg,1,#0f0f0f,0.37603333333333333,neutrals
data/latest/images/London_Fashion_Week_street_style_2025_d48d089933c55a61.jpg,2,#392e29,0.23619166666666666,earth
data/latest/images/London_Fashion_Week_street_style_2025_d48d089933c55a61.jpg,3,#655a54,0.17219166666666666,earth
data/latest/images/London_Fashion_Week_street_style_2025_d48d089933c55a61.jpg,4,#d4d5d4,0.11559166666666666,neutrals
data/latest/images/London_Fashion_Week_street_style_2025_d48d089933c55a61.jpg,5,#aa907e,0.09999166666666667,earth
data/latest/images/Sydney_Fashion_Week_runway_2025_ed0efca9ae270f87.webp,1,#fc6ddb,0.3614833333333333,primary/jewel
data/latest/images/Sydney_Fashion_Week_runway_2025_ed0efca9ae270f87.webp,2,#d69bb2,0.2369,primary/jewel
data/latest/images/Sydney_Fashion_Week_runway_2025_ed0efca9ae270f87.webp,3,#c35b84,0.21784166666666666,primary/jewel
data/latest/images/Sydney_Fashion_Week_runway_2025_ed0efca9ae270f87.webp,4,#f7d4f6,0.132775,pastels
data/latest/images/Sydney_Fashion_Week_runway_2025_ed0efca9ae270f87.webp,5,#572533,0.051,primary/jewel
data/latest/images/New_York_Fashion_Week_runway_2025_fd8fd467c2d54499.jpg,1,#564f59,0.36306666666666665,jewel
data/latest/images/New_York_Fashion_Week_runway_2025_fd8fd467c2d54499.jpg,2,#706976,0.27000833333333335,jewel
data/latest/images/New_York_Fashion_Week_runway_2025_fd8fd467c2d54499.jpg,3,#e6e4eb,0.2438,pastels
data/latest/images/New_York_Fashion_Week_runway_2025_fd8fd467c2d54499.jpg,4,#ef3b31,0.08943333333333334,neon
data/latest/images/New_York_Fashion_Week_runway_2025_fd8fd467c2d54499.jpg,5,#c2bccc,0.03369166666666667,neutrals
data/latest/images/Sydney_Fashion_Week_runway_2025_711d441432b0c5f3.jpg,1,#1053c6,0.2940083333333333,neon
data/latest/images/Sydney_Fashion_Week_runway_2025_711d441432b0c5f3.jpg,2,#dcc192,0.24969166666666667,earth
data/latest/images/Sydney_Fashion_Week_runway_2025_711d441432b0c5f3.jpg,3,#818dc4,0.22860833333333333,blue/purple
data/latest/images/Sydney_Fashion_Week_runway_2025_711d441432b0c5f3.jpg,4,#adbbe4,0.18504166666666666,blue/purple
data/latest/images/Sydney_Fashion_Week_runway_2025_711d441432b0c5f3.jpg,5,#312222,0.04265,primary/jewel
data/latest/images/New_York_Fashion_Week_runway_2025_09ea1a73bd5a5703.jpg,1,#080908,0.50335,neutrals
data/latest/images/New_York_Fashion_Week_runway_2025_09ea1a73bd5a5703.jpg,2,#6f574b,0.19275,earth
data/latest/images/New_York_Fashion_Week_runway_2025_09ea1a73bd5a5703.jpg,3,#40302a,0.145275,earth
data/latest/images/New_York_Fashion_Week_runway_2025_09ea1a73bd5a5703.jpg,4,#9b857e,0.08628333333333334,primary/jewel
data/latest/images/New_York_Fashion_Week_runway_2025_09ea1a73bd5a5703.jpg,5,#d4c6c1,0.07234166666666667,earth
data/latest/images/lookbook_fashion_2025_63d1d40ecee13e5d.jpg,1,#eec69b,0.3737916666666667,earth
data/latest/images/lookbook_fashion_2025_63d1d40ecee13e5d.jpg,2,#d5b18c,0.28260833333333335,earth
data/latest/images/lookbook_fashion_2025_63d1d40ecee13e5d.jpg,3,#cecece,0.13858333333333334,neutrals
data/latest/images/lookbook_fashion_2025_63d1d40ecee13e5d.jpg,4,#201f1f,0.13790833333333333,neutrals
data/latest/images/lookbook_fashion_2025_63d1d40ecee13e5d.jpg,5,#815434,0.06710833333333334,earth
data/latest/images/Paris_Fashion_Week_runway_2026_04ce65524ae006b6.jpg,1,#191113,0.3951,neutrals
data/latest/images/Paris_Fashion_Week_runway_2026_04ce65524ae006b6.jpg,2,#e0dee0,0.20716666666666667,neutrals
data/latest/images/Paris_Fashion_Week_runway_2026_04ce65524ae006b6.jpg,3,#403634,0.20475833333333332,primary/jewel
data/latest/images/Paris_Fashion_Week_runway_2026_04ce65524ae006b6.jpg,4,#9a9594,0.14885,neutrals
data/latest/images/Paris_Fashion_Week_runway_2026_04ce65524ae006b6.jpg,5,#f74630,0.044125,neon
data/latest/images/runway_backstage_fashion_2025_4b68540a428157bb.jpg,1,#9c8e86,0.24574166666666666,earth
data/latest/images/runway_backstage_fashion_2025_4b68540a428157bb.jpg,2,#d1bdb1,0.22008333333333333,earth
data/latest/images/runway_backstage_fashion_2025_4b68540a428157bb.jpg,3,#0d0b09,0.2008,neutrals
data/latest/images/runway_backstage_fashion_2025_4b68540a428157bb.jpg,4,#3c3530,0.196975,earth
data/latest/images/runway_backstage_fashion_2025_4b68540a428157bb.jpg,5,#6a6768,0.1364,neutrals
data/latest/images/Sydney_Fashion_Week_runway_2025_27f21ea92124d5ac.png,1,#07060c,0.7017833333333333,neutrals
data/latest/images/Sydney_Fashion_Week_runway_2025_27f21ea92124d5ac.png,2,#2d212d,0.12085833333333333,neutrals
data/latest/images/Sydney_Fashion_Week_runway_2025_27f21ea92124d5ac.png,3,#584f5a,0.08038333333333333,primary/jewel
data/latest/images/Sydney_Fashion_Week_runway_2025_27f21ea92124d5ac.png,4,#9e9387,0.07095833333333333,earth
data/latest/images/Sydney_Fashion_Week_runway_2025_27f21ea92124d5ac.png,5,#b16cc4,0.026016666666666667,primary/jewel
data/latest/images/Balmain_burgundy_runway_2025_badcbb468efe5d13.jpg,1,#161b1d,0.276675,neutrals
data/latest/images/Balmain_burgundy_runway_2025_badcbb468efe5d13.jpg,2,#efe7e3,0.2735666666666667,pastels
data/latest/images/Balmain_burgundy_runway_2025_badcbb468efe5d13.jpg,3,#5b5a5e,0.255575,neutrals
data/latest/images/Balmain_burgundy_runway_2025_badcbb468efe5d13.jpg,4,#998984,0.1092,primary/jewel
data/latest/images/Balmain_burgundy_runway_2025_badcbb468efe5d13.jpg,5,#c6b4ab,0.08498333333333333,earth
data/latest/images/runway_fashion_2025_e2bc59bb9a50bbf3.webp,1,#dad0d2,0.31351666666666667,neutrals
data/latest/images/runway_fashion_2025_e2bc59bb9a50bbf3.webp,2,#605443,0.21789166666666668,earth
data/latest/images/runway_fashion_2025_e2bc59bb9a50bbf3.webp,3,#c1aea4,0.21574166666666666,earth
data/latest/images/runway_fashion_2025_e2bc59bb9a50bbf3.webp,4,#9f8a74,0.16501666666666667,earth
data/latest/images/runway_fashion_2025_e2bc59bb9a50bbf3.webp,5,#262321,0.08783333333333333,neutrals
data/latest/images/Los_Angeles_Fashion_Week_backstage_2026_9199989682882acd.jpg,1,#302822,0.3495083333333333,earth
data/latest/images/Los_Angeles_Fashion_Week_backstage_2026_9199989682882acd.jpg,2,#665b59,0.239725,primary/jewel
data/latest/images/Los_Angeles_Fashion_Week_backstage_2026_9199989682882acd.jpg,3,#080302,0.19733333333333333,neutrals
data/latest/images/Los_Angeles_Fashion_Week_backstage_2026_9199989682882acd.jpg,4,#f1e8c1,0.15915833333333335,earth
data/latest/images/Los_Angeles_Fashion_Week_backstage_2026_9199989682882acd.jpg,5,#cba08d,0.054275,earth
data/latest/images/New_York_Fashion_Week_runway_2025_1d79e6458f32898c.jpg,1,#c5b19d,0.28889166666666666,earth
data/latest/images/New_York_Fashion_Week_runway_2025_1d79e6458f32898c.jpg,2,#b09179,0.25985833333333336,earth
data/latest/images/New_York_Fashion_Week_runway_2025_1d79e6458f32898c.jpg,3,#1f1612,0.20499166666666666,neutrals
data/latest/images/New_York_Fashion_Week_runway_2025_1d79e6458f32898c.jpg,4,#89654d,0.12556666666666666,earth
data/latest/images/New_York_Fashion_Week_runway_2025_1d79e6458f32898c.jpg,5,#4c342a,0.12069166666666667,earth
data/latest/images/Stockholm_Fashion_Week_street_style_2026_78306cbb33b218ef.jpg,1,#ada398,0.372025,earth
data/latest/images/Stockholm_Fashion_Week_street_style_2026_78306cbb33b218ef.jpg,2,#8e8177,0.2614,earth
data/latest/images/Stockholm_Fashion_Week_street_style_2026_78306cbb33b218ef.jpg,3,#cbc0b7,0.22773333333333334,earth
data/latest/images/Stockholm_Fashion_Week_street_style_2026_78306cbb33b218ef.jpg,4,#5c5148,0.09304166666666666,earth
data/latest/images/Stockholm_Fashion_Week_street_style_2026_78306cbb33b218ef.jpg,5,#25221b,0.0458,neutrals
data/latest/images/runway_fashion_2025_7ae0ef32167e4606.jpg,1,#dbddda,0.3173416666666667,neutrals
data/latest/images/runway_fashion_2025_7ae0ef32167e4606.jpg,2,#201f20,0.261225,neutrals
data/latest/images/runway_fashion_2025_7ae0ef32167e4606.jpg,3,#a19a92,0.1908,earth
data/latest/images/runway_fashion_2025_7ae0ef32167e4606.jpg,4,#5c1d28,0.13155833333333333,primary/jewel
data/latest/images/runway_fashion_2025_7ae0ef32167e4606.jpg,5,#706058,0.099075,earth
data/latest/images/lookbook_fashion_2025_3fbc807f3d232d66.jpg,1,#ae9689,0.3044,earth
data/latest/images/lookbook_fashion_2025_3fbc807f3d232d66.jpg,2,#967b6c,0.242025,earth
data/latest/images/lookbook_fashion_2025_3fbc807f3d232d66.jpg,3,#281c0c,0.1794,neutrals
data/latest/images/lookbook_fashion_2025_3fbc807f3d232d66.jpg,4,#584123,0.16838333333333333,earth
data/latest/images/lookbook_fashion_2025_3fbc807f3d232d66.jpg,5,#d0c8c8,0.10579166666666667,neutrals
data/latest/images/Sydney_Fashion_Week_runway_2025_f8b14e97ab93f869.jpg,1,#1a0d0a,0.332575,neutrals
data/latest/images/Sydney_Fashion_Week_runway_2025_f8b14e97ab93f869.jpg,2,#6c3b20,0.240025,earth
data/latest/images/Sydney_Fashion_Week_runway_2025_f8b14e97ab93f869.jpg,3,#ab734e,0.21648333333333333,earth
data/latest/images/Sydney_Fashion_Week_runway_2025_f8b14e97ab93f869.jpg,4,#e4a977,0.13336666666666666,earth
data/latest/images/Sydney_Fashion_Week_runway_2025_f8b14e97ab93f869.jpg,5,#a7caf3,0.07755,blue/purple
data/latest/images/editorial_fashion_2025_68c7d5ff46e148ae.webp,1,#f4ebde,0.46675,pastels
data/latest/images/editorial_fashion_2025_68c7d5ff46e148ae.webp,2,#dfb49a,0.238625,earth
data/latest/images/editorial_fashion_2025_68c7d5ff46e148ae.webp,3,#bb8565,0.13009166666666666,earth
data/latest/images/editorial_fashion_2025_68c7d5ff46e148ae.webp,4,#7c4437,0.1003,primary/jewel
data/latest/images/editorial_fashion_2025_68c7d5ff46e148ae.webp,5,#4a2222,0.06423333333333334,primary/jewel
data/latest/images/lookbook_fashion_2025_349d2845df46dc7b.jpg,1,#bea99e,0.35801666666666665,earth
data/latest/images/lookbook_fashion_2025_349d2845df46dc7b.jpg,2,#4a3a1b,0.20598333333333332,earth
data/latest/images/lookbook_fashion_2025_349d2845df46dc7b.jpg,3,#130f0c,0.17463333333333333,neutrals
data/latest/images/lookbook_fashion_2025_349d2845df46dc7b.jpg,4,#8f602f,0.134675,earth
data/latest/images/lookbook_fashion_2025_349d2845df46dc7b.jpg,5,#ddd5d5,0.12669166666666667,neutrals
data/latest/images/runway_fashion_2025_5ab4c1e0d3e79033.webp,1,#a197a9,0.27863333333333334,jewel
data/latest/images/runway_fashion_2025_5ab4c1e0d3e79033.webp,2,#766e82,0.24020833333333333,jewel
data/latest/images/runway_fashion_2025_5ab4c1e0d3e79033.webp,3,#151721,0.17198333333333332,neutrals
data/latest/images/runway_fashion_2025_5ab4c1e0d3e79033.webp,4,#cdc8da,0.1629,jewel
data/latest/images/runway_fashion_2025_5ab4c1e0d3e79033.webp,5,#494454,0.146275,jewel
data/latest/images/Copenhagen_Fashion_Week_street_style_2026_96869f2e0d311db1.jpg,1,#a3b9ce,0.2619166666666667,blue/purple
data/latest/images/Copenhagen_Fashion_Week_street_style_2026_96869f2e0d311db1.jpg,2,#849bb5,0.26058333333333333,blue/purple
data/latest/images/Copenhagen_Fashion_Week_street_style_2026_96869f2e0d311db1.jpg,3,#eef3f8,0.16364166666666666,pastels
data/latest/images/Copenhagen_Fashion_Week_street_style_2026_96869f2e0d311db1.jpg,4,#283143,0.16103333333333333,blue/purple
data/latest/images/Copenhagen_Fashion_Week_street_style_2026_96869f2e0d311db1.jpg,5,#586072,0.152825,blue/purple
data/latest/images/leopard_print_runway_1990s_df925eee247dc68c.jpg,1,#201f22,0.315425,neutrals
data/latest/images/leopard_print_runway_1990s_df925eee247dc68c.jpg,2,#c8ac92,0.21285,earth
data/latest/images/leopard_print_runway_1990s_df925eee247dc68c.jpg,3,#e2e2dc,0.203175,neutrals
data/latest/images/leopard_print_runway_1990s_df925eee247dc68c.jpg,4,#9f7b66,0.14609166666666668,earth
data/latest/images/leopard_print_runway_1990s_df925eee247dc68c.jpg,5,#5b4744,0.12245833333333334,primary/jewel
data/latest/images/Chanel_haute_couture_2020_bd5c35608634241b.jpg,1,#b1a79e,0.33368333333333333,earth
data/latest/images/Chanel_haute_couture_2020_bd5c35608634241b.jpg,2,#c9c6c1,0.27910833333333335,neutrals
data/latest/images/Chanel_haute_couture_2020_bd5c35608634241b.jpg,3,#91887f,0.1872,earth
data/latest/images/Chanel_haute_couture_2020_bd5c35608634241b.jpg,4,#605d4a,0.11671666666666666,earth
data/latest/images/Chanel_haute_couture_2020_bd5c35608634241b.jpg,5,#353434,0.08329166666666667,neutrals
data/latest/images/Copenhagen_Fashion_Week_street_style_2026_96c6b3f92a81bcbb.jpg,1,#8097a8,0.3134416666666667,blue/purple
data/latest/images/Copenhagen_Fashion_Week_street_style_2026_96c6b3f92a81bcbb.jpg,2,#0f1317,0.22708333333333333,neutrals
data/latest/images/Copenhagen_Fashion_Week_street_style_2026_96c6b3f92a81bcbb.jpg,3,#7f4933,0.20166666666666666,earth
data/latest/images/Copenhagen_Fashion_Week_street_style_2026_96c6b3f92a81bcbb.jpg,4,#293750,0.1639,blue/purple
data/latest/images/Copenhagen_Fashion_Week_street_style_2026_96c6b3f92a81bcbb.jpg,5,#cab992,0.09390833333333333,earth
data/latest/images/lookbook_fashion_2025_3196c34dc37fa0cf.jpg,1,#cfd5d3,0.68415,neutrals
data/latest/images/lookbook_fashion_2025_3196c34dc37fa0cf.jpg,2,#161512,0.116425,neutrals
data/latest/images/lookbook_fashion_2025_3196c34dc37fa0cf.jpg,3,#bdc4c0,0.101925,neutrals
data/latest/images/lookbook_fashion_2025_3196c34dc37fa0cf.jpg,4,#282623,0.08754166666666667,neutrals
data/latest/images/lookbook_fashion_2025_3196c34dc37fa0cf.jpg,5,#7a6458,0.009958333333333333,earth
data/latest/images/lookbook_fashion_2026_6a12d05fafd6dea7.jpg,1,#403e3e,0.41210833333333335,neutrals
data/latest/images/lookbook_fashion_2026_6a12d05fafd6dea7.jpg,2,#15212d,0.20736666666666667,neutrals
data/latest/images/lookbook_fashion_2026_6a12d05fafd6dea7.jpg,3,#69645e,0.18,earth
data/latest/images/lookbook_fashion_2026_6a12d05fafd6dea7.jpg,4,#e9862f,0.12994166666666668,neon
data/latest/images/lookbook_fashion_2026_6a12d05fafd6dea7.jpg,5,#b8571a,0.07058333333333333,neon
data/latest/images/Sydney_Fashion_Week_runway_2025_24bb5b074bd70fad.jpg,1,#1b191c,0.30001666666666665,neutrals
data/latest/images/Sydney_Fashion_Week_runway_2025_24bb5b074bd70fad.jpg,2,#3f3336,0.2897416666666667,primary/jewel
data/latest/images/Sydney_Fashion_Week_runway_2025_24bb5b074bd70fad.jpg,3,#a89890,0.19805,earth
data/latest/images/Sydney_Fashion_Week_runway_2025_24bb5b074bd70fad.jpg,4,#756b64,0.12115833333333334,earth
data/latest/images/Sydney_Fashion_Week_runway_2025_24bb5b074bd70fad.jpg,5,#e7d3cc,0.09103333333333333,pastels
data/latest/images/vogue_runway_emerald_dress_c11670d183d8f9b2.jpg,1,#2b3a2d,0.28930833333333333,green/blue
data/latest/images/vogue_runway_emerald_dress_c11670d183d8f9b2.jpg,2,#555d4f,0.23556666666666667,green/blue
data/latest/images/vogue_runway_emerald_dress_c11670d183d8f9b2.jpg,3,#030905,0.18170833333333333,neutrals
data/latest/images/vogue_runway_emerald_dress_c11670d183d8f9b2.jpg,4,#b29a80,0.17674166666666666,earth
data/latest/images/vogue_runway_emerald_dress_c11670d183d8f9b2.jpg,5,#f0ecde,0.116675,pastels
data/latest/images/Gucci_Fall_2013_runway_991d81eb16a9fff1.jpg,1,#030c07,0.60415,neutrals
data/latest/images/Gucci_Fall_2013_runway_991d81eb16a9fff1.jpg,2,#21282a,0.16585,neutrals
data/latest/images/Gucci_Fall_2013_runway_991d81eb16a9fff1.jpg,3,#4e5055,0.09160833333333333,blue/purple
data/latest/images/Gucci_Fall_2013_runway_991d81eb16a9fff1.jpg,4,#dccfc6,0.07148333333333333,earth
data/latest/images/Gucci_Fall_2013_runway_991d81eb16a9fff1.jpg,5,#8f8886,0.06690833333333333,neutrals
data/latest/images/runway_backstage_fashion_2025_7859768bba6795d4.jpg,1,#10120f,0.6409833333333333,neutrals
data/latest/images/runway_backstage_fashion_2025_7859768bba6795d4.jpg,2,#322c24,0.17589166666666667,earth
data/latest/images/runway_backstage_fashion_2025_7859768bba6795d4.jpg,3,#ccaf82,0.08615,earth
data/latest/images/runway_backstage_fashion_2025_7859768bba6795d4.jpg,4,#87674d,0.06425833333333333,earth
data/latest/images/runway_backstage_fashion_2025_7859768bba6795d4.jpg,5,#573670,0.032716666666666665,jewel
data/latest/images/vogue_runway_emerald_dress_1c1b7b426a53134a.jpg,1,#c4bfc6,0.4055666666666667,neutrals
data/latest/images/vogue_runway_emerald_dress_1c1b7b426a53134a.jpg,2,#8f9098,0.213675,neutrals
data/latest/images/vogue_runway_emerald_dress_1c1b7b426a53134a.jpg,3,#525858,0.18655833333333333,neutrals
data/latest/images/vogue_runway_emerald_dress_1c1b7b426a53134a.jpg,4,#282a24,0.158675,neutrals
data/latest/images/vogue_runway_emerald_dress_1c1b7b426a53134a.jpg,5,#888735,0.035525,earth
data/latest/images/Copenhagen_Fashion_Week_street_style_2026_764ce46203a69a4a.jpg,1,#c7cbd2,0.29735,neutrals
data/latest/images/Copenhagen_Fashion_Week_street_style_2026_764ce46203a69a4a.jpg,2,#1e2020,0.20716666666666667,neutrals
data/latest/images/Copenhagen_Fashion_Week_street_style_2026_764ce46203a69a4a.jpg,3,#a3a19e,0.17156666666666667,neutrals
data/latest/images/Copenhagen_Fashion_Week_street_style_2026_764ce46203a69a4a.jpg,4,#7c6d5d,0.16761666666666666,earth
data/latest/images/Copenhagen_Fashion_Week_street_style_2026_764ce46203a69a4a.jpg,5,#494541,0.1563,earth
data/latest/images/Stockholm_Fashion_Week_street_style_2025_0fed5e8ea2f65eac.png,1,#f1f7f8,0.395425,pastels
data/latest/images/Stockholm_Fashion_Week_street_style_2025_0fed5e8ea2f65eac.png,2,#dfc3b1,0.190625,earth
data/latest/images/Stockholm_Fashion_Week_street_style_2025_0fed5e8ea2f65eac.png,3,#221e1f,0.16845833333333332,neutrals
data/latest/images/Stockholm_Fashion_Week_street_style_2025_0fed5e8ea2f65eac.png,4,#a88873,0.16136666666666666,earth
data/latest/images/Stockholm_Fashion_Week_street_style_2025_0fed5e8ea2f65eac.png,5,#664e40,0.084125,earth
data/latest/images/Paris_Fashion_Week_runway_2026_76c13528d4260bfd.jpg,1,#8a7976,0.30105,primary/jewel
data/latest/images/Paris_Fashion_Week_runway_2026_76c13528d4260bfd.jpg,2,#a5a0a5,0.25695,neutrals
data/latest/images/Paris_Fashion_Week_runway_2026_76c13528d4260bfd.jpg,3,#dadce2,0.25414166666666665,neutrals
data/latest/images/Paris_Fashion_Week_runway_2026_76c13528d4260bfd.jpg,4,#654846,0.09435,primary/jewel
data/latest/images/Paris_Fashion_Week_runway_2026_76c13528d4260bfd.jpg,5,#191719,0.09350833333333333,neutrals
data/latest/images/Tokyo_Fashion_Week_street_style_2025_5bb2dcb67e75f972.jpg,1,#575755,0.32466666666666666,neutrals
data/latest/images/Tokyo_Fashion_Week_street_style_2025_5bb2dcb67e75f972.jpg,2,#131517,0.25765,neutrals
data/latest/images/Tokyo_Fashion_Week_street_style_2025_5bb2dcb67e75f972.jpg,3,#7a7875,0.166825,neutrals
data/latest/images/Tokyo_Fashion_Week_street_style_2025_5bb2dcb67e75f972.jpg,4,#303032,0.13625,neutrals
data/latest/images/Tokyo_Fashion_Week_street_style_2025_5bb2dcb67e75f972.jpg,5,#b9b8b6,0.11460833333333334,neutrals
data/latest/images/Stockholm_Fashion_Week_street_style_2026_e87e2617ee37416b.jpg,1,#0f1319,0.4690666666666667,neutrals
data/latest/images/Stockholm_Fashion_Week_street_style_2026_e87e2617ee37416b.jpg,2,#293141,0.35785,blue/purple
data/latest/images/Stockholm_Fashion_Week_street_style_2026_e87e2617ee37416b.jpg,3,#e2dee3,0.066175,neutrals
data/latest/images/Stockholm_Fashion_Week_street_style_2026_e87e2617ee37416b.jpg,4,#aba7aa,0.06450833333333333,neutrals
data/latest/images/Stockholm_Fashion_Week_street_style_2026_e87e2617ee37416b.jpg,5,#787275,0.0424,neutrals
data/latest/images/Balmain_burgundy_runway_2025_452cff52363ef90c.jpg,1,#181b1e,0.37743333333333334,neutrals
data/latest/images/Balmain_burgundy_runway_2025_452cff52363ef90c.jpg,2,#efe7e3,0.26343333333333335,pastels
data/latest/images/Balmain_burgundy_runway_2025_452cff52363ef90c.jpg,3,#606166,0.235375,neutrals
data/latest/images/Balmain_burgundy_runway_2025_452cff52363ef90c.jpg,4,#582b2a,0.06498333333333334,primary/jewel
data/latest/images/Balmain_burgundy_runway_2025_452cff52363ef90c.jpg,5,#ccc4c0,0.058775,neutrals
data/latest/images/London_Fashion_Week_street_style_2025_14dced0f7afb2c34.jpg,1,#999587,0.2734333333333333,earth
data/latest/images/London_Fashion_Week_street_style_2025_14dced0f7afb2c34.jpg,2,#b9b6b1,0.22124166666666667,neutrals
data/latest/images/London_Fashion_Week_street_style_2025_14dced0f7afb2c34.jpg,3,#767262,0.21315833333333334,earth
data/latest/images/London_Fashion_Week_street_style_2025_14dced0f7afb2c34.jpg,4,#4b453e,0.15159166666666668,earth
data/latest/images/London_Fashion_Week_street_style_2025_14dced0f7afb2c34.jpg,5,#181917,0.140575,neutrals
data/latest/images/Stockholm_Fashion_Week_street_style_2025_519fe80e1414c4d3.png,1,#433939,0.25695833333333334,primary/jewel
data/latest/images/Stockholm_Fashion_Week_street_style_2025_519fe80e1414c4d3.png,2,#695a54,0.20199166666666668,earth
data/latest/images/Stockholm_Fashion_Week_street_style_2025_519fe80e1414c4d3.png,3,#937b68,0.19990833333333333,earth
data/latest/images/Stockholm_Fashion_Week_street_style_2025_519fe80e1414c4d3.png,4,#1b191b,0.18335,neutrals
data/latest/images/Stockholm_Fashion_Week_street_style_2025_519fe80e1414c4d3.png,5,#b4b5b7,0.15779166666666666,neutrals
data/latest/images/lookbook_fashion_2026_b38c18950d6ea51c.jpg,1,#b3b3a3,0.3051333333333333,earth
data/latest/images/lookbook_fashion_2026_b38c18950d6ea51c.jpg,2,#d2d9cf,0.28374166666666667,neutrals
data/latest/images/lookbook_fashion_2026_b38c18950d6ea51c.jpg,3,#8f8771,0.23065,earth
data/latest/images/lookbook_fashion_2026_b38c18950d6ea51c.jpg,4,#534a38,0.12033333333333333,earth
data/latest/images/lookbook_fashion_2026_b38c18950d6ea51c.jpg,5,#1b1d1b,0.06014166666666667,neutrals
data/latest/images/Gucci_Fall_2013_runway_6d963b884b50904e.jpg,1,#05090f,0.7965333333333333,neutrals
data/latest/images/Gucci_Fall_2013_runway_6d963b884b50904e.jpg,2,#192840,0.08729166666666667,blue/purple
data/latest/images/Gucci_Fall_2013_runway_6d963b884b50904e.jpg,3,#3f567e,0.0494,blue/purple
data/latest/images/Gucci_Fall_2013_runway_6d963b884b50904e.jpg,4,#bbd3ee,0.03465833333333333,blue/purple
data/latest/images/Gucci_Fall_2013_runway_6d963b884b50904e.jpg,5,#798fba,0.03211666666666667,blue/purple
data/latest/images/Sydney_Fashion_Week_runway_2025_49ac5645fbefe146.jpg,1,#685860,0.386025,primary/jewel
data/latest/images/Sydney_Fashion_Week_runway_2025_49ac5645fbefe146.jpg,2,#543e44,0.23728333333333335,primary/jewel
data/latest/images/Sydney_Fashion_Week_runway_2025_49ac5645fbefe146.jpg,3,#886f79,0.19651666666666667,primary/jewel
data/latest/images/Sydney_Fashion_Week_runway_2025_49ac5645fbefe146.jpg,4,#1f181e,0.12596666666666667,neutrals
data/latest/images/Sydney_Fashion_Week_runway_2025_49ac5645fbefe146.jpg,5,#daa79a,0.05420833333333333,primary/jewel
data/latest/images/Paris_Fashion_Week_runway_2026_1eae58d47841583a.webp,1,#3a3936,0.39620833333333333,neutrals
data/latest/images/Paris_Fashion_Week_runway_2026_1eae58d47841583a.webp,2,#7b965d,0.2108,green/blue
data/latest/images/Paris_Fashion_Week_runway_2026_1eae58d47841583a.webp,3,#95566b,0.17435,primary/jewel
data/latest/images/Paris_Fashion_Week_runway_2026_1eae58d47841583a.webp,4,#c6c5c7,0.11324166666666667,neutrals
data/latest/images/Paris_Fashion_Week_runway_2026_1eae58d47841583a.webp,5,#131313,0.1054,neutrals
data/latest/images/Stockholm_Fashion_Week_street_style_2025_142b8d76c8664c59.jpg,1,#aea69d,0.31499166666666667,earth
data/latest/images/Stockholm_Fashion_Week_street_style_2025_142b8d76c8664c59.jpg,2,#908579,0.285725,earth
data/latest/images/Stockholm_Fashion_Week_street_style_2025_142b8d76c8664c59.jpg,3,#cdc8c3,0.2554,neutrals
data/latest/images/Stockholm_Fashion_Week_street_style_2025_142b8d76c8664c59.jpg,4,#12130d,0.09388333333333333,neutrals
data/latest/images/Stockholm_Fashion_Week_street_style_2025_142b8d76c8664c59.jpg,5,#453e33,0.05,earth
data/latest/images/fashion_campaign_2026_1b7bf4937a707499.jpg,1,#84796b,0.2632333333333333,earth
data/latest/images/fashion_campaign_2026_1b7bf4937a707499.jpg,2,#b8ada6,0.24815833333333334,earth
data/latest/images/fashion_campaign_2026_1b7bf4937a707499.jpg,3,#1e1f1e,0.21231666666666665,neutrals
data/latest/images/fashion_campaign_2026_1b7bf4937a707499.jpg,4,#564b3b,0.1437,earth
data/latest/images/fashion_campaign_2026_1b7bf4937a707499.jpg,5,#fcfcfc,0.13259166666666666,pastels
data/latest/images/Tokyo_Fashion_Week_runway_2026_eb92cdb5ddecb741.jpg,1,#817c76,0.298325,earth
data/latest/images/Tokyo_Fashion_Week_runway_2026_eb92cdb5ddecb741.jpg,2,#dad6cf,0.2967166666666667,neutrals
data/latest/images/Tokyo_Fashion_Week_runway_2026_eb92cdb5ddecb741.jpg,3,#aaa298,0.2828833333333333,earth
data/latest/images/Tokyo_Fashion_Week_runway_2026_eb92cdb5ddecb741.jpg,4,#5a5450,0.08711666666666666,earth
data/latest/images/Tokyo_Fashion_Week_runway_2026_eb92cdb5ddecb741.jpg,5,#171310,0.034958333333333334,neutrals
data/latest/images/Gucci_Fall_2013_runway_bed89d078ec4eeb2.jpg,1,#071521,0.48906666666666665,neutrals
data/latest/images/Gucci_Fall_2013_runway_bed89d078ec4eeb2.jpg,2,#112a47,0.229175,blue/purple
data/latest/images/Gucci_Fall_2013_runway_bed89d078ec4eeb2.jpg,3,#244574,0.207975,blue/purple
data/latest/images/Gucci_Fall_2013_runway_bed89d078ec4eeb2.jpg,4,#4c77bf,0.048433333333333335,blue/purple
data/latest/images/Gucci_Fall_2013_runway_bed89d078ec4eeb2.jpg,5,#cadfef,0.02535,pastels
data/latest/images/lookbook_fashion_2026_680a4c5e6b71e126.jpg,1,#7a4e37,0.31125,earth
data/latest/images/lookbook_fashion_2026_680a4c5e6b71e126.jpg,2,#a68b81,0.263725,earth
data/latest/images/lookbook_fashion_2026_680a4c5e6b71e126.jpg,3,#241b16,0.21603333333333333,neutrals
data/latest/images/lookbook_fashion_2026_680a4c5e6b71e126.jpg,4,#e7dbda,0.18065833333333334,pastels
data/latest/images/lookbook_fashion_2026_680a4c5e6b71e126.jpg,5,#f4f235,0.028333333333333332,neon
data/latest/images/Stockholm_Fashion_Week_street_style_2025_32dcbde203fbd216.jpg,1,#06060e,0.3459833333333333,neutrals
data/latest/images/Stockholm_Fashion_Week_street_style_2025_32dcbde203fbd216.jpg,2,#a59a90,0.23170833333333332,earth
data/latest/images/Stockholm_Fashion_Week_street_style_2025_32dcbde203fbd216.jpg,3,#5d5e60,0.190075,neutrals
data/latest/images/Stockholm_Fashion_Week_street_style_2025_32dcbde203fbd216.jpg,4,#3a2d2e,0.14666666666666667,primary/jewel
data/latest/images/Stockholm_Fashion_Week_street_style_2025_32dcbde203fbd216.jpg,5,#d7dcdb,0.08556666666666667,neutrals
data/latest/images/editorial_fashion_2025_b6b6acc20d59dc4c.jpg,1,#121617,0.30723333333333336,neutrals
data/latest/images/editorial_fashion_2025_b6b6acc20d59dc4c.jpg,2,#3b394a,0.26658333333333334,blue/purple
data/latest/images/editorial_fashion_2025_b6b6acc20d59dc4c.jpg,3,#73575f,0.17580833333333334,primary/jewel
data/latest/images/editorial_fashion_2025_b6b6acc20d59dc4c.jpg,4,#b98f82,0.14993333333333334,primary/jewel
data/latest/images/editorial_fashion_2025_b6b6acc20d59dc4c.jpg,5,#e0c3c1,0.10044166666666667,primary/jewel
data/latest/images/runway_fashion_2025_a22829637fa7241c.webp,1,#0e0a0f,0.267475,neutrals
data/latest/images/runway_fashion_2025_a22829637fa7241c.webp,2,#a89594,0.23046666666666665,primary/jewel
data/latest/images/runway_fashion_2025_a22829637fa7241c.webp,3,#7e6c6d,0.22234166666666666,primary/jewel
data/latest/images/runway_fashion_2025_a22829637fa7241c.webp,4,#553832,0.17339166666666667,primary/jewel
data/latest/images/runway_fashion_2025_a22829637fa7241c.webp,5,#d2ccd5,0.106325,neutrals
data/latest/images/Copenhagen_Fashion_Week_street_style_2026_b1f429fb55315c9e.jpg,1,#846e5f,0.23613333333333333,earth
data/latest/images/Copenhagen_Fashion_Week_street_style_2026_b1f429fb55315c9e.jpg,2,#593c2e,0.23078333333333334,earth
data/latest/images/Copenhagen_Fashion_Week_street_style_2026_b1f429fb55315c9e.jpg,3,#191612,0.19061666666666666,neutrals
data/latest/images/Copenhagen_Fashion_Week_street_style_2026_b1f429fb55315c9e.jpg,4,#c1ab97,0.179975,earth
data/latest/images/Copenhagen_Fashion_Week_street_style_2026_b1f429fb55315c9e.jpg,5,#e0dcd5,0.16249166666666667,neutrals
data/latest/images/Gucci_Fall_2013_runway_6c4f4963f134cbb0.jpg,1,#050608,0.7694583333333334,neutrals
data/latest/images/Gucci_Fall_2013_runway_6c4f4963f134cbb0.jpg,2,#352e30,0.07644166666666667,primary/jewel
data/latest/images/Gucci_Fall_2013_runway_6c4f4963f134cbb0.jpg,3,#8d7c7f,0.06881666666666666,primary/jewel
data/latest/images/Gucci_Fall_2013_runway_6c4f4963f134cbb0.jpg,4,#5e4e51,0.055591666666666664,primary/jewel
data/latest/images/Gucci_Fall_2013_runway_6c4f4963f134cbb0.jpg,5,#b2a5a9,0.02969166666666667,neutrals
data/latest/images/runway_fashion_2025_74a7e4bdc067e0b1.jpg,1,#060203,0.355375,neutrals
data/latest/images/runway_fashion_2025_74a7e4bdc067e0b1.jpg,2,#58554e,0.2997416666666667,earth
data/latest/images/runway_fashion_2025_74a7e4bdc067e0b1.jpg,3,#421012,0.21491666666666667,primary/jewel
data/latest/images/runway_fashion_2025_74a7e4bdc067e0b1.jpg,4,#9d2224,0.07520833333333334,primary/jewel
data/latest/images/runway_fashion_2025_74a7e4bdc067e0b1.jpg,5,#ccac99,0.05475833333333333,earth
data/latest/images/Seoul_Fashion_Week_runway_2026_0f3c536e0cf233b9.jpg,1,#e3e8f1,0.4920833333333333,pastels
data/latest/images/Seoul_Fashion_Week_runway_2026_0f3c536e0cf233b9.jpg,2,#d6d4d6,0.16164166666666666,neutrals
data/latest/images/Seoul_Fashion_Week_runway_2026_0f3c536e0cf233b9.jpg,3,#988c84,0.14691666666666667,earth
data/latest/images/Seoul_Fashion_Week_runway_2026_0f3c536e0cf233b9.jpg,4,#101113,0.14305,neutrals
data/latest/images/Seoul_Fashion_Week_runway_2026_0f3c536e0cf233b9.jpg,5,#2b2928,0.056308333333333335,neutrals
data/latest/images/lookbook_fashion_2026_8876268cd69d1115.jpg,1,#746237,0.4018083333333333,earth
data/latest/images/lookbook_fashion_2026_8876268cd69d1115.jpg,2,#a26d2b,0.30599166666666666,earth
data/latest/images/lookbook_fashion_2026_8876268cd69d1115.jpg,3,#bf986d,0.15276666666666666,earth
data/latest/images/lookbook_fashion_2026_8876268cd69d1115.jpg,4,#efdac1,0.11294166666666666,earth
data/latest/images/lookbook_fashion_2026_8876268cd69d1115.jpg,5,#351d11,0.026491666666666667,earth
data/latest/images/New_York_Fashion_Week_street_style_2025_8648ca00597c34c9.jpg,1,#1c1d26,0.33174166666666666,neutrals
data/latest/images/New_York_Fashion_Week_street_style_2025_8648ca00597c34c9.jpg,2,#3c3648,0.267925,jewel
data/latest/images/New_York_Fashion_Week_street_style_2025_8648ca00597c34c9.jpg,3,#a7a6aa,0.17525833333333332,neutrals
data/latest/images/New_York_Fashion_Week_street_style_2025_8648ca00597c34c9.jpg,4,#f3f5f5,0.1231,pastels
data/latest/images/New_York_Fashion_Week_street_style_2025_8648ca00597c34c9.jpg,5,#71666e,0.101975,primary/jewel
data/latest/images/vogue_runway_emerald_dress_de9e53cb510cc20a.jpg,1,#c6c4c0,0.354875,neutrals
data/latest/images/vogue_runway_emerald_dress_de9e53cb510cc20a.jpg,2,#0a0a0a,0.27623333333333333,neutrals
data/latest/images/vogue_runway_emerald_dress_de9e53cb510cc20a.jpg,3,#3e6d3b,0.16218333333333335,green/blue
data/latest/images/vogue_runway_emerald_dress_de9e53cb510cc20a.jpg,4,#2d3919,0.125775,green/blue
data/latest/images/vogue_runway_emerald_dress_de9e53cb510cc20a.jpg,5,#a28370,0.08093333333333333,earth
data/latest/images/Chanel_haute_couture_2020_573634350252936a.jpg,1,#ecf0f1,0.2761416666666667,pastels
data/latest/images/Chanel_haute_couture_2020_573634350252936a.jpg,2,#633e1f,0.26671666666666666,earth
data/latest/images/Chanel_haute_couture_2020_573634350252936a.jpg,3,#866d55,0.19271666666666668,earth
data/latest/images/Chanel_haute_couture_2020_573634350252936a.jpg,4,#b0a8a4,0.14205,neutrals
data/latest/images/Chanel_haute_couture_2020_573634350252936a.jpg,5,#2b2321,0.122375,neutrals
data/latest/images/Chanel_haute_couture_2020_ef96f2243aad94a6.jpg,1,#c3c5cb,0.41534166666666666,neutrals
data/latest/images/Chanel_haute_couture_2020_ef96f2243aad94a6.jpg,2,#d0d3d8,0.3257583333333333,neutrals
data/latest/images/Chanel_haute_couture_2020_ef96f2243aad94a6.jpg,3,#160b17,0.153925,neutrals
data/latest/images/Chanel_haute_couture_2020_ef96f2243aad94a6.jpg,4,#3d2935,0.071625,primary/jewel
data/latest/images/Chanel_haute_couture_2020_ef96f2243aad94a6.jpg,5,#745964,0.03335,primary/jewel
data/latest/images/London_Fashion_Week_street_style_2025_703b55a828b99c95.jpg,1,#030406,0.33935,neutrals
data/latest/images/London_Fashion_Week_street_style_2025_703b55a828b99c95.jpg,2,#5d5053,0.2185,primary/jewel
data/latest/images/London_Fashion_Week_street_style_2025_703b55a828b99c95.jpg,3,#3a2c2b,0.20184166666666667,primary/jewel
data/latest/images/London_Fashion_Week_street_style_2025_703b55a828b99c95.jpg,4,#c1b7b9,0.12499166666666667,neutrals
data/latest/images/London_Fashion_Week_street_style_2025_703b55a828b99c95.jpg,5,#937867,0.11531666666666666,earth
data/latest/images/London_Fashion_Week_street_style_2025_344ad51768233e62.jpg,1,#c2c0ba,0.3856583333333333,neutrals
data/latest/images/London_Fashion_Week_street_style_2025_344ad51768233e62.jpg,2,#a0958e,0.18080833333333332,earth
data/latest/images/London_Fashion_Week_street_style_2025_344ad51768233e62.jpg,3,#4b3731,0.158325,primary/jewel
data/latest/images/London_Fashion_Week_street_style_2025_344ad51768233e62.jpg,4,#805d4e,0.15755,earth
data/latest/images/London_Fashion_Week_street_style_2025_344ad51768233e62.jpg,5,#171517,0.11765833333333334,neutrals
data/latest/images/lookbook_fashion_2025_20f67f8afd8896de.jpg,1,#caaf99,0.31469166666666665,earth
data/latest/images/lookbook_fashion_2025_20f67f8afd8896de.jpg,2,#f4e8da,0.24225833333333333,pastels
data/latest/images/lookbook_fashion_2025_20f67f8afd8896de.jpg,3,#553f1b,0.16546666666666668,earth
data/latest/images/lookbook_fashion_2025_20f67f8afd8896de.jpg,4,#231b0f,0.15658333333333332,neutrals
data/latest/images/lookbook_fashion_2025_20f67f8afd8896de.jpg,5,#a36231,0.121,earth
data/latest/images/Los_Angeles_Fashion_Week_backstage_2026_42ba9a664d2b6974.jpg,1,#5b5d57,0.2953,neutrals
data/latest/images/Los_Angeles_Fashion_Week_backstage_2026_42ba9a664d2b6974.jpg,2,#1b1c1d,0.259125,neutrals
data/latest/images/Los_Angeles_Fashion_Week_backstage_2026_42ba9a664d2b6974.jpg,3,#97836d,0.175925,earth
data/latest/images/Los_Angeles_Fashion_Week_backstage_2026_42ba9a664d2b6974.jpg,4,#e7f0f0,0.13491666666666666,pastels
data/latest/images/Los_Angeles_Fashion_Week_backstage_2026_42ba9a664d2b6974.jpg,5,#a9b7ab,0.13473333333333334,neutrals
data/latest/images/leopard_print_runway_1990s_0c6b6d9323cba2a2.jpg,1,#c4c7c6,0.26674166666666665,neutrals
data/latest/images/leopard_print_runway_1990s_0c6b6d9323cba2a2.jpg,2,#e4e8e9,0.24745833333333334,pastels
data/latest/images/leopard_print_runway_1990s_0c6b6d9323cba2a2.jpg,3,#796a63,0.22006666666666666,earth
data/latest/images/leopard_print_runway_1990s_0c6b6d9323cba2a2.jpg,4,#99918d,0.18419166666666667,neutrals
data/latest/images/leopard_print_runway_1990s_0c6b6d9323cba2a2.jpg,5,#382d2d,0.08154166666666667,primary/jewel
data/latest/images/Stockholm_Fashion_Week_street_style_2026_5bce12d5b61abb18.jpg,1,#08171b,0.316525,neutrals
data/latest/images/Stockholm_Fashion_Week_street_style_2026_5bce12d5b61abb18.jpg,2,#756c65,0.218175,earth
data/latest/images/Stockholm_Fashion_Week_street_style_2026_5bce12d5b61abb18.jpg,3,#40403d,0.2153,neutrals
data/latest/images/Stockholm_Fashion_Week_street_style_2026_5bce12d5b61abb18.jpg,4,#aaa89e,0.18995833333333334,neutrals
data/latest/images/Stockholm_Fashion_Week_street_style_2026_5bce12d5b61abb18.jpg,5,#bb2b22,0.06004166666666667,neon
data/latest/images/Sydney_Fashion_Week_backstage_2025_ed288d79cd402962.jpg,1,#0a0a0a,0.398375,neutrals
data/latest/images/Sydney_Fashion_Week_backstage_2025_ed288d79cd402962.jpg,2,#ae8059,0.24275,earth
data/latest/images/Sydney_Fashion_Week_backstage_2025_ed288d79cd402962.jpg,3,#3e2215,0.15299166666666666,earth
data/latest/images/Sydney_Fashion_Week_backstage_2025_ed288d79cd402962.jpg,4,#775c4f,0.105675,earth
data/latest/images/Sydney_Fashion_Week_backstage_2025_ed288d79cd402962.jpg,5,#bcbbbf,0.10020833333333333,neutrals
data/latest/images/Los_Angeles_Fashion_Week_backstage_2026_6d4885bf640d0532.jpg,1,#999894,0.26615833333333333,neutrals
data/latest/images/Los_Angeles_Fashion_Week_backstage_2026_6d4885bf640d0532.jpg,2,#bfbab5,0.22396666666666668,neutrals
data/latest/images/Los_Angeles_Fashion_Week_backstage_2026_6d4885bf640d0532.jpg,3,#3b3330,0.177225,earth
data/latest/images/Los_Angeles_Fashion_Week_backstage_2026_6d4885bf640d0532.jpg,4,#131212,0.17688333333333334,neutrals
data/latest/images/Los_Angeles_Fashion_Week_backstage_2026_6d4885bf640d0532.jpg,5,#797371,0.15576666666666666,neutrals
data/latest/images/Stockholm_Fashion_Week_street_style_2026_1f66d543cdad9ce4.webp,1,#beb6ac,0.26153333333333334,earth
data/latest/images/Stockholm_Fashion_Week_street_style_2026_1f66d543cdad9ce4.webp,2,#141f1b,0.22710833333333333,neutrals
data/latest/images/Stockholm_Fashion_Week_street_style_2026_1f66d543cdad9ce4.webp,3,#e6e6e6,0.212,pastels
data/latest/images/Stockholm_Fashion_Week_street_style_2026_1f66d543cdad9ce4.webp,4,#928c84,0.210475,earth
data/latest/images/Stockholm_Fashion_Week_street_style_2026_1f66d543cdad9ce4.webp,5,#62564b,0.08888333333333333,earth
data/latest/images/Chanel_haute_couture_2020_163ffd2ba588c3a6.jpg,1,#545563,0.37525833333333336,blue/purple
data/latest/images/Chanel_haute_couture_2020_163ffd2ba588c3a6.jpg,2,#696a78,0.3749,blue/purple
data/latest/images/Chanel_haute_couture_2020_163ffd2ba588c3a6.jpg,3,#3b3a49,0.11139166666666667,blue/purple
data/latest/images/Chanel_haute_couture_2020_163ffd2ba588c3a6.jpg,4,#181928,0.08050833333333333,neutrals
data/latest/images/Chanel_haute_couture_2020_163ffd2ba588c3a6.jpg,5,#b0aab9,0.05794166666666667,jewel
data/latest/images/Chanel_haute_couture_2020_cb4b2b4c16da25f8.jpg,1,#a099a0,0.2614416666666667,neutrals
data/latest/images/Chanel_haute_couture_2020_cb4b2b4c16da25f8.jpg,2,#ccbfc6,0.23378333333333334,neutrals
data/latest/images/Chanel_haute_couture_2020_cb4b2b4c16da25f8.jpg,3,#e9edf8,0.225,pastels
data/latest/images/Chanel_haute_couture_2020_cb4b2b4c16da25f8.jpg,4,#716969,0.16405833333333333,neutrals
data/latest/images/Chanel_haute_couture_2020_cb4b2b4c16da25f8.jpg,5,#343634,0.11571666666666666,neutrals
data/latest/images/Tokyo_Fashion_Week_backstage_2025_92b0b9ae28bdc2bf.jpg,1,#6b6363,0.26818333333333333,neutrals
data/latest/images/Tokyo_Fashion_Week_backstage_2025_92b0b9ae28bdc2bf.jpg,2,#423e3f,0.23993333333333333,neutrals
data/latest/images/Tokyo_Fashion_Week_backstage_2025_92b0b9ae28bdc2bf.jpg,3,#171517,0.20810833333333334,neutrals
data/latest/images/Tokyo_Fashion_Week_backstage_2025_92b0b9ae28bdc2bf.jpg,4,#9b8c91,0.18370833333333333,primary/jewel
data/latest/images/Tokyo_Fashion_Week_backstage_2025_92b0b9ae28bdc2bf.jpg,5,#ccc7ca,0.10006666666666666,neutrals
data/latest/images/Los_Angeles_Fashion_Week_backstage_2026_16140ac7e9fe9812.jpg,1,#0b0a0c,0.3378083333333333,neutrals
data/latest/images/Los_Angeles_Fashion_Week_backstage_2026_16140ac7e9fe9812.jpg,2,#232021,0.32203333333333334,neutrals
data/latest/images/Los_Angeles_Fashion_Week_backstage_2026_16140ac7e9fe9812.jpg,3,#483e3b,0.20435,primary/jewel
data/latest/images/Los_Angeles_Fashion_Week_backstage_2026_16140ac7e9fe9812.jpg,4,#8a777a,0.07159166666666666,primary/jewel
data/latest/images/Los_Angeles_Fashion_Week_backstage_2026_16140ac7e9fe9812.jpg,5,#dfbdbe,0.06421666666666667,primary/jewel
data/latest/images/vogue_runway_emerald_dress_21f71ee5f049a409.jpg,1,#817b79,0.3978083333333333,neutrals
data/latest/images/vogue_runway_emerald_dress_21f71ee5f049a409.jpg,2,#b9b1a7,0.25390833333333335,earth
data/latest/images/vogue_runway_emerald_dress_21f71ee5f049a409.jpg,3,#23261f,0.150275,neutrals
data/latest/images/vogue_runway_emerald_dress_21f71ee5f049a409.jpg,4,#bb8a6d,0.12239166666666666,earth
data/latest/images/vogue_runway_emerald_dress_21f71ee5f049a409.jpg,5,#724b3f,0.07561666666666667,primary/jewel
data/latest/images/Stockholm_Fashion_Week_street_style_2026_471ec41f74f8a1e3.jpg,1,#c7b296,0.22865833333333332,earth
data/latest/images/Stockholm_Fashion_Week_street_style_2026_471ec41f74f8a1e3.jpg,2,#5b4438,0.218,earth
data/latest/images/Stockholm_Fashion_Week_street_style_2026_471ec41f74f8a1e3.jpg,3,#967e69,0.19669166666666665,earth
data/latest/images/Stockholm_Fashion_Week_street_style_2026_471ec41f74f8a1e3.jpg,4,#e9e5dc,0.18605833333333333,pastels
data/latest/images/Stockholm_Fashion_Week_street_style_2026_471ec41f74f8a1e3.jpg,5,#1e1b20,0.17059166666666667,neutrals
data/latest/images/Seoul_Fashion_Week_street_style_2025_aecd1a103ccab9eb.jpg,1,#dbbfac,0.3143166666666667,earth
data/latest/images/Seoul_Fashion_Week_street_style_2025_aecd1a103ccab9eb.jpg,2,#ac7f74,0.23650833333333332,primary/jewel
data/latest/images/Seoul_Fashion_Week_street_style_2025_aecd1a103ccab9eb.jpg,3,#1d191e,0.2142,neutrals
data/latest/images/Seoul_Fashion_Week_street_style_2025_aecd1a103ccab9eb.jpg,4,#684a43,0.17864166666666667,primary/jewel
data/latest/images/Seoul_Fashion_Week_street_style_2025_aecd1a103ccab9eb.jpg,5,#79b8f0,0.05633333333333333,blue/purple
data/latest/images/New_York_Fashion_Week_street_style_2025_f3edf1223fc05897.jpg,1,#161416,0.2653,neutrals
data/latest/images/New_York_Fashion_Week_street_style_2025_f3edf1223fc05897.jpg,2,#d8d2d2,0.20044166666666666,neutrals
data/latest/images/New_York_Fashion_Week_street_style_2025_f3edf1223fc05897.jpg,3,#806b69,0.19370833333333334,primary/jewel
data/latest/images/New_York_Fashion_Week_street_style_2025_f3edf1223fc05897.jpg,4,#4e3c3c,0.18070833333333333,primary/jewel
data/latest/images/New_York_Fashion_Week_street_style_2025_f3edf1223fc05897.jpg,5,#aea1a3,0.15984166666666666,neutrals
data/latest/images/London_Fashion_Week_runway_2025_57b085d335eca7e7.png,1,#7d7169,0.24081666666666668,earth
data/latest/images/London_Fashion_Week_runway_2025_57b085d335eca7e7.png,2,#f1ece9,0.21685833333333332,pastels
data/latest/images/London_Fashion_Week_runway_2025_57b085d335eca7e7.png,3,#c0ac97,0.21420833333333333,earth
data/latest/images/London_Fashion_Week_runway_2025_57b085d335eca7e7.png,4,#151216,0.16420833333333335,neutrals
data/latest/images/London_Fashion_Week_runway_2025_57b085d335eca7e7.png,5,#502e2a,0.16390833333333332,primary/jewel
data/latest/images/Gucci_Fall_2013_runway_50364072a0044468.jpg,1,#0b1319,0.7016166666666667,neutrals
data/latest/images/Gucci_Fall_2013_runway_50364072a0044468.jpg,2,#25222f,0.16263333333333332,blue/purple
data/latest/images/Gucci_Fall_2013_runway_50364072a0044468.jpg,3,#513e54,0.07595,primary/jewel
data/latest/images/Gucci_Fall_2013_runway_50364072a0044468.jpg,4,#7e8199,0.0395,blue/purple
data/latest/images/Gucci_Fall_2013_runway_50364072a0044468.jpg,5,#d5d3e0,0.0203,neutrals
data/latest/images/fashion_campaign_2026_20018bafc4d8c840.jpg,1,#090a0c,0.6127833333333333,neutrals
data/latest/images/fashion_campaign_2026_20018bafc4d8c840.jpg,2,#382b2c,0.112425,primary/jewel
data/latest/images/fashion_campaign_2026_20018bafc4d8c840.jpg,3,#786567,0.102325,primary/jewel
data/latest/images/fashion_campaign_2026_20018bafc4d8c840.jpg,4,#a8a0a6,0.09406666666666667,neutrals
data/latest/images/fashion_campaign_2026_20018bafc4d8c840.jpg,5,#f7f7f7,0.0784,pastels
data/latest/images/fashion_campaign_2026_f2247eeb1cb0a393.jpg,1,#69564b,0.2778583333333333,earth
data/latest/images/fashion_campaign_2026_f2247eeb1cb0a393.jpg,2,#cdbdb9,0.20705833333333334,primary/jewel
data/latest/images/fashion_campaign_2026_f2247eeb1cb0a393.jpg,3,#f5f6f8,0.20551666666666665,pastels
data/latest/images/fashion_campaign_2026_f2247eeb1cb0a393.jpg,4,#927c73,0.2008,earth
data/latest/images/fashion_campaign_2026_f2247eeb1cb0a393.jpg,5,#281d18,0.10876666666666666,neutrals
data/latest/images/Tokyo_Fashion_Week_backstage_2025_427656212026b2a9.jpg,1,#120d16,0.36305,neutrals
data/latest/images/Tokyo_Fashion_Week_backstage_2025_427656212026b2a9.jpg,2,#fafbfc,0.29115,pastels
data/latest/images/Tokyo_Fashion_Week_backstage_2025_427656212026b2a9.jpg,3,#e03529,0.139525,neon
data/latest/images/Tokyo_Fashion_Week_backstage_2025_427656212026b2a9.jpg,4,#47322e,0.135725,primary/jewel
data/latest/images/Tokyo_Fashion_Week_backstage_2025_427656212026b2a9.jpg,5,#b79a9c,0.07055,primary/jewel
data/latest/images/Gucci_Fall_2013_runway_5bb9fd9960bb2c4e.jpg,1,#090a0c,0.6748,neutrals
data/latest/images/Gucci_Fall_2013_runway_5bb9fd9960bb2c4e.jpg,2,#342e24,0.10434166666666667,earth
data/latest/images/Gucci_Fall_2013_runway_5bb9fd9960bb2c4e.jpg,3,#5a5145,0.08845,earth
data/latest/images/Gucci_Fall_2013_runway_5bb9fd9960bb2c4e.jpg,4,#8b7e75,0.0733,earth
data/latest/images/Gucci_Fall_2013_runway_5bb9fd9960bb2c4e.jpg,5,#b9afa8,0.05910833333333333,earth
data/latest/images/Milan_Fashion_Week_runway_2026_fceccd6ec3d216a1.jpg,1,#171312,0.34489166666666665,neutrals
data/latest/images/Milan_Fashion_Week_runway_2026_fceccd6ec3d216a1.jpg,2,#c0b7af,0.24231666666666668,earth
data/latest/images/Milan_Fashion_Week_runway_2026_fceccd6ec3d216a1.jpg,3,#a29285,0.17011666666666667,earth
data/latest/images/Milan_Fashion_Week_runway_2026_fceccd6ec3d216a1.jpg,4,#453632,0.12318333333333334,primary/jewel
data/latest/images/Milan_Fashion_Week_runway_2026_fceccd6ec3d216a1.jpg,5,#756153,0.11949166666666666,earth
data/latest/images/London_Fashion_Week_runway_2025_c0a1f18de0173470.jpg,1,#120e0b,0.3075333333333333,neutrals
data/latest/images/London_Fashion_Week_runway_2025_c0a1f18de0173470.jpg,2,#2e2d2a,0.2947916666666667,earth
data/latest/images/London_Fashion_Week_runway_2025_c0a1f18de0173470.jpg,3,#ccbeac,0.19894166666666666,earth
data/latest/images/London_Fashion_Week_runway_2025_c0a1f18de0173470.jpg,4,#5c564f,0.10915833333333333,earth
data/latest/images/London_Fashion_Week_runway_2025_c0a1f18de0173470.jpg,5,#90887f,0.089575,earth
data/latest/images/Milan_Fashion_Week_runway_2025_796998bba8e1fcf2.jpg,1,#c9cac6,0.276675,neutrals
data/latest/images/Milan_Fashion_Week_runway_2025_796998bba8e1fcf2.jpg,2,#a2a19a,0.21971666666666667,neutrals
data/latest/images/Milan_Fashion_Week_runway_2025_796998bba8e1fcf2.jpg,3,#34312d,0.2045,earth
data/latest/images/Milan_Fashion_Week_runway_2025_796998bba8e1fcf2.jpg,4,#70625b,0.1879,earth
data/latest/images/Milan_Fashion_Week_runway_2025_796998bba8e1fcf2.jpg,5,#161513,0.11120833333333334,neutrals
data/latest/images/Balmain_burgundy_runway_2025_325e14aa15455764.jpg,1,#9d4045,0.36280833333333334,primary/jewel
data/latest/images/Balmain_burgundy_runway_2025_325e14aa15455764.jpg,2,#702d32,0.21076666666666666,primary/jewel
data/latest/images/Balmain_burgundy_runway_2025_325e14aa15455764.jpg,3,#ba6162,0.16429166666666667,primary/jewel
data/latest/images/Balmain_burgundy_runway_2025_325e14aa15455764.jpg,4,#d68e8d,0.13869166666666666,primary/jewel
data/latest/images/Balmain_burgundy_runway_2025_325e14aa15455764.jpg,5,#321517,0.12344166666666667,primary/jewel
data/latest/images/London_Fashion_Week_street_style_2025_20a54908da8f82ed.jpg,1,#6d6e75,0.38598149528293313,neutrals
data/latest/images/London_Fashion_Week_street_style_2025_20a54908da8f82ed.jpg,2,#f1ede3,0.22556486648610327,pastels
data/latest/images/London_Fashion_Week_street_style_2025_20a54908da8f82ed.jpg,3,#b1a19b,0.21033210332103322,earth
data/latest/images/London_Fashion_Week_street_style_2025_20a54908da8f82ed.jpg,4,#232124,0.1208441641066657,neutrals
data/latest/images/London_Fashion_Week_street_style_2025_20a54908da8f82ed.jpg,5,#077e47,0.057277370803264685,green/blue
data/latest/images/Gucci_Fall_2013_runway_5214acea72dead7c.jpg,1,#060d0f,0.6576666666666666,neutrals
data/latest/images/Gucci_Fall_2013_runway_5214acea72dead7c.jpg,2,#1b2128,0.194375,neutrals
data/latest/images/Gucci_Fall_2013_runway_5214acea72dead7c.jpg,3,#443b46,0.09978333333333333,primary/jewel
data/latest/images/Gucci_Fall_2013_runway_5214acea72dead7c.jpg,4,#78828f,0.026083333333333333,blue/purple
data/latest/images/Gucci_Fall_2013_runway_5214acea72dead7c.jpg,5,#ebf1f6,0.022091666666666666,pastels
data/latest/images/leopard_print_runway_1990s_efaed939678a9084.jpg,1,#ad9185,0.238575,earth
data/latest/images/leopard_print_runway_1990s_efaed939678a9084.jpg,2,#d0c0b8,0.20370833333333332,earth
data/latest/images/leopard_print_runway_1990s_efaed939678a9084.jpg,3,#1b1514,0.19411666666666666,neutrals
data/latest/images/leopard_print_runway_1990s_efaed939678a9084.jpg,4,#7a615a,0.19275833333333334,primary/jewel
data/latest/images/leopard_print_runway_1990s_efaed939678a9084.jpg,5,#4a3632,0.17084166666666667,primary/jewel
data/latest/images/Tokyo_Fashion_Week_backstage_2025_fd15d43357a37a94.jpg,1,#06070a,0.4242916666666667,neutrals
data/latest/images/Tokyo_Fashion_Week_backstage_2025_fd15d43357a37a94.jpg,2,#cadae7,0.24190833333333334,pastels
data/latest/images/Tokyo_Fashion_Week_backstage_2025_fd15d43357a37a94.jpg,3,#617484,0.12265833333333333,blue/purple
data/latest/images/Tokyo_Fashion_Week_backstage_2025_fd15d43357a37a94.jpg,4,#313941,0.10698333333333333,blue/purple
data/latest/images/Tokyo_Fashion_Week_backstage_2025_fd15d43357a37a94.jpg,5,#95acbc,0.10415833333333334,blue/purple
data/latest/images/Milan_Fashion_Week_runway_2026_cbc7ab6cca853add.jpg,1,#f3f4f6,0.27760833333333335,pastels
data/latest/images/Milan_Fashion_Week_runway_2026_cbc7ab6cca853add.jpg,2,#69574e,0.248,earth
data/latest/images/Milan_Fashion_Week_runway_2026_cbc7ab6cca853add.jpg,3,#d2c4bd,0.1902,earth
data/latest/images/Milan_Fashion_Week_runway_2026_cbc7ab6cca853add.jpg,4,#98837d,0.18129166666666666,primary/jewel
data/latest/images/Milan_Fashion_Week_runway_2026_cbc7ab6cca853add.jpg,5,#261c19,0.1029,neutrals
data/latest/images/Sydney_Fashion_Week_runway_2025_8fc7e1ae90e06563.jpg,1,#111014,0.30943333333333334,neutrals
data/latest/images/Sydney_Fashion_Week_runway_2025_8fc7e1ae90e06563.jpg,2,#3c2f2e,0.22996666666666668,primary/jewel
data/latest/images/Sydney_Fashion_Week_runway_2025_8fc7e1ae90e06563.jpg,3,#e0d7d1,0.18980833333333333,neutrals
data/latest/images/Sydney_Fashion_Week_runway_2025_8fc7e1ae90e06563.jpg,4,#695e5b,0.16683333333333333,primary/jewel
data/latest/images/Sydney_Fashion_Week_runway_2025_8fc7e1ae90e06563.jpg,5,#a7948a,0.10395833333333333,earth
data/latest/images/Seoul_Fashion_Week_street_style_2025_0e06236d6751a06e.jpg,1,#ccc2b3,0.29396666666666665,earth
data/latest/images/Seoul_Fashion_Week_street_style_2025_0e06236d6751a06e.jpg,2,#091115,0.245875,neutrals
data/latest/images/Seoul_Fashion_Week_street_style_2025_0e06236d6751a06e.jpg,3,#a3a095,0.20694166666666666,earth
data/latest/images/Seoul_Fashion_Week_street_style_2025_0e06236d6751a06e.jpg,4,#7a716a,0.13135,earth
data/latest/images/Seoul_Fashion_Week_street_style_2025_0e06236d6751a06e.jpg,5,#373836,0.12186666666666666,neutrals
data/latest/images/lookbook_fashion_2025_790239ff318494ab.jpg,1,#cbb09e,0.348425,earth
data/latest/images/lookbook_fashion_2025_790239ff318494ab.jpg,2,#53411c,0.21305833333333332,earth
data/latest/images/lookbook_fashion_2025_790239ff318494ab.jpg,3,#eee3de,0.19073333333333334,pastels
data/latest/images/lookbook_fashion_2025_790239ff318494ab.jpg,4,#936f3d,0.12721666666666667,earth
data/latest/images/lookbook_fashion_2025_790239ff318494ab.jpg,5,#221a14,0.12056666666666667,neutrals
data/latest/images/Tokyo_Fashion_Week_runway_2026_59be1d1558b6fde6.jpg,1,#d3c1b4,0.3837,earth
data/latest/images/Tokyo_Fashion_Week_runway_2026_59be1d1558b6fde6.jpg,2,#231716,0.22088333333333332,neutrals
data/latest/images/Tokyo_Fashion_Week_runway_2026_59be1d1558b6fde6.jpg,3,#b69786,0.20736666666666667,earth
data/latest/images/Tokyo_Fashion_Week_runway_2026_59be1d1558b6fde6.jpg,4,#efeff5,0.09573333333333334,pastels
data/latest/images/Tokyo_Fashion_Week_runway_2026_59be1d1558b6fde6.jpg,5,#6f4938,0.09231666666666667,earth
data/latest/images/lookbook_fashion_2026_bb9fcd8e038fa4f5.jpg,1,#eaeaf4,0.45303333333333334,pastels
data/latest/images/lookbook_fashion_2026_bb9fcd8e038fa4f5.jpg,2,#877971,0.23105833333333334,earth
data/latest/images/lookbook_fashion_2026_bb9fcd8e038fa4f5.jpg,3,#cec9d4,0.13300833333333334,neutrals
data/latest/images/lookbook_fashion_2026_bb9fcd8e038fa4f5.jpg,4,#5a504f,0.10285833333333333,primary/jewel
data/latest/images/lookbook_fashion_2026_bb9fcd8e038fa4f5.jpg,5,#261f21,0.08004166666666666,neutrals
data/latest/images/Paris_Fashion_Week_runway_2026_6fa105c5976b62dd.jpg,1,#6e8ce2,0.310975,blue/purple
data/latest/images/Paris_Fashion_Week_runway_2026_6fa105c5976b62dd.jpg,2,#7f7c89,0.3035333333333333,blue/purple
data/latest/images/Paris_Fashion_Week_runway_2026_6fa105c5976b62dd.jpg,3,#384651,0.16053333333333333,blue/purple
data/latest/images/Paris_Fashion_Week_runway_2026_6fa105c5976b62dd.jpg,4,#2157d2,0.113625,neon
data/latest/images/Paris_Fashion_Week_runway_2026_6fa105c5976b62dd.jpg,5,#d9deee,0.11133333333333334,pastels
data/latest/images/Balmain_burgundy_runway_2025_849655ab588f08a8.jpg,1,#cccdcf,0.418075,neutrals
data/latest/images/Balmain_burgundy_runway_2025_849655ab588f08a8.jpg,2,#e1e0e4,0.382775,neutrals
data/latest/images/Balmain_burgundy_runway_2025_849655ab588f08a8.jpg,3,#b07959,0.0693,earth
data/latest/images/Balmain_burgundy_runway_2025_849655ab588f08a8.jpg,4,#973541,0.06921666666666666,primary/jewel
data/latest/images/Balmain_burgundy_runway_2025_849655ab588f08a8.jpg,5,#6b2029,0.06063333333333333,primary/jewel
data/latest/images/London_Fashion_Week_runway_2025_b2906945b1fad4a2.webp,1,#0e1013,0.2819833333333333,neutrals
data/latest/images/London_Fashion_Week_runway_2025_b2906945b1fad4a2.webp,2,#393736,0.2398,neutrals
data/latest/images/London_Fashion_Week_runway_2025_b2906945b1fad4a2.webp,3,#bbc1c5,0.20813333333333334,neutrals
data/latest/images/London_Fashion_Week_runway_2025_b2906945b1fad4a2.webp,4,#00359d,0.18445,blue/purple
data/latest/images/London_Fashion_Week_runway_2025_b2906945b1fad4a2.webp,5,#6b696a,0.08563333333333334,neutrals
data/latest/images/fashion_campaign_2026_6c2833af2a45c4f5.jpg,1,#13191e,0.31250833333333333,neutrals
data/latest/images/fashion_campaign_2026_6c2833af2a45c4f5.jpg,2,#e5e1e4,0.2643583333333333,neutrals
data/latest/images/fashion_campaign_2026_6c2833af2a45c4f5.jpg,3,#ebc58d,0.19954166666666667,earth
data/latest/images/fashion_campaign_2026_6c2833af2a45c4f5.jpg,4,#b8937f,0.12889166666666665,earth
data/latest/images/fashion_campaign_2026_6c2833af2a45c4f5.jpg,5,#795645,0.0947,earth
data/latest/images/vogue_runway_emerald_dress_4b00cde88dde2431.jpg,1,#0e0f0d,0.493375,neutrals
data/latest/images/vogue_runway_emerald_dress_4b00cde88dde2431.jpg,2,#313825,0.17980833333333332,green/blue
data/latest/images/vogue_runway_emerald_dress_4b00cde88dde2431.jpg,3,#47713c,0.135375,green/blue
data/latest/images/vogue_runway_emerald_dress_4b00cde88dde2431.jpg,4,#67be46,0.09625,green/blue
data/latest/images/vogue_runway_emerald_dress_4b00cde88dde2431.jpg,5,#be9a7c,0.09519166666666666,earth
data/latest/images/Copenhagen_Fashion_Week_street_style_2026_a8992111bbef0dba.png,1,#3c3129,0.32656666666666667,earth
data/latest/images/Copenhagen_Fashion_Week_street_style_2026_a8992111bbef0dba.png,2,#695c55,0.214525,earth
data/latest/images/Copenhagen_Fashion_Week_street_style_2026_a8992111bbef0dba.png,3,#a07973,0.170625,primary/jewel
data/latest/images/Copenhagen_Fashion_Week_street_style_2026_a8992111bbef0dba.png,4,#201b1b,0.15380833333333332,neutrals
data/latest/images/Copenhagen_Fashion_Week_street_style_2026_a8992111bbef0dba.png,5,#b3a8ac,0.134475,neutrals
data/latest/images/Chanel_haute_couture_2020_d1807dbb3c2072b4.jpg,1,#a7abae,0.25269166666666665,neutrals
data/latest/images/Chanel_haute_couture_2020_d1807dbb3c2072b4.jpg,2,#475342,0.2238,green/blue
data/latest/images/Chanel_haute_couture_2020_d1807dbb3c2072b4.jpg,3,#ced9e3,0.217325,blue/purple
data/latest/images/Chanel_haute_couture_2020_d1807dbb3c2072b4.jpg,4,#757c77,0.1834,neutrals
data/latest/images/Chanel_haute_couture_2020_d1807dbb3c2072b4.jpg,5,#191e22,0.12278333333333333,neutrals
data/latest/images/vogue_runway_emerald_dress_e7ccfe27bf2033d1.jpg,1,#0f1116,0.27815833333333334,neutrals
data/latest/images/vogue_runway_emerald_dress_e7ccfe27bf2033d1.jpg,2,#659e87,0.20094166666666666,green/blue
data/latest/images/vogue_runway_emerald_dress_e7ccfe27bf2033d1.jpg,3,#78695a,0.18160833333333334,earth
data/latest/images/vogue_runway_emerald_dress_e7ccfe27bf2033d1.jpg,4,#473c37,0.1786,earth
data/latest/images/vogue_runway_emerald_dress_e7ccfe27bf2033d1.jpg,5,#abbbb0,0.16069166666666668,green/blue
data/latest/images/runway_fashion_2025_78fb81c0d591e0a2.jpg,1,#cec2b5,0.24471666666666667,earth
data/latest/images/runway_fashion_2025_78fb81c0d591e0a2.jpg,2,#eeebdf,0.24001666666666666,pastels
data/latest/images/runway_fashion_2025_78fb81c0d591e0a2.jpg,3,#9e8d7e,0.23045833333333332,earth
data/latest/images/runway_fashion_2025_78fb81c0d591e0a2.jpg,4,#705e4f,0.15555833333333333,earth
data/latest/images/runway_fashion_2025_78fb81c0d591e0a2.jpg,5,#26231b,0.12925,neutrals
data/latest/images/lookbook_fashion_2026_d127043d79d55549.jpg,1,#190f09,0.3043666666666667,neutrals
data/latest/images/lookbook_fashion_2026_d127043d79d55549.jpg,2,#4e3320,0.28991666666666666,earth
data/latest/images/lookbook_fashion_2026_d127043d79d55549.jpg,3,#7f573d,0.198125,earth
data/latest/images/lookbook_fashion_2026_d127043d79d55549.jpg,4,#be8b67,0.15649166666666667,earth
data/latest/images/lookbook_fashion_2026_d127043d79d55549.jpg,5,#e9d1ba,0.0511,earth
data/latest/images/runway_backstage_fashion_2025_379c9431a304be66.jpg,1,#170f57,0.47301666666666664,blue/purple
data/latest/images/runway_backstage_fashion_2025_379c9431a304be66.jpg,2,#dfe5e6,0.27400833333333335,pastels
data/latest/images/runway_backstage_fashion_2025_379c9431a304be66.jpg,3,#201e21,0.124775,neutrals
data/latest/images/runway_backstage_fashion_2025_379c9431a304be66.jpg,4,#b9a298,0.07655833333333334,earth
data/latest/images/runway_backstage_fashion_2025_379c9431a304be66.jpg,5,#735a51,0.05164166666666667,earth
data/latest/images/vogue_runway_emerald_dress_04cf3799b683f372.jpg,1,#a39a87,0.27505833333333335,earth
data/latest/images/vogue_runway_emerald_dress_04cf3799b683f372.jpg,2,#0d0b09,0.2723,neutrals
data/latest/images/vogue_runway_emerald_dress_04cf3799b683f372.jpg,3,#1a452f,0.20518333333333333,green/blue
data/latest/images/vogue_runway_emerald_dress_04cf3799b683f372.jpg,4,#cdc7ba,0.13131666666666666,earth
data/latest/images/vogue_runway_emerald_dress_04cf3799b683f372.jpg,5,#6c5f51,0.11614166666666667,earth
data/latest/images/vogue_runway_emerald_dress_1047b58fd4311c97.jpg,1,#faf3f3,0.29423333333333335,pastels
data/latest/images/vogue_runway_emerald_dress_1047b58fd4311c97.jpg,2,#161513,0.26795,neutrals
data/latest/images/vogue_runway_emerald_dress_1047b58fd4311c97.jpg,3,#dbc1bf,0.20834166666666668,primary/jewel
data/latest/images/vogue_runway_emerald_dress_1047b58fd4311c97.jpg,4,#3e3c39,0.14390833333333333,earth
data/latest/images/vogue_runway_emerald_dress_1047b58fd4311c97.jpg,5,#9b7d73,0.08556666666666667,earth
data/latest/images/Balmain_burgundy_runway_2025_47b8f1e880d5c8c3.jpg,1,#e7e4e9,0.4616,pastels
data/latest/images/Balmain_burgundy_runway_2025_47b8f1e880d5c8c3.jpg,2,#d2d1d3,0.363175,neutrals
data/latest/images/Balmain_burgundy_runway_2025_47b8f1e880d5c8c3.jpg,3,#5d453d,0.09005833333333334,earth
data/latest/images/Balmain_burgundy_runway_2025_47b8f1e880d5c8c3.jpg,4,#2b2627,0.06778333333333333,neutrals
data/latest/images/Balmain_burgundy_runway_2025_47b8f1e880d5c8c3.jpg,5,#988361,0.017383333333333334,earth
data/latest/images/runway_fashion_2025_4dbf11698f58212b.jpg,1,#e9ebeb,0.7594666666666666,pastels
data/latest/images/runway_fashion_2025_4dbf11698f58212b.jpg,2,#282021,0.110125,neutrals
data/latest/images/runway_fashion_2025_4dbf11698f58212b.jpg,3,#cc9e86,0.05046666666666667,earth
data/latest/images/runway_fashion_2025_4dbf11698f58212b.jpg,4,#605450,0.043866666666666665,earth
data/latest/images/runway_fashion_2025_4dbf11698f58212b.jpg,5,#b4362a,0.036075,neon
data/latest/images/lookbook_fashion_2026_f4c0ddba43e150ec.jpg,1,#aeaeb8,0.36440833333333333,neutrals
data/latest/images/lookbook_fashion_2026_f4c0ddba43e150ec.jpg,2,#cecdd5,0.322325,neutrals
data/latest/images/lookbook_fashion_2026_f4c0ddba43e150ec.jpg,3,#3b2e3b,0.14033333333333334,primary/jewel
data/latest/images/lookbook_fashion_2026_f4c0ddba43e150ec.jpg,4,#6e6272,0.1166,primary/jewel
data/latest/images/lookbook_fashion_2026_f4c0ddba43e150ec.jpg,5,#c04d6c,0.05633333333333333,primary/jewel
data/latest/images/Los_Angeles_Fashion_Week_backstage_2026_52cfc956da81b18e.jpg,1,#2a1f19,0.3398,neutrals
data/latest/images/Los_Angeles_Fashion_Week_backstage_2026_52cfc956da81b18e.jpg,2,#b1b2b7,0.27985,neutrals
data/latest/images/Los_Angeles_Fashion_Week_backstage_2026_52cfc956da81b18e.jpg,3,#61554a,0.174525,earth
data/latest/images/Los_Angeles_Fashion_Week_backstage_2026_52cfc956da81b18e.jpg,4,#8a8681,0.16369166666666668,neutrals
data/latest/images/Los_Angeles_Fashion_Week_backstage_2026_52cfc956da81b18e.jpg,5,#f5f5f1,0.042133333333333335,pastels
data/latest/images/vogue_runway_emerald_dress_2bea8175f7899c76.webp,1,#b1b7b8,0.42899166666666666,neutrals
data/latest/images/vogue_runway_emerald_dress_2bea8175f7899c76.webp,2,#d6dadb,0.285025,neutrals
data/latest/images/vogue_runway_emerald_dress_2bea8175f7899c76.webp,3,#598c73,0.120375,green/blue
data/latest/images/vogue_runway_emerald_dress_2bea8175f7899c76.webp,4,#06130c,0.08710833333333333,neutrals
data/latest/images/vogue_runway_emerald_dress_2bea8175f7899c76.webp,5,#114a2e,0.0785,green/blue
data/latest/images/lookbook_fashion_2026_ec8f5a683f2696fa.jpg,1,#ebe7e4,0.3909916666666667,pastels
data/latest/images/lookbook_fashion_2026_ec8f5a683f2696fa.jpg,2,#715e55,0.23995,earth
data/latest/images/lookbook_fashion_2026_ec8f5a683f2696fa.jpg,3,#b19d9a,0.18910833333333332,primary/jewel
data/latest/images/lookbook_fashion_2026_ec8f5a683f2696fa.jpg,4,#1e1818,0.14108333333333334,neutrals
data/latest/images/lookbook_fashion_2026_ec8f5a683f2696fa.jpg,5,#df3936,0.03886666666666667,neon
data/latest/images/Seoul_Fashion_Week_street_style_2025_eddd00d066b04953.webp,1,#a9a196,0.5374916666666667,earth
data/latest/images/Seoul_Fashion_Week_street_style_2025_eddd00d066b04953.webp,2,#e2d0c8,0.15656666666666666,earth
data/latest/images/Seoul_Fashion_Week_street_style_2025_eddd00d066b04953.webp,3,#9a7566,0.12725833333333333,earth
data/latest/images/Seoul_Fashion_Week_street_style_2025_eddd00d066b04953.webp,4,#222024,0.09363333333333333,neutrals
data/latest/images/Seoul_Fashion_Week_street_style_2025_eddd00d066b04953.webp,5,#524646,0.08505,primary/jewel
data/latest/images/London_Fashion_Week_street_style_2025_155ed4876e415e58.webp,1,#ad9788,0.35628333333333334,earth
data/latest/images/London_Fashion_Week_street_style_2025_155ed4876e415e58.webp,2,#886856,0.2641833333333333,earth
data/latest/images/London_Fashion_Week_street_style_2025_155ed4876e415e58.webp,3,#d8d0c6,0.18984166666666666,earth
data/latest/images/London_Fashion_Week_street_style_2025_155ed4876e415e58.webp,4,#211f21,0.16476666666666667,neutrals
data/latest/images/London_Fashion_Week_street_style_2025_155ed4876e415e58.webp,5,#2447a7,0.024925,blue/purple
data/latest/images/leopard_print_runway_1990s_678d24bf4be77a1c.jpg,1,#130f12,0.46458333333333335,neutrals
data/latest/images/leopard_print_runway_1990s_678d24bf4be77a1c.jpg,2,#412317,0.1572,earth
data/latest/images/leopard_print_runway_1990s_678d24bf4be77a1c.jpg,3,#71462c,0.151675,earth
data/latest/images/leopard_print_runway_1990s_678d24bf4be77a1c.jpg,4,#9a7958,0.14323333333333332,earth
data/latest/images/leopard_print_runway_1990s_678d24bf4be77a1c.jpg,5,#cdb69a,0.08330833333333333,earth
data/latest/images/runway_backstage_fashion_2025_d67886a261d3a3d9.png,1,#0f0a09,0.4408166666666667,neutrals
data/latest/images/runway_backstage_fashion_2025_d67886a261d3a3d9.png,2,#2a241f,0.381875,neutrals
data/latest/images/runway_backstage_fashion_2025_d67886a261d3a3d9.png,3,#54473f,0.12568333333333334,earth
data/latest/images/runway_backstage_fashion_2025_d67886a261d3a3d9.png,4,#a89c90,0.029983333333333334,earth
data/latest/images/runway_backstage_fashion_2025_d67886a261d3a3d9.png,5,#704d9e,0.021641666666666667,jewel
data/latest/images/Seoul_Fashion_Week_backstage_2026_4028792ab1e39c00.jpg,1,#484549,0.4163833333333333,neutrals
data/latest/images/Seoul_Fashion_Week_backstage_2026_4028792ab1e39c00.jpg,2,#5f5c64,0.25726666666666664,neutrals
data/latest/images/Seoul_Fashion_Week_backstage_2026_4028792ab1e39c00.jpg,3,#bcc0d1,0.187,blue/purple
data/latest/images/Seoul_Fashion_Week_backstage_2026_4028792ab1e39c00.jpg,4,#8f96b3,0.07259166666666667,blue/purple
data/latest/images/Seoul_Fashion_Week_backstage_2026_4028792ab1e39c00.jpg,5,#0d164b,0.06675833333333334,blue/purple
data/latest/images/Paris_Fashion_Week_runway_2026_7f30b72b703b6891.jpg,1,#eef0f4,0.4728,pastels
data/latest/images/Paris_Fashion_Week_runway_2026_7f30b72b703b6891.jpg,2,#c4acaf,0.16799166666666668,primary/jewel
data/latest/images/Paris_Fashion_Week_runway_2026_7f30b72b703b6891.jpg,3,#a07d7a,0.161075,primary/jewel
data/latest/images/Paris_Fashion_Week_runway_2026_7f30b72b703b6891.jpg,4,#624842,0.1024,primary/jewel
data/latest/images/Paris_Fashion_Week_runway_2026_7f30b72b703b6891.jpg,5,#ba3d6c,0.09573333333333334,primary/jewel
data/latest/images/Copenhagen_Fashion_Week_street_style_2026_6520b4a02d2a9241.png,1,#75685b,0.2945833333333333,earth
data/latest/images/Copenhagen_Fashion_Week_street_style_2026_6520b4a02d2a9241.png,2,#332722,0.258075,earth
data/latest/images/Copenhagen_Fashion_Week_street_style_2026_6520b4a02d2a9241.png,3,#594e47,0.17174166666666665,earth
data/latest/images/Copenhagen_Fashion_Week_street_style_2026_6520b4a02d2a9241.png,4,#a67e75,0.16655,primary/jewel
data/latest/images/Copenhagen_Fashion_Week_street_style_2026_6520b4a02d2a9241.png,5,#bfaaab,0.10905,primary/jewel
data/latest/images/Sydney_Fashion_Week_backstage_2025_ab9c8c52f28a4731.jpg,1,#2d2f2e,0.3177583333333333,neutrals
data/latest/images/Sydney_Fashion_Week_backstage_2025_ab9c8c52f28a4731.jpg,2,#1c1e1d,0.30015,neutrals
data/latest/images/Sydney_Fashion_Week_backstage_2025_ab9c8c52f28a4731.jpg,3,#4a4947,0.21926666666666667,neutrals
data/latest/images/Sydney_Fashion_Week_backstage_2025_ab9c8c52f28a4731.jpg,4,#887a78,0.0922,primary/jewel
data/latest/images/Sydney_Fashion_Week_backstage_2025_ab9c8c52f28a4731.jpg,5,#c1b7aa,0.070625,earth
data/latest/images/fashion_campaign_2026_2abb00100691fbb2.jpg,1,#e2ded7,0.46735,neutrals
data/latest/images/fashion_campaign_2026_2abb00100691fbb2.jpg,2,#5c4b3d,0.25290833333333335,earth
data/latest/images/fashion_campaign_2026_2abb00100691fbb2.jpg,3,#1c1512,0.14750833333333332,neutrals
data/latest/images/fashion_campaign_2026_2abb00100691fbb2.jpg,4,#a99d8f,0.08229166666666667,earth
data/latest/images/fashion_campaign_2026_2abb00100691fbb2.jpg,5,#e5ba4e,0.04994166666666667,earth
data/latest/images/editorial_fashion_2025_84057ee18e13d87d.webp,1,#1c253a,0.37861666666666666,blue/purple
data/latest/images/editorial_fashion_2025_84057ee18e13d87d.webp,2,#313d58,0.2846166666666667,blue/purple
data/latest/images/editorial_fashion_2025_84057ee18e13d87d.webp,3,#58637f,0.13750833333333334,blue/purple
data/latest/images/editorial_fashion_2025_84057ee18e13d87d.webp,4,#9599aa,0.10621666666666667,blue/purple
data/latest/images/editorial_fashion_2025_84057ee18e13d87d.webp,5,#d0d8dc,0.09304166666666666,neutrals
data/latest/images/Milan_Fashion_Week_runway_2026_8b6c36aee74b957d.jpg,1,#0a0a0a,0.455925,neutrals
data/latest/images/Milan_Fashion_Week_runway_2026_8b6c36aee74b957d.jpg,2,#8b8072,0.17966666666666667,earth
data/latest/images/Milan_Fashion_Week_runway_2026_8b6c36aee74b957d.jpg,3,#2e2928,0.13779166666666667,primary/jewel
data/latest/images/Milan_Fashion_Week_runway_2026_8b6c36aee74b957d.jpg,4,#afa699,0.1306,earth
data/latest/images/Milan_Fashion_Week_runway_2026_8b6c36aee74b957d.jpg,5,#614f4b,0.09601666666666667,primary/jewel
data/latest/images/fashion_campaign_2026_f331f654c62d9373.jpg,1,#a5907f,0.30170833333333336,earth
data/latest/images/fashion_campaign_2026_f331f654c62d9373.jpg,2,#bbaa9b,0.24955,earth
data/latest/images/fashion_campaign_2026_f331f654c62d9373.jpg,3,#101010,0.203925,neutrals
data/latest/images/fashion_campaign_2026_f331f654c62d9373.jpg,4,#89705b,0.188575,earth
data/latest/images/fashion_campaign_2026_f331f654c62d9373.jpg,5,#633b21,0.05624166666666667,earth
data/latest/images/Seoul_Fashion_Week_backstage_2026_3bb70a056cdb3289.jpg,1,#5b5061,0.28689166666666666,jewel
data/latest/images/Seoul_Fashion_Week_backstage_2026_3bb70a056cdb3289.jpg,2,#2d2233,0.23510833333333334,jewel
data/latest/images/Seoul_Fashion_Week_backstage_2026_3bb70a056cdb3289.jpg,3,#b9b3c8,0.17083333333333334,jewel
data/latest/images/Seoul_Fashion_Week_backstage_2026_3bb70a056cdb3289.jpg,4,#8f8a9e,0.15441666666666667,jewel
data/latest/images/Seoul_Fashion_Week_backstage_2026_3bb70a056cdb3289.jpg,5,#0e0b15,0.15275,neutrals
data/latest/images/leopard_print_runway_1990s_ceb93fc912ebe2f8.jpg,1,#f7fbfc,0.413575,pastels
data/latest/images/leopard_print_runway_1990s_ceb93fc912ebe2f8.jpg,2,#c5b9ac,0.16235833333333333,earth
data/latest/images/leopard_print_runway_1990s_ceb93fc912ebe2f8.jpg,3,#1f1713,0.15444166666666667,neutrals
data/latest/images/leopard_print_runway_1990s_ceb93fc912ebe2f8.jpg,4,#604532,0.13996666666666666,earth
data/latest/images/leopard_print_runway_1990s_ceb93fc912ebe2f8.jpg,5,#a27a58,0.12965833333333332,earth
data/latest/images/Milan_Fashion_Week_runway_2025_5955c1f78359b4d8.jpg,1,#c8b38d,0.32964166666666667,earth
data/latest/images/Milan_Fashion_Week_runway_2025_5955c1f78359b4d8.jpg,2,#231f1a,0.1863,neutrals
data/latest/images/Milan_Fashion_Week_runway_2025_5955c1f78359b4d8.jpg,3,#deeae5,0.18475833333333333,pastels
data/latest/images/Milan_Fashion_Week_runway_2025_5955c1f78359b4d8.jpg,4,#8cbedb,0.18409166666666665,blue/purple
data/latest/images/Milan_Fashion_Week_runway_2025_5955c1f78359b4d8.jpg,5,#7f6c4f,0.11520833333333333,earth
data/latest/images/fashion_campaign_2026_a4236fa37858d700.jpg,1,#acaeae,0.36104166666666665,neutrals
data/latest/images/fashion_campaign_2026_a4236fa37858d700.jpg,2,#c5c8c7,0.30475833333333335,neutrals
data/latest/images/fashion_campaign_2026_a4236fa37858d700.jpg,3,#0b0b0b,0.127975,neutrals
data/latest/images/fashion_campaign_2026_a4236fa37858d700.jpg,4,#838685,0.11380833333333333,neutrals
data/latest/images/fashion_campaign_2026_a4236fa37858d700.jpg,5,#3f3f3f,0.09241666666666666,neutrals
data/latest/images/London_Fashion_Week_street_style_2025_0a8e4090bf806a2d.jpg,1,#a05742,0.3190625,primary/jewel
data/latest/images/London_Fashion_Week_street_style_2025_0a8e4090bf806a2d.jpg,2,#1e1a15,0.20837890625,neutrals
data/latest/images/London_Fashion_Week_street_style_2025_0a8e4090bf806a2d.jpg,3,#693c2e,0.19640625,primary/jewel
data/latest/images/London_Fashion_Week_street_style_2025_0a8e4090bf806a2d.jpg,4,#8f7e79,0.164111328125,primary/jewel
data/latest/images/London_Fashion_Week_street_style_2025_0a8e4090bf806a2d.jpg,5,#b4a7a2,0.112041015625,earth
data/latest/images/New_York_Fashion_Week_runway_2025_55943a58214a6e2e.jpg,1,#4e443e,0.29584166666666667,earth
data/latest/images/New_York_Fashion_Week_runway_2025_55943a58214a6e2e.jpg,2,#2f2a28,0.2768083333333333,earth
data/latest/images/New_York_Fashion_Week_runway_2025_55943a58214a6e2e.jpg,3,#c7bcb5,0.17640833333333333,earth
data/latest/images/New_York_Fashion_Week_runway_2025_55943a58214a6e2e.jpg,4,#141315,0.13418333333333332,neutrals
data/latest/images/New_York_Fashion_Week_runway_2025_55943a58214a6e2e.jpg,5,#90766e,0.11675833333333334,primary/jewel
data/latest/images/leopard_print_runway_1990s_0d11c3923356a5d9.jpg,1,#120d0c,0.3156333333333333,neutrals
data/latest/images/leopard_print_runway_1990s_0d11c3923356a5d9.jpg,2,#422213,0.2134,earth
data/latest/images/leopard_print_runway_1990s_0d11c3923356a5d9.jpg,3,#674227,0.21279166666666666,earth
data/latest/images/leopard_print_runway_1990s_0d11c3923356a5d9.jpg,4,#8c6748,0.16605,earth
data/latest/images/leopard_print_runway_1990s_0d11c3923356a5d9.jpg,5,#b29881,0.092125,earth
data/latest/images/London_Fashion_Week_runway_2025_10b211d11c1aeed8.jpg,1,#3ba4c6,0.25698333333333334,neon
data/latest/images/London_Fashion_Week_runway_2025_10b211d11c1aeed8.jpg,2,#dbdfe6,0.21903333333333333,pastels
data/latest/images/London_Fashion_Week_runway_2025_10b211d11c1aeed8.jpg,3,#716c71,0.20345833333333332,neutrals
data/latest/images/London_Fashion_Week_runway_2025_10b211d11c1aeed8.jpg,4,#131217,0.1759,neutrals
data/latest/images/London_Fashion_Week_runway_2025_10b211d11c1aeed8.jpg,5,#524b4e,0.144625,primary/jewel
data/latest/images/Copenhagen_Fashion_Week_street_style_2026_831bc3c8a2a10fec.jpg,1,#aa9183,0.37751666666666667,earth
data/latest/images/Copenhagen_Fashion_Week_street_style_2026_831bc3c8a2a10fec.jpg,2,#726359,0.2104,earth
data/latest/images/Copenhagen_Fashion_Week_street_style_2026_831bc3c8a2a10fec.jpg,3,#0f1615,0.17089166666666666,neutrals
data/latest/images/Copenhagen_Fashion_Week_street_style_2026_831bc3c8a2a10fec.jpg,4,#473f37,0.1234,earth
data/latest/images/Copenhagen_Fashion_Week_street_style_2026_831bc3c8a2a10fec.jpg,5,#ccced5,0.11779166666666667,neutrals
data/latest/images/Tokyo_Fashion_Week_backstage_2025_d5a81a5ec67e09f0.jpg,1,#0a0a0a,0.5428833333333334,neutrals
data/latest/images/Tokyo_Fashion_Week_backstage_2025_d5a81a5ec67e09f0.jpg,2,#332d2f,0.2228,primary/jewel
data/latest/images/Tokyo_Fashion_Week_backstage_2025_d5a81a5ec67e09f0.jpg,3,#c0a889,0.08985,earth
data/latest/images/Tokyo_Fashion_Week_backstage_2025_d5a81a5ec67e09f0.jpg,4,#715e40,0.08720833333333333,earth
data/latest/images/Tokyo_Fashion_Week_backstage_2025_d5a81a5ec67e09f0.jpg,5,#625c8d,0.057258333333333335,blue/purple
data/latest/images/New_York_Fashion_Week_runway_2025_aba937113d2406ef.jpg,1,#302825,0.32663333333333333,earth
data/latest/images/New_York_Fashion_Week_runway_2025_aba937113d2406ef.jpg,2,#4c433d,0.2932166666666667,earth
data/latest/images/New_York_Fashion_Week_runway_2025_aba937113d2406ef.jpg,3,#120f10,0.15790833333333334,neutrals
data/latest/images/New_York_Fashion_Week_runway_2025_aba937113d2406ef.jpg,4,#bfbebc,0.12420833333333334,neutrals
data/latest/images/New_York_Fashion_Week_runway_2025_aba937113d2406ef.jpg,5,#8e7370,0.09803333333333333,primary/jewel
data/latest/images/leopard_print_runway_1990s_88d8042c3825a0d9.jpg,1,#6b493f,0.33355,primary/jewel
data/latest/images/leopard_print_runway_1990s_88d8042c3825a0d9.jpg,2,#a0624c,0.19088333333333332,earth
data/latest/images/leopard_print_runway_1990s_88d8042c3825a0d9.jpg,3,#3b3028,0.17789166666666667,earth
data/latest/images/leopard_print_runway_1990s_88d8042c3825a0d9.jpg,4,#818467,0.15969166666666668,earth
data/latest/images/leopard_print_runway_1990s_88d8042c3825a0d9.jpg,5,#b1b990,0.13798333333333335,earth
data/latest/images/runway_fashion_2025_05be84076fb58aee.jpg,1,#160f0a,0.27915833333333334,neutrals
data/latest/images/runway_fashion_2025_05be84076fb58aee.jpg,2,#38261a,0.20454166666666668,earth
data/latest/images/runway_fashion_2025_05be84076fb58aee.jpg,3,#895d45,0.18281666666666666,earth
data/latest/images/runway_fashion_2025_05be84076fb58aee.jpg,4,#b48f79,0.178675,earth
data/latest/images/runway_fashion_2025_05be84076fb58aee.jpg,5,#d8cfc7,0.15480833333333333,neutrals
data/latest/images/Paris_Fashion_Week_runway_2026_0f97f3138f74d192.jpg,1,#1f1a14,0.297375,neutrals
data/latest/images/Paris_Fashion_Week_runway_2026_0f97f3138f74d192.jpg,2,#373226,0.2618666666666667,earth
data/latest/images/Paris_Fashion_Week_runway_2026_0f97f3138f74d192.jpg,3,#5a503e,0.18161666666666668,earth
data/latest/images/Paris_Fashion_Week_runway_2026_0f97f3138f74d192.jpg,4,#85775a,0.14381666666666668,earth
data/latest/images/Paris_Fashion_Week_runway_2026_0f97f3138f74d192.jpg,5,#b6ac97,0.115325,earth
data/latest/images/Balmain_burgundy_runway_2025_c322ba6371b0d947.jpg,1,#a07f6c,0.33036666666666664,earth
data/latest/images/Balmain_burgundy_runway_2025_c322ba6371b0d947.jpg,2,#b59685,0.2712583333333333,earth
data/latest/images/Balmain_burgundy_runway_2025_c322ba6371b0d947.jpg,3,#825f50,0.20083333333333334,earth
data/latest/images/Balmain_burgundy_runway_2025_c322ba6371b0d947.jpg,4,#5c3a31,0.10731666666666667,primary/jewel
data/latest/images/Balmain_burgundy_runway_2025_c322ba6371b0d947.jpg,5,#241b1b,0.090225,neutrals
data/latest/images/Paris_Fashion_Week_runway_2026_c00cf16e5be5bb3a.jpg,1,#f6fbfe,0.8613,pastels
data/latest/images/Paris_Fashion_Week_runway_2026_c00cf16e5be5bb3a.jpg,2,#e1dfdc,0.07074166666666666,neutrals
data/latest/images/Paris_Fashion_Week_runway_2026_c00cf16e5be5bb3a.jpg,3,#846164,0.025216666666666665,primary/jewel
data/latest/images/Paris_Fashion_Week_runway_2026_c00cf16e5be5bb3a.jpg,4,#4b4144,0.021991666666666666,primary/jewel
data/latest/images/Paris_Fashion_Week_runway_2026_c00cf16e5be5bb3a.jpg,5,#c493a2,0.02075,primary/jewel
data/latest/images/New_York_Fashion_Week_street_style_2025_ff0ccf905f678583.jpg,1,#899599,0.316575,blue/purple
data/latest/images/New_York_Fashion_Week_street_style_2025_ff0ccf905f678583.jpg,2,#6a7d80,0.287375,blue/purple
data/latest/images/New_York_Fashion_Week_street_style_2025_ff0ccf905f678583.jpg,3,#161d27,0.15565833333333334,neutrals
data/latest/images/New_York_Fashion_Week_street_style_2025_ff0ccf905f678583.jpg,4,#acacac,0.13451666666666667,neutrals
data/latest/images/New_York_Fashion_Week_street_style_2025_ff0ccf905f678583.jpg,5,#3d4152,0.105875,blue/purple
data/latest/images/lookbook_fashion_2025_0f9a87172c6b895d.jpg,1,#07090b,0.5776,neutrals
data/latest/images/lookbook_fashion_2025_0f9a87172c6b895d.jpg,2,#242221,0.25096666666666667,neutrals
data/latest/images/lookbook_fashion_2025_0f9a87172c6b895d.jpg,3,#867a76,0.080075,earth
data/latest/images/lookbook_fashion_2025_0f9a87172c6b895d.jpg,4,#4a4442,0.079575,earth
data/latest/images/lookbook_fashion_2025_0f9a87172c6b895d.jpg,5,#ded8d3,0.011783333333333333,neutrals
data/latest/images/Seoul_Fashion_Week_runway_2026_7c70b40210e076cd.jpg,1,#1a293d,0.4049,blue/purple
data/latest/images/Seoul_Fashion_Week_runway_2026_7c70b40210e076cd.jpg,2,#080d14,0.3975666666666667,neutrals
data/latest/images/Seoul_Fashion_Week_runway_2026_7c70b40210e076cd.jpg,3,#584b47,0.070075,primary/jewel
data/latest/images/Seoul_Fashion_Week_runway_2026_7c70b40210e076cd.jpg,4,#907e6f,0.065375,earth
data/latest/images/Seoul_Fashion_Week_runway_2026_7c70b40210e076cd.jpg,5,#c7cacb,0.06208333333333333,neutrals
data/latest/images/Sydney_Fashion_Week_backstage_2025_8ea6a3a72bd547b9.jpg,1,#0d0f13,0.3792333333333333,neutrals
data/latest/images/Sydney_Fashion_Week_backstage_2025_8ea6a3a72bd547b9.jpg,2,#2d2c30,0.20811666666666667,jewel
data/latest/images/Sydney_Fashion_Week_backstage_2025_8ea6a3a72bd547b9.jpg,3,#9490b3,0.17796666666666666,blue/purple
data/latest/images/Sydney_Fashion_Week_backstage_2025_8ea6a3a72bd547b9.jpg,4,#6e595b,0.12121666666666667,primary/jewel
data/latest/images/Sydney_Fashion_Week_backstage_2025_8ea6a3a72bd547b9.jpg,5,#d4d2cf,0.11346666666666666,neutrals
data/latest/images/New_York_Fashion_Week_runway_2025_f61d5eb90caea36d.jpg,1,#e5ecf9,0.51795,pastels
data/latest/images/New_York_Fashion_Week_runway_2025_f61d5eb90caea36d.jpg,2,#d6dced,0.30505,pastels
data/latest/images/New_York_Fashion_Week_runway_2025_f61d5eb90caea36d.jpg,3,#c1c1cd,0.09594166666666666,neutrals
data/latest/images/New_York_Fashion_Week_runway_2025_f61d5eb90caea36d.jpg,4,#ac8078,0.04605833333333333,primary/jewel
data/latest/images/New_York_Fashion_Week_runway_2025_f61d5eb90caea36d.jpg,5,#5a4d4f,0.035,primary/jewel
data/latest/images/Seoul_Fashion_Week_street_style_2025_ccc341fc8a7fb8c1.png,1,#d2d6d9,0.288075,neutrals
data/latest/images/Seoul_Fashion_Week_street_style_2025_ccc341fc8a7fb8c1.png,2,#192020,0.23893333333333333,neutrals
data/latest/images/Seoul_Fashion_Week_street_style_2025_ccc341fc8a7fb8c1.png,3,#adaeac,0.19964166666666666,neutrals
data/latest/images/Seoul_Fashion_Week_street_style_2025_ccc341fc8a7fb8c1.png,4,#40403b,0.13808333333333334,neutrals
data/latest/images/Seoul_Fashion_Week_street_style_2025_ccc341fc8a7fb8c1.png,5,#7c756a,0.13526666666666667,earth
data/latest/images/Copenhagen_Fashion_Week_street_style_2026_6c37134515d25060.jpg,1,#ae8b72,0.2650416666666667,earth
data/latest/images/Copenhagen_Fashion_Week_street_style_2026_6c37134515d25060.jpg,2,#866954,0.23800833333333332,earth
data/latest/images/Copenhagen_Fashion_Week_street_style_2026_6c37134515d25060.jpg,3,#d5c5bb,0.21515833333333334,earth
data/latest/images/Copenhagen_Fashion_Week_street_style_2026_6c37134515d25060.jpg,4,#553b2c,0.15470833333333334,earth
data/latest/images/Copenhagen_Fashion_Week_street_style_2026_6c37134515d25060.jpg,5,#171510,0.12708333333333333,neutrals
data/latest/images/Sydney_Fashion_Week_backstage_2025_aca3abdf9c426f7d.png,1,#20191d,0.337625,neutrals
data/latest/images/Sydney_Fashion_Week_backstage_2025_aca3abdf9c426f7d.png,2,#dec8b6,0.20444166666666666,earth
data/latest/images/Sydney_Fashion_Week_backstage_2025_aca3abdf9c426f7d.png,3,#3366af,0.17243333333333333,blue/purple
data/latest/images/Sydney_Fashion_Week_backstage_2025_aca3abdf9c426f7d.png,4,#925242,0.14314166666666667,primary/jewel
data/latest/images/Sydney_Fashion_Week_backstage_2025_aca3abdf9c426f7d.png,5,#68a3d2,0.14235833333333334,blue/purple
data/latest/images/runway_fashion_2025_347e4e00e9e1c5ce.jpg,1,#cfc5c4,0.493275,neutrals
data/latest/images/runway_fashion_2025_347e4e00e9e1c5ce.jpg,2,#848e7b,0.17249166666666665,green/blue
data/latest/images/runway_fashion_2025_347e4e00e9e1c5ce.jpg,3,#e1edee,0.1162,pastels
data/latest/images/runway_fashion_2025_347e4e00e9e1c5ce.jpg,4,#171619,0.11185,neutrals
data/latest/images/runway_fashion_2025_347e4e00e9e1c5ce.jpg,5,#4e5247,0.10618333333333334,green/blue
data/latest/images/Tokyo_Fashion_Week_backstage_2025_5759fbb463584c88.jpg,1,#413940,0.2785416666666667,primary/jewel
data/latest/images/Tokyo_Fashion_Week_backstage_2025_5759fbb463584c88.jpg,2,#181517,0.20824166666666666,neutrals
data/latest/images/Tokyo_Fashion_Week_backstage_2025_5759fbb463584c88.jpg,3,#e6d7c4,0.2014,pastels
data/latest/images/Tokyo_Fashion_Week_backstage_2025_5759fbb463584c88.jpg,4,#bba795,0.18035833333333334,earth
data/latest/images/Tokyo_Fashion_Week_backstage_2025_5759fbb463584c88.jpg,5,#72646b,0.13145833333333334,primary/jewel
data/latest/images/New_York_Fashion_Week_runway_2025_8553a02d9b03330a.jpg,1,#0b0b0b,0.3812333333333333,neutrals
data/latest/images/New_York_Fashion_Week_runway_2025_8553a02d9b03330a.jpg,2,#262729,0.2781666666666667,neutrals
data/latest/images/New_York_Fashion_Week_runway_2025_8553a02d9b03330a.jpg,3,#434142,0.22758333333333333,neutrals
data/latest/images/New_York_Fashion_Week_runway_2025_8553a02d9b03330a.jpg,4,#9f8178,0.07121666666666666,primary/jewel
data/latest/images/New_York_Fashion_Week_runway_2025_8553a02d9b03330a.jpg,5,#c0ccd8,0.0418,blue/purple
data/latest/images/London_Fashion_Week_runway_2025_c5fe729c96cba148.jpg,1,#575965,0.3227333333333333,blue/purple
data/latest/images/London_Fashion_Week_runway_2025_c5fe729c96cba148.jpg,2,#e6e7ef,0.3198666666666667,pastels
data/latest/images/London_Fashion_Week_runway_2025_c5fe729c96cba148.jpg,3,#757886,0.278,blue/purple
data/latest/images/London_Fashion_Week_runway_2025_c5fe729c96cba148.jpg,4,#373137,0.041008333333333334,primary/jewel
data/latest/images/London_Fashion_Week_runway_2025_c5fe729c96cba148.jpg,5,#7dadc4,0.038391666666666664,blue/purple
data/latest/images/vogue_runway_emerald_dress_dd9fd88bcf1a639c.jpg,1,#848157,0.29694166666666666,earth
data/latest/images/vogue_runway_emerald_dress_dd9fd88bcf1a639c.jpg,2,#5b5c34,0.23133333333333334,earth
data/latest/images/vogue_runway_emerald_dress_dd9fd88bcf1a639c.jpg,3,#b8ad94,0.229425,earth
data/latest/images/vogue_runway_emerald_dress_dd9fd88bcf1a639c.jpg,4,#e8ebdc,0.16430833333333333,pastels
data/latest/images/vogue_runway_emerald_dress_dd9fd88bcf1a639c.jpg,5,#272820,0.07799166666666667,neutrals
data/latest/images/runway_backstage_fashion_2025_d5a81a5ec67e09f0.jpg,1,#0a0a0a,0.5428833333333334,neutrals
data/latest/images/runway_backstage_fashion_2025_d5a81a5ec67e09f0.jpg,2,#332d2f,0.2228,primary/jewel
data/latest/images/runway_backstage_fashion_2025_d5a81a5ec67e09f0.jpg,3,#c0a889,0.08985,earth
data/latest/images/runway_backstage_fashion_2025_d5a81a5ec67e09f0.jpg,4,#715e40,0.08720833333333333,earth
data/latest/images/runway_backstage_fashion_2025_d5a81a5ec67e09f0.jpg,5,#625c8d,0.057258333333333335,blue/purple
data/latest/images/Stockholm_Fashion_Week_street_style_2025_5354b345a5ca0027.webp,1,#8e8485,0.33679166666666666,neutrals
data/latest/images/Stockholm_Fashion_Week_street_style_2025_5354b345a5ca0027.webp,2,#635c5c,0.2303,neutrals
data/latest/images/Stockholm_Fashion_Week_street_style_2025_5354b345a5ca0027.webp,3,#130f0e,0.2036,neutrals
data/latest/images/Stockholm_Fashion_Week_street_style_2025_5354b345a5ca0027.webp,4,#c7b9b3,0.12220833333333334,earth
data/latest/images/Stockholm_Fashion_Week_street_style_2025_5354b345a5ca0027.webp,5,#362f2b,0.1071,earth
data/latest/images/New_York_Fashion_Week_runway_2025_e56d960208c89596.png,1,#312f2e,0.28883333333333333,neutrals
data/latest/images/New_York_Fashion_Week_runway_2025_e56d960208c89596.png,2,#131415,0.23315833333333333,neutrals
data/latest/images/New_York_Fashion_Week_runway_2025_e56d960208c89596.png,3,#d3d3d5,0.2173,neutrals
data/latest/images/New_York_Fashion_Week_runway_2025_e56d960208c89596.png,4,#6f5b4f,0.143675,earth
data/latest/images/New_York_Fashion_Week_runway_2025_e56d960208c89596.png,5,#ac9077,0.11703333333333334,earth
data/latest/images/Los_Angeles_Fashion_Week_backstage_2026_ebfbd3f952d551e5.jpg,1,#453637,0.26079166666666664,primary/jewel
data/latest/images/Los_Angeles_Fashion_Week_backstage_2026_ebfbd3f952d551e5.jpg,2,#705e58,0.23133333333333334,earth
data/latest/images/Los_Angeles_Fashion_Week_backstage_2026_ebfbd3f952d551e5.jpg,3,#151114,0.219825,neutrals
data/latest/images/Los_Angeles_Fashion_Week_backstage_2026_ebfbd3f952d551e5.jpg,4,#aa8f82,0.19314166666666666,earth
data/latest/images/Los_Angeles_Fashion_Week_backstage_2026_ebfbd3f952d551e5.jpg,5,#eec383,0.09490833333333333,earth
data/latest/images/Sydney_Fashion_Week_backstage_2025_091234a9c9866d36.jpg,1,#e2e1df,0.33295,neutrals
data/latest/images/Sydney_Fashion_Week_backstage_2025_091234a9c9866d36.jpg,2,#bfaea1,0.28379166666666666,earth
data/latest/images/Sydney_Fashion_Week_backstage_2025_091234a9c9866d36.jpg,3,#352829,0.15343333333333334,primary/jewel
data/latest/images/Sydney_Fashion_Week_backstage_2025_091234a9c9866d36.jpg,4,#887269,0.141975,earth
data/latest/images/Sydney_Fashion_Week_backstage_2025_091234a9c9866d36.jpg,5,#bb2d33,0.08785,neon
data/latest/images/leopard_print_runway_1990s_0d1c7a894c03ec5e.webp,1,#47637a,0.24708333333333332,blue/purple
data/latest/images/leopard_print_runway_1990s_0d1c7a894c03ec5e.webp,2,#4e231d,0.21016666666666667,primary/jewel
data/latest/images/leopard_print_runway_1990s_0d1c7a894c03ec5e.webp,3,#d1704b,0.20754166666666668,earth
data/latest/images/leopard_print_runway_1990s_0d1c7a894c03ec5e.webp,4,#814738,0.17299166666666665,primary/jewel
data/latest/images/leopard_print_runway_1990s_0d1c7a894c03ec5e.webp,5,#150608,0.16221666666666668,neutrals
data/latest/images/London_Fashion_Week_runway_2025_4b68540a428157bb.jpg,1,#9c8e86,0.24574166666666666,earth
data/latest/images/London_Fashion_Week_runway_2025_4b68540a428157bb.jpg,2,#d1bdb1,0.22008333333333333,earth
data/latest/images/London_Fashion_Week_runway_2025_4b68540a428157bb.jpg,3,#0d0b09,0.2008,neutrals
data/latest/images/London_Fashion_Week_runway_2025_4b68540a428157bb.jpg,4,#3c3530,0.196975,earth
data/latest/images/London_Fashion_Week_runway_2025_4b68540a428157bb.jpg,5,#6a6768,0.1364,neutrals
data/latest/images/Sydney_Fashion_Week_runway_2025_d47927e943eef4f3.jpg,1,#352624,0.36005,primary/jewel
data/latest/images/Sydney_Fashion_Week_runway_2025_d47927e943eef4f3.jpg,2,#483733,0.21921666666666667,primary/jewel
data/latest/images/Sydney_Fashion_Week_runway_2025_d47927e943eef4f3.jpg,3,#131214,0.20009166666666667,neutrals
data/latest/images/Sydney_Fashion_Week_runway_2025_d47927e943eef4f3.jpg,4,#6d6158,0.19093333333333334,earth
data/latest/images/Sydney_Fashion_Week_runway_2025_d47927e943eef4f3.jpg,5,#c9a185,0.029708333333333333,earth
data/latest/images/Seoul_Fashion_Week_runway_2026_10390f7f413aea35.jpg,1,#281d20,0.32879166666666665,neutrals
data/latest/images/Seoul_Fashion_Week_runway_2026_10390f7f413aea35.jpg,2,#413c40,0.20518333333333333,neutrals
data/latest/images/Seoul_Fashion_Week_runway_2026_10390f7f413aea35.jpg,3,#71666c,0.179325,primary/jewel
data/latest/images/Seoul_Fashion_Week_runway_2026_10390f7f413aea35.jpg,4,#9e9aa3,0.1443,neutrals
data/latest/images/Seoul_Fashion_Week_runway_2026_10390f7f413aea35.jpg,5,#d5d8e1,0.1424,neutrals
data/latest/images/London_Fashion_Week_street_style_2025_d6b4fc79c8fd1341.webp,1,#b6a999,0.315525,earth
data/latest/images/London_Fashion_Week_street_style_2025_d6b4fc79c8fd1341.webp,2,#6d412d,0.237625,earth
data/latest/images/London_Fashion_Week_street_style_2025_d6b4fc79c8fd1341.webp,3,#887568,0.19305,earth
data/latest/images/London_Fashion_Week_street_style_2025_d6b4fc79c8fd1341.webp,4,#221c20,0.12816666666666668,neutrals
data/latest/images/London_Fashion_Week_street_style_2025_d6b4fc79c8fd1341.webp,5,#e6decd,0.12563333333333335,pastels
data/latest/images/Tokyo_Fashion_Week_runway_2026_90b605fc7059bd55.jpg,1,#c5c489,0.44825,earth
data/latest/images/Tokyo_Fashion_Week_runway_2026_90b605fc7059bd55.jpg,2,#afa880,0.18961666666666666,earth
data/latest/images/Tokyo_Fashion_Week_runway_2026_90b605fc7059bd55.jpg,3,#dfd3c0,0.17136666666666667,earth
data/latest/images/Tokyo_Fashion_Week_runway_2026_90b605fc7059bd55.jpg,4,#676243,0.09693333333333333,earth
data/latest/images/Tokyo_Fashion_Week_runway_2026_90b605fc7059bd55.jpg,5,#2e2c23,0.09383333333333334,earth
data/latest/images/Stockholm_Fashion_Week_street_style_2025_05fea89377d9ca5f.jpg,1,#1e2024,0.36505,neutrals
data/latest/images/Stockholm_Fashion_Week_street_style_2025_05fea89377d9ca5f.jpg,2,#434145,0.21536666666666668,neutrals
data/latest/images/Stockholm_Fashion_Week_street_style_2025_05fea89377d9ca5f.jpg,3,#b1aaa8,0.19043333333333334,neutrals
data/latest/images/Stockholm_Fashion_Week_street_style_2025_05fea89377d9ca5f.jpg,4,#93726c,0.1248,primary/jewel
data/latest/images/Stockholm_Fashion_Week_street_style_2025_05fea89377d9ca5f.jpg,5,#dddad2,0.10435,neutrals
data/latest/images/Milan_Fashion_Week_runway_2025_004ddf9a0e75b7dc.webp,1,#0b0a0c,0.32960833333333334,neutrals
data/latest/images/Milan_Fashion_Week_runway_2025_004ddf9a0e75b7dc.webp,2,#742426,0.2637,primary/jewel
data/latest/images/Milan_Fashion_Week_runway_2025_004ddf9a0e75b7dc.webp,3,#8e4a51,0.2569916666666667,primary/jewel
data/latest/images/Milan_Fashion_Week_runway_2025_004ddf9a0e75b7dc.webp,4,#373339,0.11029166666666666,jewel
data/latest/images/Milan_Fashion_Week_runway_2025_004ddf9a0e75b7dc.webp,5,#ad8f88,0.03940833333333333,primary/jewel
data/latest/images/London_Fashion_Week_street_style_2025_5cc534d91fbb993d.jpg,1,#a4b8c5,0.465475,blue/purple
data/latest/images/London_Fashion_Week_street_style_2025_5cc534d91fbb993d.jpg,2,#90a8b6,0.2551083333333333,blue/purple
data/latest/images/London_Fashion_Week_street_style_2025_5cc534d91fbb993d.jpg,3,#100f10,0.16946666666666665,neutrals
data/latest/images/London_Fashion_Week_street_style_2025_5cc534d91fbb993d.jpg,4,#3c2a29,0.082675,primary/jewel
data/latest/images/London_Fashion_Week_street_style_2025_5cc534d91fbb993d.jpg,5,#865c51,0.027275,primary/jewel
data/latest/images/Tokyo_Fashion_Week_street_style_2025_bf943e5fbb353c58.jpg,1,#978c97,0.27413333333333334,neutrals
data/latest/images/Tokyo_Fashion_Week_street_style_2025_bf943e5fbb353c58.jpg,2,#1a1825,0.224025,neutrals
data/latest/images/Tokyo_Fashion_Week_street_style_2025_bf943e5fbb353c58.jpg,3,#dcd3dd,0.20415833333333333,neutrals
data/latest/images/Tokyo_Fashion_Week_street_style_2025_bf943e5fbb353c58.jpg,4,#5c4f5d,0.192675,primary/jewel
data/latest/images/Tokyo_Fashion_Week_street_style_2025_bf943e5fbb353c58.jpg,5,#6a59b5,0.10500833333333333,blue/purple
data/latest/images/Milan_Fashion_Week_runway_2026_56bbc16726e54553.jpg,1,#d6d2cb,0.27125,neutrals
data/latest/images/Milan_Fashion_Week_runway_2026_56bbc16726e54553.jpg,2,#afa9a1,0.2452,neutrals
data/latest/images/Milan_Fashion_Week_runway_2026_56bbc16726e54553.jpg,3,#4b423c,0.18405833333333332,earth
data/latest/images/Milan_Fashion_Week_runway_2026_56bbc16726e54553.jpg,4,#8e7e6c,0.157275,earth
data/latest/images/Milan_Fashion_Week_runway_2026_56bbc16726e54553.jpg,5,#171413,0.14221666666666666,neutrals
data/latest/images/Milan_Fashion_Week_runway_2026_68f0b2bdaf251d0f.png,1,#5a5750,0.28158333333333335,earth
data/latest/images/Milan_Fashion_Week_runway_2026_68f0b2bdaf251d0f.png,2,#7c7974,0.2173,neutrals
data/latest/images/Milan_Fashion_Week_runway_2026_68f0b2bdaf251d0f.png,3,#fafafa,0.19884166666666667,pastels
data/latest/images/Milan_Fashion_Week_runway_2026_68f0b2bdaf251d0f.png,4,#302c29,0.18188333333333334,earth
data/latest/images/Milan_Fashion_Week_runway_2026_68f0b2bdaf251d0f.png,5,#a5a59f,0.12039166666666666,neutrals
data/latest/images/London_Fashion_Week_street_style_2025_59fe34367f2ef68b.jpg,1,#050d0d,0.2838,neutrals
data/latest/images/London_Fashion_Week_street_style_2025_59fe34367f2ef68b.jpg,2,#6d5d4e,0.25374166666666664,earth
data/latest/images/London_Fashion_Week_street_style_2025_59fe34367f2ef68b.jpg,3,#2b2b25,0.19305833333333333,neutrals
data/latest/images/London_Fashion_Week_street_style_2025_59fe34367f2ef68b.jpg,4,#9e8d7e,0.14755,earth
data/latest/images/London_Fashion_Week_street_style_2025_59fe34367f2ef68b.jpg,5,#cfcbc4,0.12185,neutrals
data/latest/images/Seoul_Fashion_Week_runway_2026_034b7a9423f7a3a4.jpg,1,#282219,0.37945833333333334,neutrals
data/latest/images/Seoul_Fashion_Week_runway_2026_034b7a9423f7a3a4.jpg,2,#13110d,0.3628166666666667,neutrals
data/latest/images/Seoul_Fashion_Week_runway_2026_034b7a9423f7a3a4.jpg,3,#cebea6,0.14924166666666666,earth
data/latest/images/Seoul_Fashion_Week_runway_2026_034b7a9423f7a3a4.jpg,4,#9784b5,0.05575833333333333,jewel
data/latest/images/Seoul_Fashion_Week_runway_2026_034b7a9423f7a3a4.jpg,5,#57494b,0.052725,primary/jewel
data/latest/images/lookbook_fashion_2025_1e964824327a32e1.png,1,#5a524b,0.24840833333333334,earth
data/latest/images/lookbook_fashion_2025_1e964824327a32e1.png,2,#8591ac,0.2291,blue/purple
data/latest/images/lookbook_fashion_2025_1e964824327a32e1.png,3,#927360,0.201675,earth
data/latest/images/lookbook_fashion_2025_1e964824327a32e1.png,4,#353231,0.18411666666666668,neutrals
data/latest/images/lookbook_fashion_2025_1e964824327a32e1.png,5,#d2c6b9,0.1367,earth
data/latest/images/runway_fashion_2025_f624158e7228ae2c.jpg,1,#c1c9e9,0.44145833333333334,pastels
data/latest/images/runway_fashion_2025_f624158e7228ae2c.jpg,2,#98abe0,0.233475,blue/purple
data/latest/images/runway_fashion_2025_f624158e7228ae2c.jpg,3,#191922,0.19673333333333334,neutrals
data/latest/images/runway_fashion_2025_f624158e7228ae2c.jpg,4,#7272a1,0.07048333333333333,blue/purple
data/latest/images/runway_fashion_2025_f624158e7228ae2c.jpg,5,#54444a,0.05785,primary/jewel
data/latest/images/runway_backstage_fashion_2025_f65d3d50429e2f52.jpg,1,#f8efe9,0.5208416666666666,pastels
data/latest/images/runway_backstage_fashion_2025_f65d3d50429e2f52.jpg,2,#f2c7be,0.31750833333333334,primary/jewel
data/latest/images/runway_backstage_fashion_2025_f65d3d50429e2f52.jpg,3,#c09e94,0.09965,primary/jewel
data/latest/images/runway_backstage_fashion_2025_f65d3d50429e2f52.jpg,4,#a26342,0.04604166666666667,earth
data/latest/images/runway_backstage_fashion_2025_f65d3d50429e2f52.jpg,5,#312620,0.015958333333333335,earth
data/latest/images/Gucci_Fall_2013_runway_7cea6f93a88a8a74.jpg,1,#03060a,0.8122166666666667,neutrals
data/latest/images/Gucci_Fall_2013_runway_7cea6f93a88a8a74.jpg,2,#242728,0.07538333333333333,neutrals
data/latest/images/Gucci_Fall_2013_runway_7cea6f93a88a8a74.jpg,3,#434e4f,0.06284166666666667,blue/purple
data/latest/images/Gucci_Fall_2013_runway_7cea6f93a88a8a74.jpg,4,#78787d,0.03534166666666667,neutrals
data/latest/images/Gucci_Fall_2013_runway_7cea6f93a88a8a74.jpg,5,#c2bec1,0.014216666666666667,neutrals
data/latest/images/Gucci_Fall_2013_runway_b2438536292074bf.jpg,1,#060606,0.391575,neutrals
data/latest/images/Gucci_Fall_2013_runway_b2438536292074bf.jpg,2,#46453d,0.27445,earth
data/latest/images/Gucci_Fall_2013_runway_b2438536292074bf.jpg,3,#292822,0.18225833333333333,neutrals
data/latest/images/Gucci_Fall_2013_runway_b2438536292074bf.jpg,4,#6e6963,0.14033333333333334,earth
data/latest/images/Gucci_Fall_2013_runway_b2438536292074bf.jpg,5,#d0a998,0.011383333333333334,earth
data/latest/images/Seoul_Fashion_Week_street_style_2025_4bba912b2a487f9c.jpg,1,#b3afa0,0.32953333333333334,earth
data/latest/images/Seoul_Fashion_Week_street_style_2025_4bba912b2a487f9c.jpg,2,#d1cec3,0.2875666666666667,neutrals
data/latest/images/Seoul_Fashion_Week_street_style_2025_4bba912b2a487f9c.jpg,3,#555143,0.1567,earth
data/latest/images/Seoul_Fashion_Week_street_style_2025_4bba912b2a487f9c.jpg,4,#847a6a,0.13484166666666667,earth
data/latest/images/Seoul_Fashion_Week_street_style_2025_4bba912b2a487f9c.jpg,5,#2a2515,0.09135833333333333,neutrals
data/latest/images/Milan_Fashion_Week_runway_2025_b6e4915e81569e15.jpg,1,#3c291a,0.30594166666666667,earth
data/latest/images/Milan_Fashion_Week_runway_2025_b6e4915e81569e15.jpg,2,#1d1813,0.271775,neutrals
data/latest/images/Milan_Fashion_Week_runway_2025_b6e4915e81569e15.jpg,3,#647283,0.168125,blue/purple
data/latest/images/Milan_Fashion_Week_runway_2025_b6e4915e81569e15.jpg,4,#5b4a40,0.16425,earth
data/latest/images/Milan_Fashion_Week_runway_2025_b6e4915e81569e15.jpg,5,#c59c6e,0.08990833333333334,earth
data/latest/images/London_Fashion_Week_street_style_2025_a07afa47561b35da.jpg,1,#e0dbd8,0.3145,neutrals
data/latest/images/London_Fashion_Week_street_style_2025_a07afa47561b35da.jpg,2,#aea29f,0.27835,primary/jewel
data/latest/images/London_Fashion_Week_street_style_2025_a07afa47561b35da.jpg,3,#15142d,0.1425,neutrals
data/latest/images/London_Fashion_Week_street_style_2025_a07afa47561b35da.jpg,4,#8f665a,0.13910833333333333,primary/jewel
data/latest/images/London_Fashion_Week_street_style_2025_a07afa47561b35da.jpg,5,#49425c,0.12554166666666666,jewel
data/latest/images/Milan_Fashion_Week_runway_2026_8981cb36ddf6fcd6.jpg,1,#3d2f2c,0.3743,primary/jewel
data/latest/images/Milan_Fashion_Week_runway_2026_8981cb36ddf6fcd6.jpg,2,#1b1515,0.268175,neutrals
data/latest/images/Milan_Fashion_Week_runway_2026_8981cb36ddf6fcd6.jpg,3,#78584a,0.15066666666666667,earth
data/latest/images/Milan_Fashion_Week_runway_2026_8981cb36ddf6fcd6.jpg,4,#f2e9e3,0.10415833333333334,pastels
data/latest/images/Milan_Fashion_Week_runway_2026_8981cb36ddf6fcd6.jpg,5,#bc9c88,0.1027,earth
data/latest/images/runway_fashion_2025_6ffa717a3d433d1a.jpg,1,#d1bda8,0.344425,earth
data/latest/images/runway_fashion_2025_6ffa717a3d433d1a.jpg,2,#ba9275,0.3239916666666667,earth
data/latest/images/runway_fashion_2025_6ffa717a3d433d1a.jpg,3,#ecece8,0.13668333333333332,pastels
data/latest/images/runway_fashion_2025_6ffa717a3d433d1a.jpg,4,#806151,0.11330833333333333,earth
data/latest/images/runway_fashion_2025_6ffa717a3d433d1a.jpg,5,#282021,0.08159166666666667,neutrals
data/latest/images/Stockholm_Fashion_Week_street_style_2025_02732c62334ab672.webp,1,#e1e9eb,0.2409,pastels
data/latest/images/Stockholm_Fashion_Week_street_style_2025_02732c62334ab672.webp,2,#b2b8b9,0.22473333333333334,neutrals
data/latest/images/Stockholm_Fashion_Week_street_style_2025_02732c62334ab672.webp,3,#8a8b87,0.18974166666666667,neutrals
data/latest/images/Stockholm_Fashion_Week_street_style_2025_02732c62334ab672.webp,4,#414b53,0.180075,blue/purple
data/latest/images/Stockholm_Fashion_Week_street_style_2025_02732c62334ab672.webp,5,#121821,0.16455,neutrals
data/latest/images/London_Fashion_Week_runway_2025_d48d089933c55a61.jpg,1,#0f0f0f,0.37603333333333333,neutrals
data/latest/images/London_Fashion_Week_runway_2025_d48d089933c55a61.jpg,2,#392e29,0.23619166666666666,earth
data/latest/images/London_Fashion_Week_runway_2025_d48d089933c55a61.jpg,3,#655a54,0.17219166666666666,earth
data/latest/images/London_Fashion_Week_runway_2025_d48d089933c55a61.jpg,4,#d4d5d4,0.11559166666666666,neutrals
data/latest/images/London_Fashion_Week_runway_2025_d48d089933c55a61.jpg,5,#aa907e,0.09999166666666667,earth
data/latest/images/Tokyo_Fashion_Week_backstage_2025_7b92066db84877c0.png,1,#eaeaea,0.7025166666666667,pastels
data/latest/images/Tokyo_Fashion_Week_backstage_2025_7b92066db84877c0.png,2,#4e6a73,0.09436666666666667,blue/purple
data/latest/images/Tokyo_Fashion_Week_backstage_2025_7b92066db84877c0.png,3,#bba599,0.08285833333333334,earth
data/latest/images/Tokyo_Fashion_Week_backstage_2025_7b92066db84877c0.png,4,#311d19,0.06125,primary/jewel
data/latest/images/Tokyo_Fashion_Week_backstage_2025_7b92066db84877c0.png,5,#8e5b40,0.059008333333333336,earth
data/latest/images/runway_fashion_2025_67005138eec04a78.jpg,1,#504e59,0.303575,blue/purple
data/latest/images/runway_fashion_2025_67005138eec04a78.jpg,2,#6b6773,0.2589916666666667,jewel
data/latest/images/runway_fashion_2025_67005138eec04a78.jpg,3,#e1dde2,0.22198333333333334,neutrals
data/latest/images/runway_fashion_2025_67005138eec04a78.jpg,4,#c33134,0.16405833333333333,neon
data/latest/images/runway_fashion_2025_67005138eec04a78.jpg,5,#371d1d,0.05139166666666667,primary/jewel
data/latest/images/lookbook_fashion_2025_542cedc9301fd2d9.jpg,1,#0d1214,0.4083833333333333,neutrals
data/latest/images/lookbook_fashion_2025_542cedc9301fd2d9.jpg,2,#988879,0.18961666666666666,earth
data/latest/images/lookbook_fashion_2025_542cedc9301fd2d9.jpg,3,#c6b9a8,0.14895,earth
data/latest/images/lookbook_fashion_2025_542cedc9301fd2d9.jpg,4,#37302a,0.14611666666666667,earth
data/latest/images/lookbook_fashion_2025_542cedc9301fd2d9.jpg,5,#635447,0.10693333333333334,earth
data/latest/images/Seoul_Fashion_Week_runway_2026_35f032433a2ad08f.jpg,1,#b2b5bb,0.427975,neutrals
data/latest/images/Seoul_Fashion_Week_runway_2026_35f032433a2ad08f.jpg,2,#cfd1db,0.22466666666666665,neutrals
data/latest/images/Seoul_Fashion_Week_runway_2026_35f032433a2ad08f.jpg,3,#9b8f8c,0.16923333333333335,primary/jewel
data/latest/images/Seoul_Fashion_Week_runway_2026_35f032433a2ad08f.jpg,4,#09161f,0.106475,neutrals
data/latest/images/Seoul_Fashion_Week_runway_2026_35f032433a2ad08f.jpg,5,#6e5954,0.07165,primary/jewel
data/latest/images/leopard_print_runway_1990s_8cf05321bda39ee2.jpg,1,#0a0a0a,0.26705,neutrals
data/latest/images/leopard_print_runway_1990s_8cf05321bda39ee2.jpg,2,#ece8e5,0.21973333333333334,pastels
data/latest/images/leopard_print_runway_1990s_8cf05321bda39ee2.jpg,3,#343130,0.20401666666666668,neutrals
data/latest/images/leopard_print_runway_1990s_8cf05321bda39ee2.jpg,4,#67605c,0.18355,earth
data/latest/images/leopard_print_runway_1990s_8cf05321bda39ee2.jpg,5,#b79a89,0.12565,earth
data/latest/images/Sydney_Fashion_Week_runway_2025_73af062f5ff3c614.jpg,1,#0a0d0d,0.373325,neutrals
data/latest/images/Sydney_Fashion_Week_runway_2025_73af062f5ff3c614.jpg,2,#8b7756,0.20079166666666667,earth
data/latest/images/Sydney_Fashion_Week_runway_2025_73af062f5ff3c614.jpg,3,#37372d,0.17175833333333335,earth
data/latest/images/Sydney_Fashion_Week_runway_2025_73af062f5ff3c614.jpg,4,#d0ac87,0.15715,earth
data/latest/images/Sydney_Fashion_Week_runway_2025_73af062f5ff3c614.jpg,5,#496688,0.096975,blue/purple
data/latest/images/London_Fashion_Week_street_style_2025_1747c5e90d2cbe8e.jpg,1,#0a0b13,0.3108974358974359,neutrals
data/latest/images/London_Fashion_Week_street_style_2025_1747c5e90d2cbe8e.jpg,2,#6a6476,0.19149184149184148,jewel
data/latest/images/London_Fashion_Week_street_style_2025_1747c5e90d2cbe8e.jpg,3,#3b3d48,0.1896853146853147,blue/purple
data/latest/images/London_Fashion_Week_street_style_2025_1747c5e90d2cbe8e.jpg,4,#a19ea6,0.1602214452214452,neutrals
data/latest/images/London_Fashion_Week_street_style_2025_1747c5e90d2cbe8e.jpg,5,#dfe0e1,0.14770396270396272,neutrals
data/latest/images/Chanel_haute_couture_2020_9dc0f2413f308c52.jpg,1,#956553,0.2845,earth
data/latest/images/Chanel_haute_couture_2020_9dc0f2413f308c52.jpg,2,#d3cecb,0.2815916666666667,neutrals
data/latest/images/Chanel_haute_couture_2020_9dc0f2413f308c52.jpg,3,#5b443d,0.17249166666666665,primary/jewel
data/latest/images/Chanel_haute_couture_2020_9dc0f2413f308c52.jpg,4,#b5988d,0.15318333333333334,earth
data/latest/images/Chanel_haute_couture_2020_9dc0f2413f308c52.jpg,5,#20191d,0.10823333333333333,neutrals
data/latest/images/leopard_print_runway_1990s_24bf0a2acc90c2aa.webp,1,#171413,0.35494166666666666,neutrals
data/latest/images/leopard_print_runway_1990s_24bf0a2acc90c2aa.webp,2,#473930,0.2036,earth
data/latest/images/leopard_print_runway_1990s_24bf0a2acc90c2aa.webp,3,#876244,0.19286666666666666,earth
data/latest/images/leopard_print_runway_1990s_24bf0a2acc90c2aa.webp,4,#b49069,0.18248333333333333,earth
data/latest/images/leopard_print_runway_1990s_24bf0a2acc90c2aa.webp,5,#dfd8d0,0.06610833333333334,neutrals
data/latest/images/Paris_Fashion_Week_runway_2026_05c9b5088c6277ee.jpg,1,#0a080b,0.5251,neutrals
data/latest/images/Paris_Fashion_Week_runway_2026_05c9b5088c6277ee.jpg,2,#211e22,0.29735,neutrals
data/latest/images/Paris_Fashion_Week_runway_2026_05c9b5088c6277ee.jpg,3,#443e3f,0.07503333333333333,primary/jewel
data/latest/images/Paris_Fashion_Week_runway_2026_05c9b5088c6277ee.jpg,4,#736e73,0.070875,neutrals
data/latest/images/Paris_Fashion_Week_runway_2026_05c9b5088c6277ee.jpg,5,#9a979b,0.031641666666666665,neutrals
data/latest/images/Balmain_burgundy_runway_2025_e6f04dc65eac63e9.jpg,1,#14181b,0.337575,neutrals
data/latest/images/Balmain_burgundy_runway_2025_e6f04dc65eac63e9.jpg,2,#ece4df,0.26766666666666666,pastels
data/latest/images/Balmain_burgundy_runway_2025_e6f04dc65eac63e9.jpg,3,#5c5b5f,0.24550833333333333,neutrals
data/latest/images/Balmain_burgundy_runway_2025_e6f04dc65eac63e9.jpg,4,#3a2829,0.10625,primary/jewel
data/latest/images/Balmain_burgundy_runway_2025_e6f04dc65eac63e9.jpg,5,#b4aaa4,0.043,earth
data/latest/images/Seoul_Fashion_Week_street_style_2025_4d41b77e167f3222.jpg,1,#161110,0.39918333333333333,neutrals
data/latest/images/Seoul_Fashion_Week_street_style_2025_4d41b77e167f3222.jpg,2,#342622,0.23178333333333334,primary/jewel
data/latest/images/Seoul_Fashion_Week_street_style_2025_4d41b77e167f3222.jpg,3,#594542,0.148025,primary/jewel
data/latest/images/Seoul_Fashion_Week_street_style_2025_4d41b77e167f3222.jpg,4,#e6e3e4,0.141625,pastels
data/latest/images/Seoul_Fashion_Week_street_style_2025_4d41b77e167f3222.jpg,5,#8e7772,0.07938333333333333,primary/jewel
data/latest/images/Stockholm_Fashion_Week_street_style_2025_0b4ba755974d36fb.jpg,1,#c0c7cf,0.29113333333333336,neutrals
data/latest/images/Stockholm_Fashion_Week_street_style_2025_0b4ba755974d36fb.jpg,2,#a1a2a9,0.2821166666666667,neutrals
data/latest/images/Stockholm_Fashion_Week_street_style_2025_0b4ba755974d36fb.jpg,3,#18201a,0.18086666666666668,neutrals
data/latest/images/Stockholm_Fashion_Week_street_style_2025_0b4ba755974d36fb.jpg,4,#3a433c,0.12978333333333333,green/blue
data/latest/images/Stockholm_Fashion_Week_street_style_2025_0b4ba755974d36fb.jpg,5,#78787d,0.1161,neutrals
data/latest/images/runway_backstage_fashion_2025_40becda59b7fbc37.jpg,1,#93897b,0.29049166666666665,earth
data/latest/images/runway_backstage_fashion_2025_40becda59b7fbc37.jpg,2,#0d0e10,0.23266666666666666,neutrals
data/latest/images/runway_backstage_fashion_2025_40becda59b7fbc37.jpg,3,#332e2a,0.16473333333333334,earth
data/latest/images/runway_backstage_fashion_2025_40becda59b7fbc37.jpg,4,#b2b0aa,0.1587,neutrals
data/latest/images/runway_backstage_fashion_2025_40becda59b7fbc37.jpg,5,#78584e,0.15340833333333334,primary/jewel
data/latest/images/Chanel_haute_couture_2020_45123eaa80c19242.jpg,1,#f0f2f3,0.49783333333333335,pastels
data/latest/images/Chanel_haute_couture_2020_45123eaa80c19242.jpg,2,#0d111b,0.3146583333333333,neutrals
data/latest/images/Chanel_haute_couture_2020_45123eaa80c19242.jpg,3,#1e2434,0.11989166666666666,blue/purple
data/latest/images/Chanel_haute_couture_2020_45123eaa80c19242.jpg,4,#928d92,0.037191666666666665,neutrals
data/latest/images/Chanel_haute_couture_2020_45123eaa80c19242.jpg,5,#544c53,0.030425,primary/jewel
data/latest/images/Seoul_Fashion_Week_street_style_2025_83832051011654d4.jpg,1,#12181e,0.27755833333333335,neutrals
data/latest/images/Seoul_Fashion_Week_street_style_2025_83832051011654d4.jpg,2,#606665,0.20748333333333333,neutrals
data/latest/images/Seoul_Fashion_Week_street_style_2025_83832051011654d4.jpg,3,#8a908d,0.20463333333333333,neutrals
data/latest/images/Seoul_Fashion_Week_street_style_2025_83832051011654d4.jpg,4,#3c3b3d,0.190925,neutrals
data/latest/images/Seoul_Fashion_Week_street_style_2025_83832051011654d4.jpg,5,#c6bab4,0.1194,earth
data/latest/images/New_York_Fashion_Week_street_style_2025_52a78a03bebcf94b.jpg,1,#d3d6d7,0.3102083333333333,neutrals
data/latest/images/New_York_Fashion_Week_street_style_2025_52a78a03bebcf94b.jpg,2,#292d34,0.27673333333333333,blue/purple
data/latest/images/New_York_Fashion_Week_street_style_2025_52a78a03bebcf94b.jpg,3,#131519,0.20936666666666667,neutrals
data/latest/images/New_York_Fashion_Week_street_style_2025_52a78a03bebcf94b.jpg,4,#b7a597,0.12956666666666666,earth
data/latest/images/New_York_Fashion_Week_street_style_2025_52a78a03bebcf94b.jpg,5,#6f6663,0.074125,earth
data/latest/images/Paris_Fashion_Week_runway_2026_f0a68ec13e56d2de.webp,1,#abbbda,0.2957416666666667,blue/purple
data/latest/images/Paris_Fashion_Week_runway_2026_f0a68ec13e56d2de.webp,2,#7b87a2,0.23381666666666667,blue/purple
data/latest/images/Paris_Fashion_Week_runway_2026_f0a68ec13e56d2de.webp,3,#e2ebf5,0.20525833333333332,pastels
data/latest/images/Paris_Fashion_Week_runway_2026_f0a68ec13e56d2de.webp,4,#12161f,0.17256666666666667,neutrals
data/latest/images/Paris_Fashion_Week_runway_2026_f0a68ec13e56d2de.webp,5,#464b5e,0.09261666666666667,blue/purple
data/latest/images/Gucci_Fall_2013_runway_8c7221ea67ea6f01.jpg,1,#121212,0.47988333333333333,neutrals
data/latest/images/Gucci_Fall_2013_runway_8c7221ea67ea6f01.jpg,2,#403f3d,0.24561666666666668,neutrals
data/latest/images/Gucci_Fall_2013_runway_8c7221ea67ea6f01.jpg,3,#2a2726,0.1905,neutrals
data/latest/images/Gucci_Fall_2013_runway_8c7221ea67ea6f01.jpg,4,#806254,0.064175,earth
data/latest/images/Gucci_Fall_2013_runway_8c7221ea67ea6f01.jpg,5,#d2c0b1,0.019825,earth
data/latest/images/runway_fashion_2025_f0512e0eca5a4e64.jpg,1,#dbccb8,0.4323166666666667,earth
data/latest/images/runway_fashion_2025_f0512e0eca5a4e64.jpg,2,#eee5df,0.17970833333333333,pastels
data/latest/images/runway_fashion_2025_f0512e0eca5a4e64.jpg,3,#c2ac8b,0.17035833333333333,earth
data/latest/images/runway_fashion_2025_f0512e0eca5a4e64.jpg,4,#272322,0.13859166666666667,neutrals
data/latest/images/runway_fashion_2025_f0512e0eca5a4e64.jpg,5,#734d35,0.079025,earth
data/latest/images/Seoul_Fashion_Week_backstage_2026_5354b345a5ca0027.webp,1,#8e8485,0.33679166666666666,neutrals
data/latest/images/Seoul_Fashion_Week_backstage_2026_5354b345a5ca0027.webp,2,#635c5c,0.2303,neutrals
data/latest/images/Seoul_Fashion_Week_backstage_2026_5354b345a5ca0027.webp,3,#130f0e,0.2036,neutrals
data/latest/images/Seoul_Fashion_Week_backstage_2026_5354b345a5ca0027.webp,4,#c7b9b3,0.12220833333333334,earth
data/latest/images/Seoul_Fashion_Week_backstage_2026_5354b345a5ca0027.webp,5,#362f2b,0.1071,earth
data/latest/images/lookbook_fashion_2025_cf802b7d0a5240d8.jpg,1,#c5ae9b,0.397425,earth
data/latest/images/lookbook_fashion_2025_cf802b7d0a5240d8.jpg,2,#181410,0.26686666666666664,neutrals
data/latest/images/lookbook_fashion_2025_cf802b7d0a5240d8.jpg,3,#3d332a,0.16381666666666667,earth
data/latest/images/lookbook_fashion_2025_cf802b7d0a5240d8.jpg,4,#8a6d55,0.10045,earth
data/latest/images/lookbook_fashion_2025_cf802b7d0a5240d8.jpg,5,#a41913,0.07144166666666667,primary/jewel
data/latest/images/Gucci_Fall_2013_runway_88d9e22cf0df2347.jpg,1,#0a0b0d,0.315925,neutrals
data/latest/images/Gucci_Fall_2013_runway_88d9e22cf0df2347.jpg,2,#545b67,0.28836666666666666,blue/purple
data/latest/images/Gucci_Fall_2013_runway_88d9e22cf0df2347.jpg,3,#697e99,0.17345,blue/purple
data/latest/images/Gucci_Fall_2013_runway_88d9e22cf0df2347.jpg,4,#2f343c,0.11730833333333333,blue/purple
data/latest/images/Gucci_Fall_2013_runway_88d9e22cf0df2347.jpg,5,#79a2c8,0.10495,blue/purple
data/latest/images/New_York_Fashion_Week_street_style_2025_b43e251428edf98b.jpg,1,#c4c3c5,0.44945,neutrals
data/latest/images/New_York_Fashion_Week_street_style_2025_b43e251428edf98b.jpg,2,#a9a8aa,0.22039166666666668,neutrals
data/latest/images/New_York_Fashion_Week_street_style_2025_b43e251428edf98b.jpg,3,#191919,0.17678333333333332,neutrals
data/latest/images/New_York_Fashion_Week_street_style_2025_b43e251428edf98b.jpg,4,#51463c,0.08615,earth
data/latest/images/New_York_Fashion_Week_street_style_2025_b43e251428edf98b.jpg,5,#986d57,0.067225,earth
data/latest/images/vogue_runway_emerald_dress_55d113b9ecf2890a.jpg,1,#d6d7d9,0.33771666666666667,neutrals
data/latest/images/vogue_runway_emerald_dress_55d113b9ecf2890a.jpg,2,#b6b0ad,0.25304166666666666,neutrals
data/latest/images/vogue_runway_emerald_dress_55d113b9ecf2890a.jpg,3,#30524e,0.19545833333333335,blue/purple
data/latest/images/vogue_runway_emerald_dress_55d113b9ecf2890a.jpg,4,#89817f,0.129925,neutrals
data/latest/images/vogue_runway_emerald_dress_55d113b9ecf2890a.jpg,5,#161213,0.08385833333333333,neutrals
data/latest/images/runway_backstage_fashion_2025_c6bb5d2ecd916234.jpg,1,#d4cbcf,0.48704166666666665,neutrals
data/latest/images/runway_backstage_fashion_2025_c6bb5d2ecd916234.jpg,2,#cbb9b5,0.22511666666666666,primary/jewel
data/latest/images/runway_backstage_fashion_2025_c6bb5d2ecd916234.jpg,3,#171519,0.15245833333333333,neutrals
data/latest/images/runway_backstage_fashion_2025_c6bb5d2ecd916234.jpg,4,#302e38,0.10568333333333334,blue/purple
data/latest/images/runway_backstage_fashion_2025_c6bb5d2ecd916234.jpg,5,#6e5f68,0.0297,primary/jewel
data/latest/images/Seoul_Fashion_Week_backstage_2026_8d639977c784fcea.jpg,1,#a5a8a7,0.2881916666666667,neutrals
data/latest/images/Seoul_Fashion_Week_backstage_2026_8d639977c784fcea.jpg,2,#697881,0.22871666666666668,blue/purple
data/latest/images/Seoul_Fashion_Week_backstage_2026_8d639977c784fcea.jpg,3,#374450,0.20140833333333333,blue/purple
data/latest/images/Seoul_Fashion_Week_backstage_2026_8d639977c784fcea.jpg,4,#141417,0.14836666666666667,neutrals
data/latest/images/Seoul_Fashion_Week_backstage_2026_8d639977c784fcea.jpg,5,#e5e7e4,0.13331666666666667,pastels
data/latest/images/London_Fashion_Week_runway_2025_80b148a42e71ff11.jpg,1,#2f3130,0.31545833333333334,neutrals
data/latest/images/London_Fashion_Week_runway_2025_80b148a42e71ff11.jpg,2,#121616,0.30756666666666665,neutrals
data/latest/images/London_Fashion_Week_runway_2025_80b148a42e71ff11.jpg,3,#4f5253,0.20931666666666668,neutrals
data/latest/images/London_Fashion_Week_runway_2025_80b148a42e71ff11.jpg,4,#6d7980,0.116075,blue/purple
data/latest/images/London_Fashion_Week_runway_2025_80b148a42e71ff11.jpg,5,#9aadb4,0.051583333333333335,blue/purple
data/latest/images/Seoul_Fashion_Week_backstage_2026_953cf8e93ac0dc4d.png,1,#101218,0.36013333333333336,neutrals
data/latest/images/Seoul_Fashion_Week_backstage_2026_953cf8e93ac0dc4d.png,2,#2e2e36,0.29441666666666666,blue/purple
data/latest/images/Seoul_Fashion_Week_backstage_2026_953cf8e93ac0dc4d.png,3,#48496e,0.21098333333333333,blue/purple
data/latest/images/Seoul_Fashion_Week_backstage_2026_953cf8e93ac0dc4d.png,4,#9282a1,0.09456666666666666,jewel
data/latest/images/Seoul_Fashion_Week_backstage_2026_953cf8e93ac0dc4d.png,5,#e3dbe7,0.0399,pastels
data/latest/images/New_York_Fashion_Week_street_style_2025_4d41b77e167f3222.jpg,1,#161110,0.39918333333333333,neutrals
data/latest/images/New_York_Fashion_Week_street_style_2025_4d41b77e167f3222.jpg,2,#342622,0.23178333333333334,primary/jewel
data/latest/images/New_York_Fashion_Week_street_style_2025_4d41b77e167f3222.jpg,3,#594542,0.148025,primary/jewel
data/latest/images/New_York_Fashion_Week_street_style_2025_4d41b77e167f3222.jpg,4,#e6e3e4,0.141625,pastels
data/latest/images/New_York_Fashion_Week_street_style_2025_4d41b77e167f3222.jpg,5,#8e7772,0.07938333333333333,primary/jewel
data/latest/images/Chanel_haute_couture_2020_2bd152aad9e67d01.jpg,1,#d5c3b6,0.30295,earth
data/latest/images/Chanel_haute_couture_2020_2bd152aad9e67d01.jpg,2,#c0ae9d,0.27613333333333334,earth
data/latest/images/Chanel_haute_couture_2020_2bd152aad9e67d01.jpg,3,#ecdbd1,0.18604166666666666,pastels
data/latest/images/Chanel_haute_couture_2020_2bd152aad9e67d01.jpg,4,#a79281,0.17280833333333334,earth
data/latest/images/Chanel_haute_couture_2020_2bd152aad9e67d01.jpg,5,#887262,0.062066666666666666,earth
data/latest/images/Copenhagen_Fashion_Week_street_style_2026_566d7a7f7351d6ad.jpg,1,#221911,0.26340833333333336,neutrals
data/latest/images/Copenhagen_Fashion_Week_street_style_2026_566d7a7f7351d6ad.jpg,2,#8b5833,0.21059166666666668,earth
data/latest/images/Copenhagen_Fashion_Week_street_style_2026_566d7a7f7351d6ad.jpg,3,#503c28,0.20889166666666667,earth
data/latest/images/Copenhagen_Fashion_Week_street_style_2026_566d7a7f7351d6ad.jpg,4,#c2b39f,0.1793,earth
data/latest/images/Copenhagen_Fashion_Week_street_style_2026_566d7a7f7351d6ad.jpg,5,#a58664,0.13780833333333334,earth
data/latest/images/Gucci_Fall_2013_runway_d16a8cf46a35c47e.jpg,1,#bec4c9,0.5201583333333333,neutrals
data/latest/images/Gucci_Fall_2013_runway_d16a8cf46a35c47e.jpg,2,#e11a4a,0.20633333333333334,neon
data/latest/images/Gucci_Fall_2013_runway_d16a8cf46a35c47e.jpg,3,#9c9da2,0.16483333333333333,neutrals
data/latest/images/Gucci_Fall_2013_runway_d16a8cf46a35c47e.jpg,4,#e0e7ee,0.08344166666666666,pastels
data/latest/images/Gucci_Fall_2013_runway_d16a8cf46a35c47e.jpg,5,#892c34,0.025233333333333333,primary/jewel
data/latest/images/New_York_Fashion_Week_street_style_2025_0a8e4090bf806a2d.jpg,1,#a05742,0.3190625,primary/jewel
data/latest/images/New_York_Fashion_Week_street_style_2025_0a8e4090bf806a2d.jpg,2,#1e1a15,0.20837890625,neutrals
data/latest/images/New_York_Fashion_Week_street_style_2025_0a8e4090bf806a2d.jpg,3,#693c2e,0.19640625,primary/jewel
data/latest/images/New_York_Fashion_Week_street_style_2025_0a8e4090bf806a2d.jpg,4,#8f7e79,0.164111328125,primary/jewel
data/latest/images/New_York_Fashion_Week_street_style_2025_0a8e4090bf806a2d.jpg,5,#b4a7a2,0.112041015625,earth
data/latest/images/London_Fashion_Week_runway_2025_b4bd35b7aea3c099.jpg,1,#0a0714,0.344775,neutrals
data/latest/images/London_Fashion_Week_runway_2025_b4bd35b7aea3c099.jpg,2,#fcfdff,0.227875,pastels
data/latest/images/London_Fashion_Week_runway_2025_b4bd35b7aea3c099.jpg,3,#31313f,0.16771666666666665,blue/purple
data/latest/images/London_Fashion_Week_runway_2025_b4bd35b7aea3c099.jpg,4,#4f5768,0.167575,blue/purple
data/latest/images/London_Fashion_Week_runway_2025_b4bd35b7aea3c099.jpg,5,#acafb8,0.09205833333333334,neutrals
data/latest/images/Paris_Fashion_Week_runway_2026_59be1d1558b6fde6.jpg,1,#d3c1b4,0.3837,earth
data/latest/images/Paris_Fashion_Week_runway_2026_59be1d1558b6fde6.jpg,2,#231716,0.22088333333333332,neutrals
data/latest/images/Paris_Fashion_Week_runway_2026_59be1d1558b6fde6.jpg,3,#b69786,0.20736666666666667,earth
data/latest/images/Paris_Fashion_Week_runway_2026_59be1d1558b6fde6.jpg,4,#efeff5,0.09573333333333334,pastels
data/latest/images/Paris_Fashion_Week_runway_2026_59be1d1558b6fde6.jpg,5,#6f4938,0.09231666666666667,earth
data/latest/images/Stockholm_Fashion_Week_street_style_2025_c2704708fc128f6a.jpg,1,#949494,0.25280833333333336,neutrals
data/latest/images/Stockholm_Fashion_Week_street_style_2025_c2704708fc128f6a.jpg,2,#1d212a,0.22740833333333332,neutrals
data/latest/images/Stockholm_Fashion_Week_street_style_2025_c2704708fc128f6a.jpg,3,#b9b4b1,0.214625,neutrals
data/latest/images/Stockholm_Fashion_Week_street_style_2025_c2704708fc128f6a.jpg,4,#656568,0.1595,neutrals
data/latest/images/Stockholm_Fashion_Week_street_style_2025_c2704708fc128f6a.jpg,5,#3d3f4a,0.14565833333333333,blue/purple
data/latest/images/New_York_Fashion_Week_runway_2025_dea2a7f756df5e26.png,1,#7a6a67,0.25280833333333336,primary/jewel
data/latest/images/New_York_Fashion_Week_runway_2025_dea2a7f756df5e26.png,2,#c7303c,0.247175,neon
data/latest/images/New_York_Fashion_Week_runway_2025_dea2a7f756df5e26.png,3,#d58a88,0.23101666666666668,primary/jewel
data/latest/images/New_York_Fashion_Week_runway_2025_dea2a7f756df5e26.png,4,#e3d5d0,0.16450833333333334,earth
data/latest/images/New_York_Fashion_Week_runway_2025_dea2a7f756df5e26.png,5,#60261d,0.10449166666666666,primary/jewel
data/latest/images/Tokyo_Fashion_Week_runway_2026_1eafb6146eab3861.webp,1,#892a25,0.32005833333333333,primary/jewel
data/latest/images/Tokyo_Fashion_Week_runway_2026_1eafb6146eab3861.webp,2,#bda9ae,0.19551666666666667,primary/jewel
data/latest/images/Tokyo_Fashion_Week_runway_2026_1eafb6146eab3861.webp,3,#e4e1e6,0.18128333333333332,pastels
data/latest/images/Tokyo_Fashion_Week_runway_2026_1eafb6146eab3861.webp,4,#342020,0.17560833333333334,primary/jewel
data/latest/images/Tokyo_Fashion_Week_runway_2026_1eafb6146eab3861.webp,5,#876c6a,0.12753333333333333,primary/jewel
data/latest/images/Milan_Fashion_Week_runway_2026_d5ef83720db0aeb9.jpg,1,#f3f0f7,0.34479166666666666,pastels
data/latest/images/Milan_Fashion_Week_runway_2026_d5ef83720db0aeb9.jpg,2,#d9cdd6,0.30264166666666664,neutrals
data/latest/images/Milan_Fashion_Week_runway_2026_d5ef83720db0aeb9.jpg,3,#1f1a20,0.15743333333333334,neutrals
data/latest/images/Milan_Fashion_Week_runway_2026_d5ef83720db0aeb9.jpg,4,#4a3e3e,0.0976,primary/jewel
data/latest/images/Milan_Fashion_Week_runway_2026_d5ef83720db0aeb9.jpg,5,#9a8a7d,0.09753333333333333,earth
data/latest/images/London_Fashion_Week_street_style_2025_ca12140e6b4df90a.jpg,1,#5e5651,0.35273333333333334,earth
data/latest/images/London_Fashion_Week_street_style_2025_ca12140e6b4df90a.jpg,2,#322d2b,0.33045833333333335,earth
data/latest/images/London_Fashion_Week_street_style_2025_ca12140e6b4df90a.jpg,3,#0e1013,0.24256666666666668,neutrals
data/latest/images/London_Fashion_Week_street_style_2025_ca12140e6b4df90a.jpg,4,#afa9a1,0.051533333333333334,neutrals
data/latest/images/London_Fashion_Week_street_style_2025_ca12140e6b4df90a.jpg,5,#e8b926,0.022708333333333334,neon
data/latest/images/runway_backstage_fashion_2025_f4616d28cc93f5fa.jpg,1,#121013,0.33053333333333335,neutrals
data/latest/images/runway_backstage_fashion_2025_f4616d28cc93f5fa.jpg,2,#e2e2e2,0.28775833333333334,neutrals
data/latest/images/runway_backstage_fashion_2025_f4616d28cc93f5fa.jpg,3,#312e30,0.17878333333333332,neutrals
data/latest/images/runway_backstage_fashion_2025_f4616d28cc93f5fa.jpg,4,#aba29a,0.13563333333333333,earth
data/latest/images/runway_backstage_fashion_2025_f4616d28cc93f5fa.jpg,5,#6e5e5b,0.06729166666666667,primary/jewel
data/latest/images/Stockholm_Fashion_Week_street_style_2026_a4236fa37858d700.jpg,1,#acaeae,0.36104166666666665,neutrals
data/latest/images/Stockholm_Fashion_Week_street_style_2026_a4236fa37858d700.jpg,2,#c5c8c7,0.30475833333333335,neutrals
data/latest/images/Stockholm_Fashion_Week_street_style_2026_a4236fa37858d700.jpg,3,#0b0b0b,0.127975,neutrals
data/latest/images/Stockholm_Fashion_Week_street_style_2026_a4236fa37858d700.jpg,4,#838685,0.11380833333333333,neutrals
data/latest/images/Stockholm_Fashion_Week_street_style_2026_a4236fa37858d700.jpg,5,#3f3f3f,0.09241666666666666,neutrals
data/latest/images/editorial_fashion_2025_9c8d94b55821c185.jpg,1,#0c101f,0.29120833333333335,neutrals
data/latest/images/editorial_fashion_2025_9c8d94b55821c185.jpg,2,#d2dae2,0.2508916666666667,neutrals
data/latest/images/editorial_fashion_2025_9c8d94b55821c185.jpg,3,#aba4ae,0.17278333333333334,neutrals
data/latest/images/editorial_fashion_2025_9c8d94b55821c185.jpg,4,#7b727a,0.14663333333333334,neutrals
data/latest/images/editorial_fashion_2025_9c8d94b55821c185.jpg,5,#454045,0.13848333333333335,neutrals
data/latest/images/Tokyo_Fashion_Week_street_style_2025_defc62c873cc37ea.jpg,1,#0d1015,0.380225,neutrals
data/latest/images/Tokyo_Fashion_Week_street_style_2025_defc62c873cc37ea.jpg,2,#262424,0.25805833333333333,neutrals
data/latest/images/Tokyo_Fashion_Week_street_style_2025_defc62c873cc37ea.jpg,3,#493a31,0.20858333333333334,earth
data/latest/images/Tokyo_Fashion_Week_street_style_2025_defc62c873cc37ea.jpg,4,#716054,0.11689166666666667,earth
data/latest/images/Tokyo_Fashion_Week_street_style_2025_defc62c873cc37ea.jpg,5,#c6b199,0.036241666666666665,earth
data/latest/images/Milan_Fashion_Week_runway_2025_f5bb68967d90d56e.jpg,1,#080203,0.42204166666666665,neutrals
data/latest/images/Milan_Fashion_Week_runway_2025_f5bb68967d90d56e.jpg,2,#4d1e0e,0.21505,earth
data/latest/images/Milan_Fashion_Week_runway_2025_f5bb68967d90d56e.jpg,3,#9c5740,0.204025,earth
data/latest/images/Milan_Fashion_Week_runway_2025_f5bb68967d90d56e.jpg,4,#673c2a,0.15215833333333334,earth
data/latest/images/Milan_Fashion_Week_runway_2025_f5bb68967d90d56e.jpg,5,#dfb3a5,0.006725,primary/jewel
data/latest/images/Seoul_Fashion_Week_backstage_2026_4c7d28746f65a472.jpg,1,#7f9dbb,0.34578333333333333,blue/purple
data/latest/images/Seoul_Fashion_Week_backstage_2026_4c7d28746f65a472.jpg,2,#cfd4dd,0.31758333333333333,neutrals
data/latest/images/Seoul_Fashion_Week_backstage_2026_4c7d28746f65a472.jpg,3,#2a2a31,0.13620833333333332,blue/purple
data/latest/images/Seoul_Fashion_Week_backstage_2026_4c7d28746f65a472.jpg,4,#70584d,0.10919166666666667,earth
data/latest/images/Seoul_Fashion_Week_backstage_2026_4c7d28746f65a472.jpg,5,#b08f7a,0.09123333333333333,earth
data/latest/images/Milan_Fashion_Week_runway_2026_c0bf510edc640893.jpg,1,#ae999e,0.36544166666666666,primary/jewel
data/latest/images/Milan_Fashion_Week_runway_2026_c0bf510edc640893.jpg,2,#c38b75,0.22186666666666666,earth
data/latest/images/Milan_Fashion_Week_runway_2026_c0bf510edc640893.jpg,3,#292529,0.207425,neutrals
data/latest/images/Milan_Fashion_Week_runway_2026_c0bf510edc640893.jpg,4,#82615e,0.12086666666666666,primary/jewel
data/latest/images/Milan_Fashion_Week_runway_2026_c0bf510edc640893.jpg,5,#cfc7d3,0.0844,neutrals
data/latest/images/lookbook_fashion_2026_2becfc15fa0b16c8.jpg,1,#242627,0.32276666666666665,neutrals
data/latest/images/lookbook_fashion_2026_2becfc15fa0b16c8.jpg,2,#d1d4d3,0.295575,neutrals
data/latest/images/lookbook_fashion_2026_2becfc15fa0b16c8.jpg,3,#757776,0.16594166666666665,neutrals
data/latest/images/lookbook_fashion_2026_2becfc15fa0b16c8.jpg,4,#f5f5f1,0.123575,pastels
data/latest/images/lookbook_fashion_2026_2becfc15fa0b16c8.jpg,5,#a1a4a3,0.09214166666666666,neutrals
data/latest/images/Tokyo_Fashion_Week_street_style_2025_4d2b11835f02057f.png,1,#06070a,0.3902833333333333,neutrals
data/latest/images/Tokyo_Fashion_Week_street_style_2025_4d2b11835f02057f.png,2,#273138,0.20875833333333332,blue/purple
data/latest/images/Tokyo_Fashion_Week_street_style_2025_4d2b11835f02057f.png,3,#4f4f67,0.15968333333333334,blue/purple
data/latest/images/Tokyo_Fashion_Week_street_style_2025_4d2b11835f02057f.png,4,#606f9c,0.12535,blue/purple
data/latest/images/Tokyo_Fashion_Week_street_style_2025_4d2b11835f02057f.png,5,#979cb8,0.115925,blue/purple
data/latest/images/Balmain_burgundy_runway_2025_550e009bbed1772c.jpg,1,#ece1db,0.31164166666666665,pastels
data/latest/images/Balmain_burgundy_runway_2025_550e009bbed1772c.jpg,2,#1b1819,0.25271666666666665,neutrals
data/latest/images/Balmain_burgundy_runway_2025_550e009bbed1772c.jpg,3,#5b595d,0.22646666666666668,neutrals
data/latest/images/Balmain_burgundy_runway_2025_550e009bbed1772c.jpg,4,#4d2323,0.161925,primary/jewel
data/latest/images/Balmain_burgundy_runway_2025_550e009bbed1772c.jpg,5,#ca8e63,0.04725,earth
data/latest/images/editorial_fashion_2025_f6c06fe5f0501cb1.png,1,#999a9c,0.3388583333333333,neutrals
data/latest/images/editorial_fashion_2025_f6c06fe5f0501cb1.png,2,#e4eff6,0.25914166666666666,pastels
data/latest/images/editorial_fashion_2025_f6c06fe5f0501cb1.png,3,#7c7d81,0.22261666666666666,neutrals
data/latest/images/editorial_fashion_2025_f6c06fe5f0501cb1.png,4,#574d49,0.12675833333333333,earth
data/latest/images/editorial_fashion_2025_f6c06fe5f0501cb1.png,5,#b8a122,0.052625,neon
data/latest/images/Milan_Fashion_Week_runway_2026_fb9621b9aec26921.jpg,1,#7c7571,0.57805,earth
data/latest/images/Milan_Fashion_Week_runway_2026_fb9621b9aec26921.jpg,2,#28282c,0.138725,neutrals
data/latest/images/Milan_Fashion_Week_runway_2026_fb9621b9aec26921.jpg,3,#4b484a,0.13545,neutrals
data/latest/images/Milan_Fashion_Week_runway_2026_fb9621b9aec26921.jpg,4,#948c87,0.120175,earth
data/latest/images/Milan_Fashion_Week_runway_2026_fb9621b9aec26921.jpg,5,#e0cec1,0.0276,earth
data/latest/images/London_Fashion_Week_street_style_2025_d1c406381ec8a694.jpg,1,#918172,0.3243333333333333,earth
data/latest/images/London_Fashion_Week_street_style_2025_d1c406381ec8a694.jpg,2,#775e51,0.25548333333333334,earth
data/latest/images/London_Fashion_Week_street_style_2025_d1c406381ec8a694.jpg,3,#181615,0.17659166666666667,neutrals
data/latest/images/London_Fashion_Week_street_style_2025_d1c406381ec8a694.jpg,4,#483831,0.15376666666666666,earth
data/latest/images/London_Fashion_Week_street_style_2025_d1c406381ec8a694.jpg,5,#b7b0a8,0.089825,earth
data/latest/images/Paris_Fashion_Week_runway_2026_4ce83b9a9915b53f.webp,1,#becee9,0.37,blue/purple
data/latest/images/Paris_Fashion_Week_runway_2026_4ce83b9a9915b53f.webp,2,#a1aecc,0.22366666666666668,blue/purple
data/latest/images/Paris_Fashion_Week_runway_2026_4ce83b9a9915b53f.webp,3,#7481a2,0.19008333333333333,blue/purple
data/latest/images/Paris_Fashion_Week_runway_2026_4ce83b9a9915b53f.webp,4,#4b5268,0.11905833333333334,blue/purple
data/latest/images/Paris_Fashion_Week_runway_2026_4ce83b9a9915b53f.webp,5,#191d2a,0.09719166666666666,neutrals
data/latest/images/Copenhagen_Fashion_Week_street_style_2026_b657424999aaa997.jpg,1,#e7dcdd,0.24821666666666667,pastels
data/latest/images/Copenhagen_Fashion_Week_street_style_2026_b657424999aaa997.jpg,2,#b1a8a6,0.23260833333333333,neutrals
data/latest/images/Copenhagen_Fashion_Week_street_style_2026_b657424999aaa997.jpg,3,#70584d,0.21108333333333335,earth
data/latest/images/Copenhagen_Fashion_Week_street_style_2026_b657424999aaa997.jpg,4,#1f1e20,0.18370833333333333,neutrals
data/latest/images/Copenhagen_Fashion_Week_street_style_2026_b657424999aaa997.jpg,5,#dc3a17,0.12438333333333333,neon
data/latest/images/Seoul_Fashion_Week_street_style_2025_10390f7f413aea35.jpg,1,#281d20,0.32879166666666665,neutrals
data/latest/images/Seoul_Fashion_Week_street_style_2025_10390f7f413aea35.jpg,2,#413c40,0.20518333333333333,neutrals
data/latest/images/Seoul_Fashion_Week_street_style_2025_10390f7f413aea35.jpg,3,#71666c,0.179325,primary/jewel
data/latest/images/Seoul_Fashion_Week_street_style_2025_10390f7f413aea35.jpg,4,#9e9aa3,0.1443,neutrals
data/latest/images/Seoul_Fashion_Week_street_style_2025_10390f7f413aea35.jpg,5,#d5d8e1,0.1424,neutrals
data/latest/images/Gucci_Fall_2013_runway_83bcf87cc878e463.jpg,1,#091016,0.567925,neutrals
data/latest/images/Gucci_Fall_2013_runway_83bcf87cc878e463.jpg,2,#171b21,0.33885,neutrals
data/latest/images/Gucci_Fall_2013_runway_83bcf87cc878e463.jpg,3,#393944,0.054558333333333334,blue/purple
data/latest/images/Gucci_Fall_2013_runway_83bcf87cc878e463.jpg,4,#7a7381,0.029441666666666668,jewel
data/latest/images/Gucci_Fall_2013_runway_83bcf87cc878e463.jpg,5,#dbd1d4,0.009225,neutrals
data/latest/images/Los_Angeles_Fashion_Week_backstage_2026_37a74611cb551a42.jpg,1,#797570,0.3098166666666667,neutrals
data/latest/images/Los_Angeles_Fashion_Week_backstage_2026_37a74611cb551a42.jpg,2,#17181b,0.30056666666666665,neutrals
data/latest/images/Los_Angeles_Fashion_Week_backstage_2026_37a74611cb551a42.jpg,3,#999592,0.24214166666666667,neutrals
data/latest/images/Los_Angeles_Fashion_Week_backstage_2026_37a74611cb551a42.jpg,4,#494643,0.11414166666666667,earth
data/latest/images/Los_Angeles_Fashion_Week_backstage_2026_37a74611cb551a42.jpg,5,#cfd2d1,0.03333333333333333,neutrals
data/latest/images/Stockholm_Fashion_Week_street_style_2025_c43d1a7eebfdfe05.jpg,1,#909a98,0.33891666666666664,neutrals
data/latest/images/Stockholm_Fashion_Week_street_style_2025_c43d1a7eebfdfe05.jpg,2,#dde2d4,0.3234166666666667,neutrals
data/latest/images/Stockholm_Fashion_Week_street_style_2025_c43d1a7eebfdfe05.jpg,3,#bcc3b6,0.20344166666666666,neutrals
data/latest/images/Stockholm_Fashion_Week_street_style_2025_c43d1a7eebfdfe05.jpg,4,#16130f,0.07251666666666666,neutrals
data/latest/images/Stockholm_Fashion_Week_street_style_2025_c43d1a7eebfdfe05.jpg,5,#5f6057,0.06170833333333333,earth
data/latest/images/Sydney_Fashion_Week_runway_2025_7c27fc14201cfbea.jpg,1,#46413a,0.31900833333333334,earth
data/latest/images/Sydney_Fashion_Week_runway_2025_7c27fc14201cfbea.jpg,2,#818c6b,0.18055,green/blue
data/latest/images/Sydney_Fashion_Week_runway_2025_7c27fc14201cfbea.jpg,3,#bc33aa,0.169825,neon
data/latest/images/Sydney_Fashion_Week_runway_2025_7c27fc14201cfbea.jpg,4,#dac3a1,0.16949166666666668,earth
data/latest/images/Sydney_Fashion_Week_runway_2025_7c27fc14201cfbea.jpg,5,#2a1c39,0.161125,jewel
data/latest/images/Paris_Fashion_Week_runway_2026_a944d230551ce1bc.jpg,1,#95949c,0.336,neutrals
data/latest/images/Paris_Fashion_Week_runway_2026_a944d230551ce1bc.jpg,2,#d0cccf,0.323925,neutrals
data/latest/images/Paris_Fashion_Week_runway_2026_a944d230551ce1bc.jpg,3,#6f6d71,0.23045,neutrals
data/latest/images/Paris_Fashion_Week_runway_2026_a944d230551ce1bc.jpg,4,#2b2321,0.07989166666666667,neutrals
data/latest/images/Paris_Fashion_Week_runway_2026_a944d230551ce1bc.jpg,5,#f4c241,0.029733333333333334,neon
data/latest/images/Milan_Fashion_Week_runway_2025_20018bafc4d8c840.jpg,1,#090a0c,0.6127833333333333,neutrals
data/latest/images/Milan_Fashion_Week_runway_2025_20018bafc4d8c840.jpg,2,#382b2c,0.112425,primary/jewel
data/latest/images/Milan_Fashion_Week_runway_2025_20018bafc4d8c840.jpg,3,#786567,0.102325,primary/jewel
data/latest/images/Milan_Fashion_Week_runway_2025_20018bafc4d8c840.jpg,4,#a8a0a6,0.09406666666666667,neutrals
data/latest/images/Milan_Fashion_Week_runway_2025_20018bafc4d8c840.jpg,5,#f7f7f7,0.0784,pastels
data/latest/images/Seoul_Fashion_Week_backstage_2026_9db7ce6fd4bf70e1.jpg,1,#716456,0.31795,earth
data/latest/images/Seoul_Fashion_Week_backstage_2026_9db7ce6fd4bf70e1.jpg,2,#4e453a,0.26311666666666667,earth
data/latest/images/Seoul_Fashion_Week_backstage_2026_9db7ce6fd4bf70e1.jpg,3,#a58f78,0.18106666666666665,earth
data/latest/images/Seoul_Fashion_Week_backstage_2026_9db7ce6fd4bf70e1.jpg,4,#f4c47b,0.119,earth
data/latest/images/Seoul_Fashion_Week_backstage_2026_9db7ce6fd4bf70e1.jpg,5,#131109,0.11886666666666666,neutrals
data/latest/images/New_York_Fashion_Week_street_style_2025_a9b3f4701337734b.jpg,1,#6683a1,0.344275,blue/purple
data/latest/images/New_York_Fashion_Week_street_style_2025_a9b3f4701337734b.jpg,2,#4d6681,0.298025,blue/purple
data/latest/images/New_York_Fashion_Week_street_style_2025_a9b3f4701337734b.jpg,3,#0b1018,0.17943333333333333,neutrals
data/latest/images/New_York_Fashion_Week_street_style_2025_a9b3f4701337734b.jpg,4,#334355,0.151925,blue/purple
data/latest/images/New_York_Fashion_Week_street_style_2025_a9b3f4701337734b.jpg,5,#c3a28c,0.026341666666666666,earth
data/latest/images/Stockholm_Fashion_Week_street_style_2025_6520b4a02d2a9241.png,1,#75685b,0.2945833333333333,earth
data/latest/images/Stockholm_Fashion_Week_street_style_2025_6520b4a02d2a9241.png,2,#332722,0.258075,earth
data/latest/images/Stockholm_Fashion_Week_street_style_2025_6520b4a02d2a9241.png,3,#594e47,0.17174166666666665,earth
data/latest/images/Stockholm_Fashion_Week_street_style_2025_6520b4a02d2a9241.png,4,#a67e75,0.16655,primary/jewel
data/latest/images/Stockholm_Fashion_Week_street_style_2025_6520b4a02d2a9241.png,5,#bfaaab,0.10905,primary/jewel
data/latest/images/runway_backstage_fashion_2025_7740e63eb3f08619.jpg,1,#0d0f0f,0.3656916666666667,neutrals
data/latest/images/runway_backstage_fashion_2025_7740e63eb3f08619.jpg,2,#3a4144,0.21901666666666667,blue/purple
data/latest/images/runway_backstage_fashion_2025_7740e63eb3f08619.jpg,3,#eae5d6,0.17191666666666666,pastels
data/latest/images/runway_backstage_fashion_2025_7740e63eb3f08619.jpg,4,#cead8b,0.146,earth
data/latest/images/runway_backstage_fashion_2025_7740e63eb3f08619.jpg,5,#8b7459,0.097375,earth
data/latest/images/fashion_campaign_2026_d4fa59f79f1cb930.jpg,1,#cad1d7,0.30949166666666666,neutrals
data/latest/images/fashion_campaign_2026_d4fa59f79f1cb930.jpg,2,#916a58,0.22135,earth
data/latest/images/fashion_campaign_2026_d4fa59f79f1cb930.jpg,3,#c2967a,0.16909166666666667,earth
data/latest/images/fashion_campaign_2026_d4fa59f79f1cb930.jpg,4,#543e3c,0.15760833333333332,primary/jewel
data/latest/images/fashion_campaign_2026_d4fa59f79f1cb930.jpg,5,#1f191c,0.14245833333333333,neutrals
data/latest/images/London_Fashion_Week_street_style_2025_cf802b7d0a5240d8.jpg,1,#c5ae9b,0.397425,earth
data/latest/images/London_Fashion_Week_street_style_2025_cf802b7d0a5240d8.jpg,2,#181410,0.26686666666666664,neutrals
data/latest/images/London_Fashion_Week_street_style_2025_cf802b7d0a5240d8.jpg,3,#3d332a,0.16381666666666667,earth
data/latest/images/London_Fashion_Week_street_style_2025_cf802b7d0a5240d8.jpg,4,#8a6d55,0.10045,earth
data/latest/images/London_Fashion_Week_street_style_2025_cf802b7d0a5240d8.jpg,5,#a41913,0.07144166666666667,primary/jewel
data/latest/images/Los_Angeles_Fashion_Week_backstage_2026_ff846ea3cb724f99.jpg,1,#756246,0.317175,earth
data/latest/images/Los_Angeles_Fashion_Week_backstage_2026_ff846ea3cb724f99.jpg,2,#4f2d18,0.195025,earth
data/latest/images/Los_Angeles_Fashion_Week_backstage_2026_ff846ea3cb724f99.jpg,3,#ccc4ba,0.1818,earth
data/latest/images/Los_Angeles_Fashion_Week_backstage_2026_ff846ea3cb724f99.jpg,4,#a69171,0.162,earth
data/latest/images/Los_Angeles_Fashion_Week_backstage_2026_ff846ea3cb724f99.jpg,5,#c41817,0.144,neon
