query,path,url
fashion campaign 2026,data/latest/images/fashion_campaign_2026_ace95d8c68df9c57.jpg,https://wwd.com/wp-content/uploads/2025/11/Valentino_CRUISE-2026_NoLogo_16x9_09.jpg?w=1000&h=563&crop=1
fashion campaign 2026,data/latest/images/fashion_campaign_2026_710732c2fc9a1a97.jpg,https://s.yimg.com/ny/api/res/1.2/wtK9k6u4kQGyEF7btdbhLg--/YXBwaWQ9aGlnaGxhbmRlcjt3PTk2MDtoPTEyMDA7Y2Y9d2VicA--/https://media.zenfs.com/en/footwear_news_642/252a4653f6b7acf15735db0545fe9414
fashion campaign 2026,data/latest/images/fashion_campaign_2026_6d79dc587b4aca4b.jpg,https://theimpression.com/wp-content/uploads/2025/10/The-Best-Handbags-of-Spring-2026-%E2%80%93-Homepage-scaled.jpg
fashion campaign 2026,data/latest/images/fashion_campaign_2026_d2ccb0b2bd8e12c4.jpg,https://lookaside.instagram.com/seo/google_widget/crawler/?media_id=3759691133719010891
fashion campaign 2026,data/latest/images/fashion_campaign_2026_0450cf7fd2d5e199.jpg,https://lookaside.instagram.com/seo/google_widget/crawler/?media_id=3759646513731551413
fashion campaign 2026,data/latest/images/fashion_campaign_2026_302aeacf60c33d17.jpg,https://www.fashionela.net/wp-content/uploads/2025/11/Valentino_Cruise_2026_Fashionela-1-819x1024.jpg
fashion campaign 2026,data/latest/images/fashion_campaign_2026_1b7bf4937a707499.jpg,https://i.mdel.net/i/db/2025/11/2654670/2654670-800w.jpg
fashion campaign 2026,data/latest/images/fashion_campaign_2026_6c2833af2a45c4f5.jpg,https://wwd.com/wp-content/uploads/2025/09/coach-spring-2026-backstage-NW-22.jpg?w=1024
fashion campaign 2026,data/latest/images/fashion_campaign_2026_4933b4632ae82319.jpg,https://pagesix.com/wp-content/uploads/sites/3/2025/11/www-instagram-com-maisonvalentino-p-114913378_534ed9.jpg?w=819
fashion campaign 2026,data/latest/images/fashion_campaign_2026_5b1f03bd9fdb8e0a.jpg,http://www.fashionela.net/wp-content/uploads/2025/11/Valentino_Cruise_2026_Fashionela.jpg
fashion campaign 2026,data/latest/images/fashion_campaign_2026_6d3ffa1e733efb27.jpg,https://lookaside.instagram.com/seo/google_widget/crawler/?media_id=3759841172413127696
fashion campaign 2026,data/latest/images/fashion_campaign_2026_c55db220c0503251.jpg,https://people.com/thmb/83f3UOJ7QWnZxvY3AaU44Rt89Ew=/1500x0/filters:no_upscale():max_bytes(150000):strip_icc():focal(599x0:601x2)/tate-mcrae-valentino-3-110725-8c46ca17776b4b359d3b308ed7cc9593.jpg
fashion campaign 2026,data/latest/images/fashion_campaign_2026_925627f4b3ad0791.jpg,https://assets.vogue.com/photos/68d061bc1c407fb1b00dcaf8/master/w_2560%2Cc_limit/MFW-CHEAT-SHEET-STORY.jpg
fashion campaign 2026,data/latest/images/fashion_campaign_2026_b5bc09bfa29a04a5.jpg,https://hips.hearstapps.com/hmg-prod/images/model-at-the-dior-cruise-2026-show-held-at-the-villa-albani-news-photo-1748438887.pjpeg?resize=980:*
fashion campaign 2026,data/latest/images/fashion_campaign_2026_2abb00100691fbb2.jpg,https://cdn.mos.cms.futurecdn.net/ApAHFpCmnXf7GtHVPKpG4Z.jpg
fashion campaign 2026,data/latest/images/fashion_campaign_2026_c9302bd54f00c1fb.jpg,https://cdn.mos.cms.futurecdn.net/HZwwFW6gjNQKctCRq2hxtH.jpg
fashion campaign 2026,data/latest/images/fashion_campaign_2026_f02544c977b6c0ea.jpg,https://theimpression.com/wp-content/uploads/2025/11/Maison-Margiela-Holiday-2025-Ad-Campaign-The-Impression-015-770x513.jpg
fashion campaign 2026,data/latest/images/fashion_campaign_2026_b131c0c3b6bb80e9.jpg,"https://hips.hearstapps.com/hmg-prod/images/ss26-jewelry-68fba71ed32de.jpg?crop=0.5xw:1xh;center,top&resize=360:*"
fashion campaign 2026,data/latest/images/fashion_campaign_2026_fcba71f42c607bc6.jpg,https://lookaside.instagram.com/seo/google_widget/crawler/?media_id=3759881024146879313
fashion campaign 2026,data/latest/images/fashion_campaign_2026_a4236fa37858d700.jpg,http://www.fashionela.net/wp-content/uploads/2025/11/Bottega_Veneta_Jacob_Elordi_2026_Fashionela-1.jpg
fashion campaign 2026,data/latest/images/fashion_campaign_2026_6c3e897fac6a5810.jpg,https://assets.vogue.com/photos/66f3e1a8201c41ed9aa000a7/master/w_775%2Cc_limit/SECOND_SHOWS-STORY%2520(2).jpg
fashion campaign 2026,data/latest/images/fashion_campaign_2026_5500fa2b8dcefa6a.jpg,https://numero.com/wp-content/uploads/2025/08/thumb-saint-laurent-summer-2025.jpg
fashion campaign 2026,data/latest/images/fashion_campaign_2026_bc1f21b21bbfd6de.jpg,"https://hips.hearstapps.com/hmg-prod/images/soyeon-coach-the-gift-for-new-adventures-campaign-tabby-6908d893eb177.jpg?crop=0.9325333333333334xw:1xh;center,top"
fashion campaign 2026,data/latest/images/fashion_campaign_2026_9eeec88931b25dac.jpg,https://www.fashionela.net/wp-content/uploads/2025/11/Bottega_Veneta_Jacob_Elordi_2026_Fashionela-7-1024x1024.jpg
fashion campaign 2026,data/latest/images/fashion_campaign_2026_705ff69acda85acb.jpg,https://lookaside.instagram.com/seo/google_widget/crawler/?media_id=3758968359316687024
fashion campaign 2026,data/latest/images/fashion_campaign_2026_76c13528d4260bfd.jpg,"https://hips.hearstapps.com/hmg-prod/images/model-walks-the-runway-during-the-christian-dior-womenswear-news-photo-1759397016.pjpeg?crop=0.937xw:0.938xh;0.0204xw,0.0624xh&resize=980:*"
fashion campaign 2026,data/latest/images/fashion_campaign_2026_f2247eeb1cb0a393.jpg,"https://hips.hearstapps.com/hmg-prod/images/fashion-trends-ss26-68fbaee27caa1.jpg?crop=0.502xw:1.00xh;0.250xw,0&resize=360:*"
fashion campaign 2026,data/latest/images/fashion_campaign_2026_f74383ed9955238d.jpg,https://s.yimg.com/ny/api/res/1.2/zTCNmxYvttiKYtzlK5hjxA--/YXBwaWQ9aGlnaGxhbmRlcjt3PTk2MDtoPTE0Mzk7Y2Y9d2VicA--/https://media.zenfs.com/en/red_carpet_fashion_awards_237/5e4ba32e75df7fb6a44e0c10108c5ebe
fashion campaign 2026,data/latest/images/fashion_campaign_2026_20018bafc4d8c840.jpg,https://i.ytimg.com/vi/7AS-lgaldf0/hq720.jpg?sqp=-oaymwEhCK4FEIIDSFryq4qpAxMIARUAAAAAGAElAADIQj0AgKJD&rs=AOn4CLDeHMzBch_1iMeFs5eaNV8lvvrbaQ
fashion campaign 2026,data/latest/images/fashion_campaign_2026_6b8eec559f4be1fb.jpg,https://thefashionography.com/wp-content/uploads/2025/11/BALENCIAGA-SKIWEAR-2025-CAMPAIGN-NO-LOGO-IMAGE-3-768x1024.jpg
fashion campaign 2026,data/latest/images/fashion_campaign_2026_15f070ca540391c7.jpg,https://i.ytimg.com/vi/g_4qEWZdm1c/hq720.jpg?sqp=-oaymwEhCK4FEIIDSFryq4qpAxMIARUAAAAAGAElAADIQj0AgKJD&rs=AOn4CLDLx4PfTWci7wzpx8OMSBvfqN4Q_w
fashion campaign 2026,data/latest/images/fashion_campaign_2026_21ea50d79c8cd63d.jpg,https://images.adamkatzsinding.com/wp-content/uploads/2025/10/Adam-Katz-Sinding-Vittoria-Ceretti-HM-InBetweens-Fall-Winter-2025-2026-Campaign-Paris-France-67.jpg
fashion campaign 2026,data/latest/images/fashion_campaign_2026_f331f654c62d9373.jpg,https://assets.vogue.com/photos/69047b5d38077846c2240e75/master/w_1280%2Cc_limit/00001-barbara-tfank-spring-2026-ready-to-wear-credit-brand.jpg
fashion campaign 2026,data/latest/images/fashion_campaign_2026_fa01da8c41f5465f.jpg,https://www.fashiongonerogue.com/wp-content/uploads/2025/11/Emily-Ratajkowski-Kurt-Geiger-Holiday-2025-750x420.jpg
fashion campaign 2026,data/latest/images/fashion_campaign_2026_2c40c06cb8d3a392.jpg,https://theimpression.com/wp-content/uploads/2025/11/BOTTEGA-VENETA_WHAT-ARE-DREAMS_DUANE-MICHALS-JACOB-ELORDI_16x9-3-770x513.jpg
fashion campaign 2026,data/latest/images/fashion_campaign_2026_d4fa59f79f1cb930.jpg,https://mediaslide-europe.storage.googleapis.com/success/news_pictures/2025/11/large-1762190812-7602ad72dac6b8a958d08ed0b0252a66.jpg
fashion campaign 2026,data/latest/images/fashion_campaign_2026_4a67702a53361641.jpg,https://wwd.com/wp-content/uploads/2024/03/WWD11072205_cover.jpg?w=450
fashion campaign 2026,data/latest/images/fashion_campaign_2026_aeabaa1f4cb5a394.jpg,"https://media.fashionnetwork.com/cdn-cgi/image/fit=contain,width=1000,height=1000,format=auto/m/e7f7/bbac/5103/6cae/4d4b/193b/18ae/6d88/ec9d/a53a/a53a.jpg"
fashion campaign 2026,data/latest/images/fashion_campaign_2026_d9498517ea8af727.jpg,https://image-cdn.hypb.st/https%3A%2F%2Fhypebeast.com%2Fwp-content%2Fblogs.dir%2F6%2Ffiles%2F2025%2F11%2F06%2FSingle-Image-13.jpg?fit=max&cbr=1&q=90&w=750&h=500
fashion campaign 2026,data/latest/images/fashion_campaign_2026_418d0de8cc3693d8.jpg,https://voguesg.s3.ap-southeast-1.amazonaws.com/wp-content/uploads/2025/10/06112543/celine-v-show.jpg
fashion campaign 2026,data/latest/images/fashion_campaign_2026_3dee30956a1934e9.jpg,https://thefashionography.com/wp-content/uploads/2025/11/VA906__PR-CROPS_SP_NO-LOGO_03-790x1024.jpg
fashion campaign 2026,data/latest/images/fashion_campaign_2026_65c238f774e2da31.jpg,https://mediaslide-europe.storage.googleapis.com/success/news_pictures/2025/11/large-1762250983-54df8d729437f456aa8a71f4fe80498a.jpg
fashion campaign 2026,data/latest/images/fashion_campaign_2026_bcc20dc0d0a16e6a.jpg,https://thepost.ph/wp-content/uploads/2025/11/chanel-cruise-2026-singapore-fashion-show-raffles-hotel-9-819x1024.jpg
Tokyo Fashion Week runway 2026,data/latest/images/Tokyo_Fashion_Week_runway_2026_eb92cdb5ddecb741.jpg,https://i.ytimg.com/vi/uCyjRnr80Yc/hq720.jpg?sqp=-oaymwEhCK4FEIIDSFryq4qpAxMIARUAAAAAGAElAADIQj0AgKJD&rs=AOn4CLD0cN2VDRRlrfYFTV0Po7n0wVh3Qg
Tokyo Fashion Week runway 2026,data/latest/images/Tokyo_Fashion_Week_runway_2026_20018bafc4d8c840.jpg,https://i.ytimg.com/vi/7AS-lgaldf0/hq720.jpg?sqp=-oaymwEhCK4FEIIDSFryq4qpAxMIARUAAAAAGAElAADIQj0AgKJD&rs=AOn4CLDeHMzBch_1iMeFs5eaNV8lvvrbaQ
Tokyo Fashion Week runway 2026,data/latest/images/Tokyo_Fashion_Week_runway_2026_a68dfe30e036e586.jpg,https://i.ytimg.com/vi/RmqCNk3oB0E/hq720.jpg?sqp=-oaymwEhCK4FEIIDSFryq4qpAxMIARUAAAAAGAElAADIQj0AgKJD&rs=AOn4CLBIuXIwOXPIbG50WdqEro7jcdm6BA
Tokyo Fashion Week runway 2026,data/latest/images/Tokyo_Fashion_Week_runway_2026_59be1d1558b6fde6.jpg,https://i.ytimg.com/vi/hwceBQ0EzK0/hq720.jpg?sqp=-oaymwEhCK4FEIIDSFryq4qpAxMIARUAAAAAGAElAADIQj0AgKJD&rs=AOn4CLA-Ow190nvcfpIISTQujIt5UBkD0g
Tokyo Fashion Week runway 2026,data/latest/images/Tokyo_Fashion_Week_runway_2026_06086ef6ac4fc8df.jpg,https://fashionweekonline.com/wp-content/uploads/2025/11/SV7_9837_4VlJV1PZ-copy.jpg
Tokyo Fashion Week runway 2026,data/latest/images/Tokyo_Fashion_Week_runway_2026_b0e2beb3f3c0c40b.jpg,https://fashionweekonline.com/wp-content/uploads/2025/11/SV7_0955_NMNvorGn-copy.jpg
Tokyo Fashion Week runway 2026,data/latest/images/Tokyo_Fashion_Week_runway_2026_b360438e6f15c916.jpg,https://hips.hearstapps.com/hmg-prod/images/model-poses-during-the-chika-kisada-show-at-tokyo-fashion-news-photo-1757587727.pjpeg?resize=980:*
Tokyo Fashion Week runway 2026,data/latest/images/Tokyo_Fashion_Week_runway_2026_436b02cba4eed119.jpg,https://hips.hearstapps.com/hmg-prod/images/model-walks-the-runway-in-a-design-by-pillings-during-the-news-photo-1757587276.pjpeg?resize=980:*
Tokyo Fashion Week runway 2026,data/latest/images/Tokyo_Fashion_Week_runway_2026_52cfc956da81b18e.jpg,https://wwd.com/wp-content/uploads/2025/09/michael-kors-runway-ss26-GG_053.jpg?w=1024
Tokyo Fashion Week runway 2026,data/latest/images/Tokyo_Fashion_Week_runway_2026_6604ac271db7e29f.jpg,https://fashionweekonline.com/wp-content/uploads/2025/11/SV6_9482_1axhPEnU-copy.jpg
Tokyo Fashion Week runway 2026,data/latest/images/Tokyo_Fashion_Week_runway_2026_528c24dd3e3bd73d.jpg,https://lookaside.instagram.com/seo/google_widget/crawler/?media_id=3758593269664140674
Tokyo Fashion Week runway 2026,data/latest/images/Tokyo_Fashion_Week_runway_2026_49a3c47d8833dc63.jpg,https://lookaside.instagram.com/seo/google_widget/crawler/?media_id=3757808007028197197
Tokyo Fashion Week runway 2026,data/latest/images/Tokyo_Fashion_Week_runway_2026_ed9d44c3c562adb9.jpg,https://lookaside.instagram.com/seo/google_widget/crawler/?media_id=3758593268783335333
Tokyo Fashion Week runway 2026,data/latest/images/Tokyo_Fashion_Week_runway_2026_1ffb8d32461c253f.jpg,https://lookaside.instagram.com/seo/google_widget/crawler/?media_id=3758593269043364475
Tokyo Fashion Week runway 2026,data/latest/images/Tokyo_Fashion_Week_runway_2026_b6af98d57c361028.jpg,https://lookaside.instagram.com/seo/google_widget/crawler/?media_id=3757808006944282787
Tokyo Fashion Week runway 2026,data/latest/images/Tokyo_Fashion_Week_runway_2026_812a560b87f367c2.jpg,https://fashionweekonline.com/wp-content/uploads/2025/11/SV7_9795_5nqbw0eo-copy.jpg
Tokyo Fashion Week runway 2026,data/latest/images/Tokyo_Fashion_Week_runway_2026_79880d7e5f8de6ff.jpg,https://fashionweekonline.com/wp-content/uploads/2025/11/SV6_9521_3mGS5ViM-copy.jpg
Tokyo Fashion Week runway 2026,data/latest/images/Tokyo_Fashion_Week_runway_2026_680a4c5e6b71e126.jpg,https://i.ytimg.com/vi/KC2DhX97uxo/hq720.jpg?sqp=-oaymwEhCK4FEIIDSFryq4qpAxMIARUAAAAAGAElAADIQj0AgKJD&rs=AOn4CLCwhOXAWfDh7YQJQSxWaIgnHkLORQ
Tokyo Fashion Week runway 2026,data/latest/images/Tokyo_Fashion_Week_runway_2026_58f3d7ac9eb8c46a.jpg,https://media.nowfashion.com/wp-content/uploads/2025/06/Junya-Watanabe-Menswear-Spring-Summer-2026-Paris-Fashion-Week-Runway-047.jpg
Tokyo Fashion Week runway 2026,data/latest/images/Tokyo_Fashion_Week_runway_2026_d24d1e4e87c65867.jpg,https://media.nowfashion.com/wp-content/uploads/2025/06/Junya-Watanabe-Menswear-Spring-Summer-2026-Paris-Fashion-Week-Runway-035.jpg
Tokyo Fashion Week runway 2026,data/latest/images/Tokyo_Fashion_Week_runway_2026_90b605fc7059bd55.jpg,https://img1.popfashioninfo.com/upload/report/small_cover/1/cover_img_28096_3H7E8YpLI0Xs2Spt.jpg
Tokyo Fashion Week runway 2026,data/latest/images/Tokyo_Fashion_Week_runway_2026_1eafb6146eab3861.webp,https://media.nowfashion.com/wp-content/uploads/2025/09/Phan-Dang-Hoang-Ready-To-Wear-Spring-Summer-2026-Milan-Fashion-Week-Runway-005.jpg
Tokyo Fashion Week runway 2026,data/latest/images/Tokyo_Fashion_Week_runway_2026_1f2103212a347351.webp,https://images.squarespace-cdn.com/content/v1/5d1a51ca27352d0001fbed05/0b8886fe-3982-4d5b-a262-0ddb6c5d1938/RFW_2025_Hindamne_Look_35.webp
Tokyo Fashion Week runway 2026,data/latest/images/Tokyo_Fashion_Week_runway_2026_96b6d337d3a2363c.webp,https://images.squarespace-cdn.com/content/v1/5d1a51ca27352d0001fbed05/f8f3ce38-16f1-43cf-95a1-526992c290fc/Haute-Mode-Hirata_025.jpg
Tokyo Fashion Week runway 2026,data/latest/images/Tokyo_Fashion_Week_runway_2026_4d1cf245b7bba47d.jpg,https://assets.vogue.com/photos/6908799cb3da96f90ddf2bf3/master/w_1280%2Cc_limit/00001-oshobor-spring-2026-ready-to-wear-lagos-credit-brand.jpg
Tokyo Fashion Week runway 2026,data/latest/images/Tokyo_Fashion_Week_runway_2026_6ce11a67dc63d30c.jpg,https://hips.hearstapps.com/hmg-prod/images/model-poses-during-the-chika-kisada-show-at-tokyo-fashion-news-photo-1757587699.pjpeg?resize=980:*
Tokyo Fashion Week runway 2026,data/latest/images/Tokyo_Fashion_Week_runway_2026_0c654fddfd7f62d7.png,https://hashtaglegend.com/wp-content/uploads/2025/11/00001-prada-spring-2026-menswear-credit-gorunway-1-683x1024.png
Tokyo Fashion Week runway 2026,data/latest/images/Tokyo_Fashion_Week_runway_2026_9a50b126a4f085e3.jpg,https://www.stylerave.com/wp-content/uploads/2025/11/SaveClip.App_573260045_18542943145025304_633799239620801223_n.jpg
Tokyo Fashion Week runway 2026,data/latest/images/Tokyo_Fashion_Week_runway_2026_6468ffc18ca38ec3.webp,https://images.squarespace-cdn.com/content/v1/5d1a51ca27352d0001fbed05/e610c100-3b40-4aa8-933c-b2e75ea5c95e/RFW_2025_Hindamme_Details_023.webp
Tokyo Fashion Week runway 2026,data/latest/images/Tokyo_Fashion_Week_runway_2026_1e7d085501299b70.jpg,https://www.stylerave.com/wp-content/uploads/2025/11/SaveClip.App_570162883_18543197689025304_5237780397146642922_n.jpg
Tokyo Fashion Week runway 2026,data/latest/images/Tokyo_Fashion_Week_runway_2026_d3a967885014c2d2.jpg,https://www.stylerave.com/wp-content/uploads/2025/11/SaveClip.App_572032626_18542990917025304_5422151405200583228_n.jpg
Tokyo Fashion Week runway 2026,data/latest/images/Tokyo_Fashion_Week_runway_2026_2c8f042af4695dd7.jpg,https://www.stylerave.com/wp-content/uploads/2025/11/SaveClip.App_571757108_18542989006025304_6848550940609637612_n.jpg
Tokyo Fashion Week runway 2026,data/latest/images/Tokyo_Fashion_Week_runway_2026_5b9f2f25adbdc293.jpg,https://blogger.googleusercontent.com/img/b/R29vZ2xl/AVvXsEj9wnpyroULUQoZJ0F2wyKA1yfqOGmCHodN8-Z2E5Bjiu44uIRdEG2OF5_4E3evKWdrTacDsq3pWmaOg4Dap3sUwnwdKvCFUrng3Ueqnh6Qam6BJ5b8paV_MyCZp71zvCpzg1-MmkFGsNgLj0VBcuz4bfaDXiE-CL3VdRf0rZISupE5Gcdx2-wd6oPiLy4/s16000/JAYZOO%2087.jpg
Tokyo Fashion Week runway 2026,data/latest/images/Tokyo_Fashion_Week_runway_2026_eca703015e78d14a.jpg,https://media.nowfashion.com/wp-content/uploads/2025/09/Phan-Dang-Hoang-Ready-To-Wear-Spring-Summer-2026-Milan-Fashion-Week-Runway-011.jpg
Tokyo Fashion Week runway 2026,data/latest/images/Tokyo_Fashion_Week_runway_2026_35bb69924f9d4cc7.webp,https://media.nowfashion.com/wp-content/uploads/2025/06/Giorgio-Armani-Menswear-Spring-Summer-2026-Milan-Fashion-Week-Runway-0016.jpg
Tokyo Fashion Week runway 2026,data/latest/images/Tokyo_Fashion_Week_runway_2026_d8665bf4d3a5619e.jpg,https://media.gettyimages.com/id/2239045762/photo/paris-france-a-model-walks-the-runway-during-the-yohji-yamamoto-womenswear-spring-summer-2026.jpg?s=612x612&w=gi&k=20&c=8XuU3QuyjrFTmX2-eB5iEu1a5tldKr95mQrkCk5RRyU=
Tokyo Fashion Week runway 2026,data/latest/images/Tokyo_Fashion_Week_runway_2026_74824e299ffb8fd1.png,https://hashtaglegend.com/wp-content/uploads/2025/11/00007-louis-vuitton-spring-2026-menswear-credit-gorunway-1-683x1024.png
Tokyo Fashion Week runway 2026,data/latest/images/Tokyo_Fashion_Week_runway_2026_dea2a7f756df5e26.png,https://www.stylerave.com/wp-content/uploads/2025/11/1000-x-1000-18-1.png
Tokyo Fashion Week runway 2026,data/latest/images/Tokyo_Fashion_Week_runway_2026_03f0bc75f7eb4c01.jpg,https://cms.showstudio.com/images/J1IgiRx5lakDNO92Loo7yPnYGjQ=/618785/width-2560/MSML_SS26_Lookbook_031.jpg
Tokyo Fashion Week runway 2026,data/latest/images/Tokyo_Fashion_Week_runway_2026_3a1ef37f0b787558.jpg,https://img.businessoffashion.com/resizer/v2/PZ5PP4YESBBM5AXHZMFBUHUV7E.png?focal=898%2C483&auth=700725150b7b71717c7d57ee84ce039cab551a1db58c52bcbfdf50f2d7594ba0&width=800&height=450
Tokyo Fashion Week runway 2026,data/latest/images/Tokyo_Fashion_Week_runway_2026_58cd293a53366466.png,https://hashtaglegend.com/wp-content/uploads/2025/11/00005-dries-van-noten-spring-2026-menswear-credit-gorunway-1-683x1024.png
Tokyo Fashion Week runway 2026,data/latest/images/Tokyo_Fashion_Week_runway_2026_585edc6196c23fa6.jpg,https://www.kyoceradocumentsolutions.us/content/dam/kyocera-americas/common/images/media-image-large/media-image-large-1178x663-Anrealage_Paris2026ss_2x3_014.jpg
Stockholm Fashion Week street style 2025,data/latest/images/Stockholm_Fashion_Week_street_style_2025_3e0815fcf0df9d89.jpg,https://i.ytimg.com/vi/-lLoTidUc0Y/sddefault.jpg
Stockholm Fashion Week street style 2025,data/latest/images/Stockholm_Fashion_Week_street_style_2025_89ce1f0e8434a586.jpg,https://i.ytimg.com/vi/-lLoTidUc0Y/maxresdefault.jpg
Stockholm Fashion Week street style 2025,data/latest/images/Stockholm_Fashion_Week_street_style_2025_60458fa9869b2c27.jpg,https://i.ytimg.com/vi/6x0NdCLvLks/maxresdefault.jpg
Stockholm Fashion Week street style 2025,data/latest/images/Stockholm_Fashion_Week_street_style_2025_0b4ba755974d36fb.jpg,https://assets.vogue.com/photos/6908ca06776db16835835b87/3:4/w_1600%2Cc_limit/LAGOSFASHIONWEEK2025_STREETSTYLE_DAY3_STEPHENTAYO_002.jpg
Stockholm Fashion Week street style 2025,data/latest/images/Stockholm_Fashion_Week_street_style_2025_a8992111bbef0dba.png,https://i0.wp.com/thecatalystnews.com/wp-content/uploads/2025/11/image-6-e1762635899664.png?fit=462%2C347&ssl=1
Stockholm Fashion Week street style 2025,data/latest/images/Stockholm_Fashion_Week_street_style_2025_34bca636476ec0cb.jpg,https://assets.vogue.com/photos/631108cf72022083cfa35302/master/w_1024%2Cc_limit/stockholm-fashion-week-ss23-street-style-day2-015.jpg
Stockholm Fashion Week street style 2025,data/latest/images/Stockholm_Fashion_Week_street_style_2025_2b714fadc3965fd0.jpg,https://assets.vogue.com/photos/5c59b645bde1112d1835b2b7/master/w_1024%2Cc_limit/01-stockholm-streetstyle-fw19-day-2-acielle.jpg
Stockholm Fashion Week street style 2025,data/latest/images/Stockholm_Fashion_Week_street_style_2025_fceee36d5a149ca4.png,https://i0.wp.com/thecatalystnews.com/wp-content/uploads/2025/11/image-4.png?resize=608%2C1024&ssl=1
Stockholm Fashion Week street style 2025,data/latest/images/Stockholm_Fashion_Week_street_style_2025_5bce12d5b61abb18.jpg,https://assets.vogue.com/photos/5c59b6454c30612ecfa8a039/master/w_1024%2Cc_limit/02-stockholm-streetstyle-fw19-day-2-acielle.jpg
Stockholm Fashion Week street style 2025,data/latest/images/Stockholm_Fashion_Week_street_style_2025_6520b4a02d2a9241.png,https://i0.wp.com/thecatalystnews.com/wp-content/uploads/2025/11/image-5.png?resize=621%2C1024&ssl=1
Stockholm Fashion Week street style 2025,data/latest/images/Stockholm_Fashion_Week_street_style_2025_2e7caccc1dd3742e.jpg,https://lookaside.instagram.com/seo/google_widget/crawler/?media_id=3760766058975172951
Stockholm Fashion Week street style 2025,data/latest/images/Stockholm_Fashion_Week_street_style_2025_ac396571bed172e4.jpg,https://lookaside.instagram.com/seo/google_widget/crawler/?media_id=3760742220371381648
Stockholm Fashion Week street style 2025,data/latest/images/Stockholm_Fashion_Week_street_style_2025_926aed372639a398.jpg,https://lookaside.instagram.com/seo/google_widget/crawler/?media_id=3760765513237509298
Stockholm Fashion Week street style 2025,data/latest/images/Stockholm_Fashion_Week_street_style_2025_8b6c36aee74b957d.jpg,https://b4209790.smushcdn.com/4209790/wp-content/uploads/2025/11/20F7-Fashion-Week-768x1024.jpeg?lossy=1&strip=1&webp=1
Stockholm Fashion Week street style 2025,data/latest/images/Stockholm_Fashion_Week_street_style_2025_5354b345a5ca0027.webp,https://cassette.sphdigital.com.sg/image/harpersbazaar/3af2cb57d6ec14d74d53f6a26a9322ada75098c5717dca899870463741426beb?w=1000&q=85
Stockholm Fashion Week street style 2025,data/latest/images/Stockholm_Fashion_Week_street_style_2025_d28dbb1d55c014db.jpg,https://lookaside.instagram.com/seo/google_widget/crawler/?media_id=3759209702253147147
Stockholm Fashion Week street style 2025,data/latest/images/Stockholm_Fashion_Week_street_style_2025_1f66d543cdad9ce4.webp,https://cassette.sphdigital.com.sg/image/harpersbazaar/f053097ed206b55b99391392591bee0caff2ce1aa30bb33f92e318e956f7ee18?w=1000&q=85
Stockholm Fashion Week street style 2025,data/latest/images/Stockholm_Fashion_Week_street_style_2025_142b8d76c8664c59.jpg,https://image-cdn.hypb.st/https%3A%2F%2Fhypebeast.com%2Fimage%2F2025%2F10%2F31%2Fthe-couture-club-runway-fall-winter-2025-collection-release-info-18.jpg?q=75&w=800&cbr=1&fit=max
Stockholm Fashion Week street style 2025,data/latest/images/Stockholm_Fashion_Week_street_style_2025_be1590ac6bbc8d5a.jpg,https://lookaside.instagram.com/seo/google_widget/crawler/?media_id=3761633287799480755
Stockholm Fashion Week street style 2025,data/latest/images/Stockholm_Fashion_Week_street_style_2025_149512b8a35e58b4.png,https://pauseonline.s3.eu-west-2.amazonaws.com/wp-content/uploads/2025/11/Copy-of-Untitled-1200-x-800-px-3-600x403.png
Stockholm Fashion Week street style 2025,data/latest/images/Stockholm_Fashion_Week_street_style_2025_aeabaa1f4cb5a394.jpg,"https://media.fashionnetwork.com/cdn-cgi/image/fit=contain,width=1000,height=1000,format=auto/m/e7f7/bbac/5103/6cae/4d4b/193b/18ae/6d88/ec9d/a53a/a53a.jpg"
Stockholm Fashion Week street style 2025,data/latest/images/Stockholm_Fashion_Week_street_style_2025_245348dbf92b9865.jpg,https://hips.hearstapps.com/cosmopolitan-uk/14/36/nrm_1409588081-img_1934.jpg
Stockholm Fashion Week street style 2025,data/latest/images/Stockholm_Fashion_Week_street_style_2025_564f2afba2494648.png,https://i0.wp.com/thecatalystnews.com/wp-content/uploads/2025/11/image-3.png?resize=604%2C1024&ssl=1
Stockholm Fashion Week street style 2025,data/latest/images/Stockholm_Fashion_Week_street_style_2025_d18789ecf1f63119.jpg,https://hips.hearstapps.com/elleuk.cdnds.net/15/37/2048x2730/2048x2730-s-elleuk-com-gallery-15241-1346336695-stockholm-fashion-week-street-style-celine-aldo-topshop-48-jpg.jpg
Stockholm Fashion Week street style 2025,data/latest/images/Stockholm_Fashion_Week_street_style_2025_2aeaf2c4d1e60e6b.jpg,"https://hips.hearstapps.com/hmg-prod/images/gettyimages-841028908-690b44d4da959.jpg?crop=0.668xw:1.00xh;0.167xw,0&resize=360:*"
Stockholm Fashion Week street style 2025,data/latest/images/Stockholm_Fashion_Week_street_style_2025_4a830cf23b9c8907.jpg,https://assets.vogue.com/photos/6312491a1c979041e1d8d4e7/master/w_1024%2Cc_limit/stockholm-fashion-week-ss23-street-style-day4-002.jpg
Stockholm Fashion Week street style 2025,data/latest/images/Stockholm_Fashion_Week_street_style_2025_55162ca9dfb46400.jpg,https://i.pinimg.com/736x/6d/42/28/6d4228a8bca4322cc5ceb4557da58474.jpg
Stockholm Fashion Week street style 2025,data/latest/images/Stockholm_Fashion_Week_street_style_2025_519fe80e1414c4d3.png,https://i0.wp.com/thecatalystnews.com/wp-content/uploads/2025/11/image-2.png?resize=576%2C1024&ssl=1
Stockholm Fashion Week street style 2025,data/latest/images/Stockholm_Fashion_Week_street_style_2025_2a2eb886cea15cb3.jpg,https://hips.hearstapps.com/elleuk.cdnds.net/15/37/2048x2730/2048x2730-2eb9cc30-29fa-11e6-9cdd-21395b3400d9-assets-elleuk-com-gallery-7133-1386841273-main-jpg.jpg
Stockholm Fashion Week street style 2025,data/latest/images/Stockholm_Fashion_Week_street_style_2025_605f43749dcab073.jpg,https://fashionista.com/.image/ar_1:1%2Cc_fill%2Ccs_srgb%2Cfl_progressive%2Cg_faces:center%2Cq_auto:good%2Cw_620/MjE5MDAxMzI3NTg0NDIxNzEy/thirteen-lune-nyakio-grieco-lawsuit-withdrawn-2025.jpg
Stockholm Fashion Week street style 2025,data/latest/images/Stockholm_Fashion_Week_street_style_2025_ed6b1c2afb85b500.jpg,https://image-cdn.hypb.st/https%3A%2F%2Fhypebeast.com%2Fimage%2F2025%2F10%2F31%2Fthe-couture-club-runway-fall-winter-2025-collection-release-info-0.jpg?w=960&cbr=1&q=90&fit=max
Stockholm Fashion Week street style 2025,data/latest/images/Stockholm_Fashion_Week_street_style_2025_4f9744094fedcc89.jpg,https://image-cdn.hypb.st/https%3A%2F%2Fhypebeast.com%2Fimage%2F2025%2F11%2F06%2Fbalenciaga-skiwear-2025-collection-release-info-4.jpg?q=75&w=800&cbr=1&fit=max
Stockholm Fashion Week street style 2025,data/latest/images/Stockholm_Fashion_Week_street_style_2025_05fea89377d9ca5f.jpg,"https://media.fashionnetwork.com/cdn-cgi/image/fit=cover,width=600,height=600,format=auto/m/deb8/49cc/8443/8f8e/f3cc/9c9d/23cc/d52d/35f6/0f76/0f76.jpg"
Stockholm Fashion Week street style 2025,data/latest/images/Stockholm_Fashion_Week_street_style_2025_b9888f3a760e4735.jpg,https://image-cdn.hypb.st/https%3A%2F%2Fhypebeast.com%2Fimage%2F2025%2F11%2F06%2Fbalenciaga-skiwear-2025-collection-release-info-2.jpg?q=75&w=800&cbr=1&fit=max
Stockholm Fashion Week street style 2025,data/latest/images/Stockholm_Fashion_Week_street_style_2025_831bc3c8a2a10fec.jpg,https://cdn.mos.cms.futurecdn.net/wnCr2o33WP6KCBmSrret6f.jpg
Stockholm Fashion Week street style 2025,data/latest/images/Stockholm_Fashion_Week_street_style_2025_c43d1a7eebfdfe05.jpg,"https://media.fashionnetwork.com/cdn-cgi/image/fit=cover,width=600,height=600,format=auto/m/fab7/e0bd/6853/e350/b0ea/a1c8/db48/9da7/5cc9/f680/f680.jpg"
Stockholm Fashion Week street style 2025,data/latest/images/Stockholm_Fashion_Week_street_style_2025_c2704708fc128f6a.jpg,https://s.yimg.com/ny/api/res/1.2/wPDaEMchARSe.4AYULQf7g--/YXBwaWQ9aGlnaGxhbmRlcjt3PTY0MDtoPTk2MA--/https://media.zenfs.com/en/aol_instyle_articles_696/af0e3a9f0059f5c898a1d9de998cf23d
Stockholm Fashion Week street style 2025,data/latest/images/Stockholm_Fashion_Week_street_style_2025_4ed8fab0e4ee98b2.jpg,https://www.instyle.com/thmb/yOWQGU8gzPO0sO4oxRLoph6S7vc=/400x250/filters:no_upscale():max_bytes(150000):strip_icc()/110325-rothys-lead-a391e99f93aa41d1bc2a18d80c73663b.jpg
Stockholm Fashion Week street style 2025,data/latest/images/Stockholm_Fashion_Week_street_style_2025_230fcadd7abf6109.jpg,"https://media.fashionnetwork.com/cdn-cgi/image/fit=contain,width=1000,height=1000,format=auto/m/1a15/09b8/1c5b/37be/1881/6324/ffe4/cc9d/e00c/6df0/6df0.jpg"
Stockholm Fashion Week street style 2025,data/latest/images/Stockholm_Fashion_Week_street_style_2025_40162e499a477f49.jpg,"https://hips.hearstapps.com/hmg-prod/images/guest-wears-black-sunglasses-silver-layered-necklace-silver-news-photo-1749090671.pjpeg?crop=0.965xw:0.966xh;0,0.0342xh&resize=980:*"
Stockholm Fashion Week street style 2025,data/latest/images/Stockholm_Fashion_Week_street_style_2025_02732c62334ab672.webp,https://permobilwebcdn.azureedge.net/media/jgrk1p3h/permobil_fw_113070_a4_300dpi.jpg
Stockholm Fashion Week street style 2025,data/latest/images/Stockholm_Fashion_Week_street_style_2025_0a3dea74b548c606.jpg,https://yaya.eu/cdn/shop/files/preview_images/LARGE-2025-MRT-YAYA-STOCKHOLM-6_1_1280x.jpg?v=1761924617
Stockholm Fashion Week street style 2025,data/latest/images/Stockholm_Fashion_Week_street_style_2025_177bbf17ef56217f.jpg,https://wwd.com/wp-content/uploads/2025/11/001_DAREL_FW25_286-fred4.jpg?crop=0px%2C824px%2C5464px%2C3056px&resize=1000%2C563
Stockholm Fashion Week street style 2025,data/latest/images/Stockholm_Fashion_Week_street_style_2025_4a67702a53361641.jpg,https://wwd.com/wp-content/uploads/2024/03/WWD11072205_cover.jpg?w=450
Stockholm Fashion Week street style 2025,data/latest/images/Stockholm_Fashion_Week_street_style_2025_32dcbde203fbd216.jpg,https://i.ytimg.com/vi/teImBfpiVdU/hq720.jpg?sqp=-oaymwEhCK4FEIIDSFryq4qpAxMIARUAAAAAGAElAADIQj0AgKJD&rs=AOn4CLAwMoI7EV5fs1E7dgYb-A4A5l6gkw
Stockholm Fashion Week street style 2025,data/latest/images/Stockholm_Fashion_Week_street_style_2025_add3173e938a973e.webp,https://cassette.sphdigital.com.sg/image/harpersbazaar/e446bf6f767f3d6f02c634823c033f67997375aa10c3bcad0a18bc772112cecb?w=1000&q=85
Stockholm Fashion Week street style 2025,data/latest/images/Stockholm_Fashion_Week_street_style_2025_0fed5e8ea2f65eac.png,https://cdn.shopify.com/s/files/1/0522/1610/3083/files/Rina_Sawayama_-_Dior_VeryDior_M1U_10A0_Vogue_World_Hollywood_2025_Pretavoir_Blog.png?v=1762136553
Stockholm Fashion Week street style 2025,data/latest/images/Stockholm_Fashion_Week_street_style_2025_9044456bb712455d.png,https://www.interiordaily.com/remote/https/agfstorage.blob.core.windows.net/misc/ID_com/2025/10/31/ScreenShot2025-10-31at10.57.31.png?preset=OgImage
Stockholm Fashion Week street style 2025,data/latest/images/Stockholm_Fashion_Week_street_style_2025_1121bcb5451b50f2.jpg,https://wwd.com/wp-content/uploads/2025/11/001_DAREL_FW25_286-fred4.jpg
Stockholm Fashion Week street style 2026,data/latest/images/Stockholm_Fashion_Week_street_style_2026_a8992111bbef0dba.png,https://i0.wp.com/thecatalystnews.com/wp-content/uploads/2025/11/image-6-e1762635899664.png?fit=462%2C347&ssl=1
Stockholm Fashion Week street style 2026,data/latest/images/Stockholm_Fashion_Week_street_style_2026_fceee36d5a149ca4.png,https://i0.wp.com/thecatalystnews.com/wp-content/uploads/2025/11/image-4.png?resize=608%2C1024&ssl=1
Stockholm Fashion Week street style 2026,data/latest/images/Stockholm_Fashion_Week_street_style_2026_5bce12d5b61abb18.jpg,https://assets.vogue.com/photos/5c59b6454c30612ecfa8a039/master/w_1024%2Cc_limit/02-stockholm-streetstyle-fw19-day-2-acielle.jpg
Stockholm Fashion Week street style 2026,data/latest/images/Stockholm_Fashion_Week_street_style_2026_2b714fadc3965fd0.jpg,https://assets.vogue.com/photos/5c59b645bde1112d1835b2b7/master/w_1024%2Cc_limit/01-stockholm-streetstyle-fw19-day-2-acielle.jpg
Stockholm Fashion Week street style 2026,data/latest/images/Stockholm_Fashion_Week_street_style_2026_5354b345a5ca0027.webp,https://cassette.sphdigital.com.sg/image/harpersbazaar/3af2cb57d6ec14d74d53f6a26a9322ada75098c5717dca899870463741426beb?w=1000&q=85
Stockholm Fashion Week street style 2026,data/latest/images/Stockholm_Fashion_Week_street_style_2026_9619067c7648e18d.jpg,https://i.ytimg.com/vi/f3Rh6AToy3w/hq720.jpg?sqp=-oaymwEhCK4FEIIDSFryq4qpAxMIARUAAAAAGAElAADIQj0AgKJD&rs=AOn4CLCegCQnmXsmKSllkAxmrCpLusayWw
Stockholm Fashion Week street style 2026,data/latest/images/Stockholm_Fashion_Week_street_style_2026_6520b4a02d2a9241.png,https://i0.wp.com/thecatalystnews.com/wp-content/uploads/2025/11/image-5.png?resize=621%2C1024&ssl=1
Stockholm Fashion Week street style 2026,data/latest/images/Stockholm_Fashion_Week_street_style_2026_34bca636476ec0cb.jpg,https://assets.vogue.com/photos/631108cf72022083cfa35302/master/w_1024%2Cc_limit/stockholm-fashion-week-ss23-street-style-day2-015.jpg
Stockholm Fashion Week street style 2026,data/latest/images/Stockholm_Fashion_Week_street_style_2026_564f2afba2494648.png,https://i0.wp.com/thecatalystnews.com/wp-content/uploads/2025/11/image-3.png?resize=604%2C1024&ssl=1
Stockholm Fashion Week street style 2026,data/latest/images/Stockholm_Fashion_Week_street_style_2026_2e94a0e83926ab27.jpg,https://i.ytimg.com/vi/-lLoTidUc0Y/hq720.jpg?sqp=-oaymwEhCK4FEIIDSFryq4qpAxMIARUAAAAAGAElAADIQj0AgKJD&rs=AOn4CLAd1FFhZkGkxtvuY5eHdO1Sze_DOw
Stockholm Fashion Week street style 2026,data/latest/images/Stockholm_Fashion_Week_street_style_2026_cfc6e6efc231cb25.jpg,https://hips.hearstapps.com/hmg-prod/images/twp-s26-022-68c83b7886697.jpg
Stockholm Fashion Week street style 2026,data/latest/images/Stockholm_Fashion_Week_street_style_2026_471ec41f74f8a1e3.jpg,https://i.ytimg.com/vi/IN5s9awXLiI/hq720.jpg?sqp=-oaymwEhCK4FEIIDSFryq4qpAxMIARUAAAAAGAElAADIQj0AgKJD&rs=AOn4CLAaSpQfJ0qYpwu5AqZc4DL4l9lBOg
Stockholm Fashion Week street style 2026,data/latest/images/Stockholm_Fashion_Week_street_style_2026_ff54aeb17dc2a03b.jpg,https://assets.vogue.com/photos/6908ca06776db16835835b87/1:1/w_640%2Cc_limit/undefined
Stockholm Fashion Week street style 2026,data/latest/images/Stockholm_Fashion_Week_street_style_2026_c43d1a7eebfdfe05.jpg,"https://media.fashionnetwork.com/cdn-cgi/image/fit=cover,width=600,height=600,format=auto/m/fab7/e0bd/6853/e350/b0ea/a1c8/db48/9da7/5cc9/f680/f680.jpg"
Stockholm Fashion Week street style 2026,data/latest/images/Stockholm_Fashion_Week_street_style_2026_ab3e0c50490a3b41.jpg,https://assets.vogue.com/photos/5c59b6454cc7762d5eb04f10/master/w_1024%2Cc_limit/03-stockholm-streetstyle-fw19-day-2-acielle.jpg
Stockholm Fashion Week street style 2026,data/latest/images/Stockholm_Fashion_Week_street_style_2026_831bc3c8a2a10fec.jpg,https://cdn.mos.cms.futurecdn.net/wnCr2o33WP6KCBmSrret6f.jpg
Stockholm Fashion Week street style 2026,data/latest/images/Stockholm_Fashion_Week_street_style_2026_867960bc61c6c1f5.jpg,https://p16-common-sign.tiktokcdn-us.com/tos-useast5-p-0068-tx/oogMoHwIiNBAhJsiklB6A0kkyADBICAAEThlfD~tplv-tiktokx-dmt-logom:tos-useast5-i-0068-tx/ooAzmaffRpE0ASDQCRDM0IFJAhADgAlEPpkAIE.image?dr=9634&x-expires=1762848000&x-signature=2bp45evdyui1lQK6h1jLi1lEdls%3D&t=4d5b0474&ps=13740610&shp=81f88b70&shcp=55bbe6a9&idc=useast8
Stockholm Fashion Week street style 2026,data/latest/images/Stockholm_Fashion_Week_street_style_2026_4765f599bef6c914.jpg,https://i.ytimg.com/vi/TlgQ-0_G2pM/hq720.jpg?sqp=-oaymwEhCK4FEIIDSFryq4qpAxMIARUAAAAAGAElAADIQj0AgKJD&rs=AOn4CLDeR4PXOIGYIGk_WTR1o95pxms-9Q
Stockholm Fashion Week street style 2026,data/latest/images/Stockholm_Fashion_Week_street_style_2026_1f66d543cdad9ce4.webp,https://cassette.sphdigital.com.sg/image/harpersbazaar/f053097ed206b55b99391392591bee0caff2ce1aa30bb33f92e318e956f7ee18?w=1000&q=85
Stockholm Fashion Week street style 2026,data/latest/images/Stockholm_Fashion_Week_street_style_2026_6fab619186b73684.jpg,https://lookaside.instagram.com/seo/google_widget/crawler/?media_id=3760765513237509298
Stockholm Fashion Week street style 2026,data/latest/images/Stockholm_Fashion_Week_street_style_2026_519fe80e1414c4d3.png,https://i0.wp.com/thecatalystnews.com/wp-content/uploads/2025/11/image-2.png?resize=576%2C1024&ssl=1
Stockholm Fashion Week street style 2026,data/latest/images/Stockholm_Fashion_Week_street_style_2026_6fc85461df41000b.jpg,https://hips.hearstapps.com/hmg-prod/images/twp-s26-018-68c83b72c2f04.jpg
Stockholm Fashion Week street style 2026,data/latest/images/Stockholm_Fashion_Week_street_style_2026_be196ab5e8cde3bb.jpg,"https://hips.hearstapps.com/hmg-prod/images/dress-and-jumper-690b31343cdad.jpg?crop=1.00xw:0.677xh;0,0.119xh&resize=1120:*"
Stockholm Fashion Week street style 2026,data/latest/images/Stockholm_Fashion_Week_street_style_2026_e3c85c40ca9c557d.jpg,https://i.ytimg.com/vi/7XZWIV333o0/hq720.jpg?sqp=-oaymwEhCK4FEIIDSFryq4qpAxMIARUAAAAAGAElAADIQj0AgKJD&rs=AOn4CLACMW3-Apz_2V2xp9EcuCdkFi0kIw
Stockholm Fashion Week street style 2026,data/latest/images/Stockholm_Fashion_Week_street_style_2026_a0e36f8f48fe66d1.jpg,https://lookaside.instagram.com/seo/google_widget/crawler/?media_id=3760766058975172951
Stockholm Fashion Week street style 2026,data/latest/images/Stockholm_Fashion_Week_street_style_2026_884e8fe6603c95a5.jpg,https://lookaside.instagram.com/seo/google_widget/crawler/?media_id=3760222302072890318
Stockholm Fashion Week street style 2026,data/latest/images/Stockholm_Fashion_Week_street_style_2026_78306cbb33b218ef.jpg,https://media.gettyimages.com/id/2230338447/photo/copenhagen-denmark-ambre-lipuma-attending-the-herskind-show-during-copenhagen-fashion-week.jpg?s=612x612&w=gi&k=20&c=6BMg-3jZiyerevoXI6xct9Z3Nmt146PQim4O3ZS1G8o=
Stockholm Fashion Week street style 2026,data/latest/images/Stockholm_Fashion_Week_street_style_2026_32bcc2c0bb89fa66.jpg,https://20f7.com/wp-content/uploads/2025/11/20F7-Fashion-Week.jpeg
Stockholm Fashion Week street style 2026,data/latest/images/Stockholm_Fashion_Week_street_style_2026_904f35a7ab32495f.jpg,https://lookaside.instagram.com/seo/google_widget/crawler/?media_id=3760431239396905483
Stockholm Fashion Week street style 2026,data/latest/images/Stockholm_Fashion_Week_street_style_2026_1a37fe67ff53ee07.jpg,https://hips.hearstapps.com/hmg-prod/images/guest-wears-fur-jacket-blue-dress-black-bag-knee-high-socks-news-photo-1761916551.pjpeg?resize=980:*
Stockholm Fashion Week street style 2026,data/latest/images/Stockholm_Fashion_Week_street_style_2026_add3173e938a973e.webp,https://cassette.sphdigital.com.sg/image/harpersbazaar/e446bf6f767f3d6f02c634823c033f67997375aa10c3bcad0a18bc772112cecb?w=1000&q=85
Stockholm Fashion Week street style 2026,data/latest/images/Stockholm_Fashion_Week_street_style_2026_898487fb5cdc7639.jpg,https://lookaside.instagram.com/seo/google_widget/crawler/?media_id=3760440088095586823
Stockholm Fashion Week street style 2026,data/latest/images/Stockholm_Fashion_Week_street_style_2026_9da1f8f87ebb4857.jpg,"https://hips.hearstapps.com/hmg-prod/images/tamu-mcpherson-wears-blue-ruffled-long-sleeved-dress-news-photo-1761913165.pjpeg?crop=1.00xw:0.669xh;0,0.103xh&resize=360:*"
Stockholm Fashion Week street style 2026,data/latest/images/Stockholm_Fashion_Week_street_style_2026_94627115de5d2727.jpg,https://diorama.dam-broadcast.com/pm_11872_1206_1206666-hxry0k14q7-whr.jpg
Stockholm Fashion Week street style 2026,data/latest/images/Stockholm_Fashion_Week_street_style_2026_1121bcb5451b50f2.jpg,https://wwd.com/wp-content/uploads/2025/11/001_DAREL_FW25_286-fred4.jpg
Stockholm Fashion Week street style 2026,data/latest/images/Stockholm_Fashion_Week_street_style_2026_178766bbe6e6d3b0.jpg,"https://static.wixstatic.com/media/acc48d_0a1d32f21f17473bb5c24a6201b9a419~mv2.jpg/v1/fill/w_980,h_398,al_c,q_85,usm_0.66_1.00_0.01,enc_avif,quality_auto/sf1og_SS26_Backstage1_by_Ines_Bahr_for_BFW-17_edited.jpg"
Stockholm Fashion Week street style 2026,data/latest/images/Stockholm_Fashion_Week_street_style_2026_e87e2617ee37416b.jpg,https://wwd.com/wp-content/uploads/2025/11/wif-honors-gallery-fi.jpg?w=1024
Stockholm Fashion Week street style 2026,data/latest/images/Stockholm_Fashion_Week_street_style_2026_cbec8a6a31da3a36.jpg,https://bloximages.chicago2.vip.townnews.com/wellandtribune.ca/content/tncms/assets/v3/editorial/d/9e/d9e6041f-0ea4-5f45-88ec-69209f7c338c/690f53b06a550.image.jpg?resize=750%2C500
Stockholm Fashion Week street style 2026,data/latest/images/Stockholm_Fashion_Week_street_style_2026_c12e064b99d88d1e.jpg,https://images.vs-static.com/G739PWMbi3nU3uMA_ygFkHhDIgw=/0x0:1080x1440/375x0/Snap_Insta_to_573799100_18377346115197222_7723969108753763191_n_68b5cc9c73/Snap_Insta_to_573799100_18377346115197222_7723969108753763191_n_68b5cc9c73.jpg
Stockholm Fashion Week street style 2026,data/latest/images/Stockholm_Fashion_Week_street_style_2026_3cad1cc0c9ac7169.jpg,https://wwd.com/wp-content/uploads/2025/11/MixCollage-07-Nov-2025-01-48-PM-6813.jpg?w=1024
Stockholm Fashion Week street style 2026,data/latest/images/Stockholm_Fashion_Week_street_style_2026_a7e5857294ef666c.jpg,"https://cdn.mos.cms.futurecdn.net/v2/t:0,l:51,cw:1600,ch:1200,q:80,w:1600/BvaDJsfnwhFDerajGNGLke.jpg"
Stockholm Fashion Week street style 2026,data/latest/images/Stockholm_Fashion_Week_street_style_2026_177bbf17ef56217f.jpg,https://wwd.com/wp-content/uploads/2025/11/001_DAREL_FW25_286-fred4.jpg?crop=0px%2C824px%2C5464px%2C3056px&resize=1000%2C563
Stockholm Fashion Week street style 2026,data/latest/images/Stockholm_Fashion_Week_street_style_2026_6c94c382925b3d28.jpg,https://fashionweekonline.com/wp-content/uploads/2025/11/013-copy-324x160.jpg
Stockholm Fashion Week street style 2026,data/latest/images/Stockholm_Fashion_Week_street_style_2026_664a5f2a41e2fe79.jpg,https://image.chitra.live/api/v1/wps/c16ce09/e6410cc5-6e33-447b-9b7c-ec36188eb059/0/XxjpbeE000312-20251109-PEPFN0A001-620x420.jpg
Stockholm Fashion Week street style 2026,data/latest/images/Stockholm_Fashion_Week_street_style_2026_e61a75c07a52655d.jpg,https://www.rollingstone.com/wp-content/uploads/2025/11/rosalia.jpg?w=1024
Stockholm Fashion Week street style 2026,data/latest/images/Stockholm_Fashion_Week_street_style_2026_261013ad9bae47b2.jpg,"https://static.wixstatic.com/media/acc48d_2a231ff531064f949d3f8e7eb39d4d58~mv2.jpg/v1/fill/w_980,h_644,al_c,q_85,usm_0.66_1.00_0.01,enc_avif,quality_auto/Ioannes_SS26_Runway1_by_Ines_Bahr_for_BFW-47_edited.jpg"
Stockholm Fashion Week street style 2026,data/latest/images/Stockholm_Fashion_Week_street_style_2026_4f9744094fedcc89.jpg,https://image-cdn.hypb.st/https%3A%2F%2Fhypebeast.com%2Fimage%2F2025%2F11%2F06%2Fbalenciaga-skiwear-2025-collection-release-info-4.jpg?q=75&w=800&cbr=1&fit=max
Stockholm Fashion Week street style 2026,data/latest/images/Stockholm_Fashion_Week_street_style_2026_fb9f8dbbec55f87d.jpg,"https://dzngc9xlm-res.cloudinary.com/dzngc9xlm/image/upload/q_auto:good,w_800,f_auto/v1762173171/Singels_Web_web2_copy_2_nfujaf.jpg"
Stockholm Fashion Week street style 2026,data/latest/images/Stockholm_Fashion_Week_street_style_2026_a4236fa37858d700.jpg,https://www.fashionela.net/wp-content/uploads/2025/11/Bottega_Veneta_Jacob_Elordi_2026_Fashionela-1.jpg
Stockholm Fashion Week street style 2026,data/latest/images/Stockholm_Fashion_Week_street_style_2026_72e2c49c0e4e9bec.jpg,"https://m.economictimes.com/thumb/msid-125205861,width-1200,height-900,resizemode-4,imgsize-57446/picnew.jpg"
lookbook fashion 2025,data/latest/images/lookbook_fashion_2025_b77d09cadcff1aad.jpg,https://i.ytimg.com/vi/lfOWJWv1xl0/hq720.jpg?sqp=-oaymwEhCK4FEIIDSFryq4qpAxMIARUAAAAAGAElAADIQj0AgKJD&rs=AOn4CLC9J5N1LAqzz-yw2Aj7fcnVvZkJlw
lookbook fashion 2025,data/latest/images/lookbook_fashion_2025_cf21ae70be011794.jpg,https://cdn.mos.cms.futurecdn.net/3FUf7nhLMDqTpyCGsyhHvh-1920-80.jpg
lookbook fashion 2025,data/latest/images/lookbook_fashion_2025_53890eae9c823ad7.jpg,https://i.ytimg.com/vi/7oTRZmpAZ4U/oar2.jpg?sqp=-oaymwEYCJUDENAFSFqQAgHyq4qpAwcIARUAAIhC&rs=AOn4CLC-Lyzcgg202_uzPdrnR_AqboRJuA
lookbook fashion 2025,data/latest/images/lookbook_fashion_2025_415f97118c1ef6e8.jpg,https://www.fashiongonerogue.com/wp-content/uploads/2025/11/For-Love-Lemons-Holiday-2025-Collection-copy-750x420.jpg
lookbook fashion 2025,data/latest/images/lookbook_fashion_2025_20f67f8afd8896de.jpg,https://www.stellamccartney.com/dw/image/v2/BCWD_PRD/on/demandware.static/-/Library-Sites-StellaMcCartneySharedLibrary/default/dwe95256df/images/Lookbooks/RTW/Summer25/SU25-SHOW-4x519.jpg?sw=1040&sh=1300
lookbook fashion 2025,data/latest/images/lookbook_fashion_2025_790239ff318494ab.jpg,https://www.stellamccartney.com/dw/image/v2/BCWD_PRD/on/demandware.static/-/Library-Sites-StellaMcCartneySharedLibrary/default/dw951d8b47/images/Lookbooks/RTW/Summer25/SU25-SHOW-4x518.jpg?sw=1040&sh=1300
lookbook fashion 2025,data/latest/images/lookbook_fashion_2025_349d2845df46dc7b.jpg,https://www.stellamccartney.com/dw/image/v2/BCWD_PRD/on/demandware.static/-/Library-Sites-StellaMcCartneySharedLibrary/default/dw2b1ce0cf/images/Lookbooks/RTW/Summer25/SU25-SHOW-4x512.jpg?sw=1040&sh=1300
lookbook fashion 2025,data/latest/images/lookbook_fashion_2025_3fbc807f3d232d66.jpg,https://www.stellamccartney.com/dw/image/v2/BCWD_PRD/on/demandware.static/-/Library-Sites-StellaMcCartneySharedLibrary/default/dwa4d5a33c/images/Lookbooks/RTW/Summer25/SU25-SHOW-4x514.jpg?sw=1040&sh=1300
lookbook fashion 2025,data/latest/images/lookbook_fashion_2025_404888b4a070ab83.png,https://www.trillmag.com/wp-content/uploads/2025/10/Screenshot-2025-10-28-at-10.29.36-1024x536.png
lookbook fashion 2025,data/latest/images/lookbook_fashion_2025_7fee31d930f4b49e.jpg,https://www.stellamccartney.com/dw/image/v2/BCWD_PRD/on/demandware.static/-/Library-Sites-StellaMcCartneySharedLibrary/default/dw05027613/images/Lookbooks/RTW/Summer25/SU25-SHOW-4x528.jpg?sw=1040&sh=1300
lookbook fashion 2025,data/latest/images/lookbook_fashion_2025_ccd7c564bc9909b1.png,"https://static.wixstatic.com/media/50dfce_4356e761f5f74dc890ace08fcd383b98~mv2.png/v1/fill/w_2500,h_1842,al_c/50dfce_4356e761f5f74dc890ace08fcd383b98~mv2.png"
lookbook fashion 2025,data/latest/images/lookbook_fashion_2025_33a2b75baa4bf61a.jpg,https://assets.isu.pub/document-structure/250204171449-2edf059a504edf90a18a77b081469924/v1/06d39fe0cf2139596dfc3a906f6d9b33.jpeg
lookbook fashion 2025,data/latest/images/lookbook_fashion_2025_0f8430dee497e346.jpg,https://www.bellanaijastyle.com/wp-content/uploads/2025/11/1Z0A9675-scaled.jpg
lookbook fashion 2025,data/latest/images/lookbook_fashion_2025_cf802b7d0a5240d8.jpg,https://cdn.mos.cms.futurecdn.net/XcmNheUWXwT8K9HTN4pJZZ.jpg
lookbook fashion 2025,data/latest/images/lookbook_fashion_2025_609324fa3ea8f51c.jpg,https://lookaside.instagram.com/seo/google_widget/crawler/?media_id=3758502706831835549
lookbook fashion 2025,data/latest/images/lookbook_fashion_2025_3196c34dc37fa0cf.jpg,https://image-cdn.hypb.st/https%3A%2F%2Fhypebeast.com%2Fimage%2F2025%2F11%2F03%2Fkith-x-new-york-knicks-collab-2025-jordan-clarkson-karl-anthony-towns-deuce-mcbride-lookbook-collection-4.jpg?q=75&w=800&cbr=1&fit=max
lookbook fashion 2025,data/latest/images/lookbook_fashion_2025_a607dd13bf565c46.jpg,https://www.fashiongonerogue.com/wp-content/uploads/2025/11/HM-Holiday-2025-03-750x420.jpg
lookbook fashion 2025,data/latest/images/lookbook_fashion_2025_23398f607db6d553.jpg,https://i.ytimg.com/vi/I457VolZJXI/oar2.jpg?sqp=-oaymwEYCJUDENAFSFqQAgHyq4qpAwcIARUAAIhC&rs=AOn4CLA03cv5Ry57wzzkSl3eh2Ael23SEg
lookbook fashion 2025,data/latest/images/lookbook_fashion_2025_ef7ba6fb0d3f37a3.png,https://r.fashionunited.com/FlSLJociJmlHFbF0pKJTuHfAAKEx9wMKasWDY3QYjFY/resize:fill:330:220:0/gravity:ce/quality:70/aHR0cHM6Ly9mYXNoaW9udW5pdGVkLmNvbS9pbWcvdXBsb2FkLzIwMjUvMTAvMzAvdW50aXRsZWQtZGVzaWduLTEtdGh3dnFqNW4tMjAyNS0xMC0zMC5wbmc
lookbook fashion 2025,data/latest/images/lookbook_fashion_2025_f1345348b6b813a5.png,https://cdn.mos.cms.futurecdn.net/soK2WyogDFMMiHTSr73Wue.png
lookbook fashion 2025,data/latest/images/lookbook_fashion_2025_542cedc9301fd2d9.jpg,https://denimology.com/wp-content/uploads/2025/11/M359Q24-C844_Brunetti-Herringbone-Coat-Camel_Black_M342Q06-C503_Ojai-Sweater-Hoodie-Mojave-Sand_M343Q06-C503_Willits-Sweater-Pant-Mojave-Sand_SHM201411-WHT_Reims-White_LOOK_8_1556-1024x683.jpg
lookbook fashion 2025,data/latest/images/lookbook_fashion_2025_2d0a49ad3da7908a.jpg,https://lookaside.instagram.com/seo/google_widget/crawler/?media_id=3758434054539320301
lookbook fashion 2025,data/latest/images/lookbook_fashion_2025_2a505eb203cd8328.jpg,https://i.ytimg.com/vi/REBfyfrZthM/hqdefault.jpg
lookbook fashion 2025,data/latest/images/lookbook_fashion_2025_1e964824327a32e1.png,"https://media.gq.com/photos/690a571e4e443c1a5dcab318/16:9/w_1280,c_limit/trends%20update%20v4.png"
lookbook fashion 2025,data/latest/images/lookbook_fashion_2025_0a5d762024f2fee8.jpg,https://the-puppeteer.com/wp-content/uploads/2025/11/lookbook_06_11_25.jpg?w=1024
lookbook fashion 2025,data/latest/images/lookbook_fashion_2025_cc7aa20cd3eb227c.jpg,https://hips.hearstapps.com/hmg-prod/images/fashion-trends-ss26-68fbaee27caa1.jpg
lookbook fashion 2025,data/latest/images/lookbook_fashion_2025_ecd93a6c09265bf2.jpg,https://lookaside.instagram.com/seo/google_widget/crawler/?media_id=3758880737328938427
lookbook fashion 2025,data/latest/images/lookbook_fashion_2025_63d1d40ecee13e5d.jpg,https://img1.popfashioninfo.com/upload/report/big_cover/1/cover_img_28260_RKWwihTV4Y6Yh2wi.jpg
lookbook fashion 2025,data/latest/images/lookbook_fashion_2025_8079fe6088a6dd1f.jpg,https://cdn.mos.cms.futurecdn.net/PujcVGmbnAHxNv5rgrirth.jpg
lookbook fashion 2025,data/latest/images/lookbook_fashion_2025_799057a4bd58b2c3.jpg,"https://hips.hearstapps.com/hmg-prod/images/hbz-newsopnener-preppy-lead-69023cfda6abf.jpg?crop=0.563xw:1.00xh;0.220xw,0&resize=360:*"
lookbook fashion 2025,data/latest/images/lookbook_fashion_2025_c0a1f18de0173470.jpg,https://cdn.mos.cms.futurecdn.net/SNP5QAB6fna9FNcMw3aFSM.jpg
lookbook fashion 2025,data/latest/images/lookbook_fashion_2025_a49e51709497dbb1.png,https://stylecaster.com/wp-content/uploads/2024/09/swimwear-with-everyday-clothes.png?w=800
lookbook fashion 2025,data/latest/images/lookbook_fashion_2025_653bd6a0c8913b11.gif,https://hips.hearstapps.com/hmg-prod/images/1107-cord-00-690e2337b414b.gif
lookbook fashion 2025,data/latest/images/lookbook_fashion_2025_6173be83f069e1c5.jpg,https://hips.hearstapps.com/hmg-prod/images/ss26-jewelry-68fba71ed32de.jpg
lookbook fashion 2025,data/latest/images/lookbook_fashion_2025_b4ca26226a54433f.jpg,https://media.g-star.com/i/gstar/04_25Q4_LOOK13_FRONT?fmt=auto&h=1400&upscale=false
lookbook fashion 2025,data/latest/images/lookbook_fashion_2025_c0a6c36c7ad98cd0.jpg,https://assets.vogue.com/photos/66e1c843c22905cb0212f62f/master/w_2560%2Cc_limit/00001-kallmeyer-spring-2025-ready-to-wear-credit-gorunway.jpg
lookbook fashion 2025,data/latest/images/lookbook_fashion_2025_e0dc0fb31f059346.jpg,https://static.kendam.com/photos/full/68311f0aa2f673ea1655fd5b8d134497_4639.jpg
lookbook fashion 2025,data/latest/images/lookbook_fashion_2025_26789071a5758e11.jpg,https://lookaside.instagram.com/seo/google_widget/crawler/?media_id=3758571590263789552
lookbook fashion 2025,data/latest/images/lookbook_fashion_2025_381bea03318a8c6a.jpg,https://lookaside.instagram.com/seo/google_widget/crawler/?media_id=3760077496654070941
lookbook fashion 2025,data/latest/images/lookbook_fashion_2025_26384aaac4ae820d.jpg,https://www.bellanaijastyle.com/wp-content/uploads/2025/11/1Z0A1933-scaled-e1762464223427-350x350.jpg
lookbook fashion 2025,data/latest/images/lookbook_fashion_2025_1abb5f389dcbe363.jpg,https://www.bellanaijastyle.com/wp-content/uploads/2025/11/1Z0A0272-scaled.jpg
lookbook fashion 2025,data/latest/images/lookbook_fashion_2025_fa01da8c41f5465f.jpg,https://www.fashiongonerogue.com/wp-content/uploads/2025/11/Emily-Ratajkowski-Kurt-Geiger-Holiday-2025-750x420.jpg
lookbook fashion 2025,data/latest/images/lookbook_fashion_2025_49fcaeac96aaed84.jpg,https://r.fashionunited.com/9Pd1FimTaXKpSvjx7z9MkWmve--v08M2DljWUeyaM2w/resize:fill:1440:0:0/gravity:ce/quality:70/aHR0cHM6Ly9mYXNoaW9udW5pdGVkLmNvbS9pbWcvdXBsb2FkLzIwMjUvMTAvMjQvaWZhLXBhcmlzLWNvcHlyaWdodGZhYnJpY2UtbWFsYXJkLWZqbTkzMTY1LWVkaXQtcDd3bzZ5MHItMjAyNS0xMC0yNC5qcGVn
lookbook fashion 2025,data/latest/images/lookbook_fashion_2025_a3ab297d14899b05.jpg,https://r.fashionunited.com/8HqxQQs-M__ZN9Sr1JZOhlxnGx_S2lCAKE-0YeZy1Qs/resize:fill:1440:0:0/gravity:ce/quality:70/aHR0cHM6Ly9mYXNoaW9udW5pdGVkLmNvbS9pbWcvdXBsb2FkLzIwMjUvMTAvMjQvaWZhLXBhcmlzLWNvcHlyaWdodGZhYnJpY2UtbWFsYXJkLWZqbTkzMDA4LWVkaXQtMHZwZ2R4ZTktMjAyNS0xMC0yNC5qcGVn
lookbook fashion 2025,data/latest/images/lookbook_fashion_2025_d9c3a7859be46625.jpg,https://www.bellanaijastyle.com/wp-content/uploads/2025/11/1Z0A0276-scaled.jpg
lookbook fashion 2025,data/latest/images/lookbook_fashion_2025_d85a3cc14085c9f5.jpg,https://i.ytimg.com/vi/-mAJukl4UGI/hq720.jpg?sqp=-oaymwEhCK4FEIIDSFryq4qpAxMIARUAAAAAGAElAADIQj0AgKJD&rs=AOn4CLBmu3VFq9QRycbVKMg-nQJQndKGXA
lookbook fashion 2025,data/latest/images/lookbook_fashion_2025_800b8f607675764b.jpg,https://media.g-star.com/i/gstar/02_25Q4_LOOK05_FRONT?fmt=auto&h=1400&upscale=false
lookbook fashion 2025,data/latest/images/lookbook_fashion_2025_f8068f8ea1d2fafa.webp,https://images.squarespace-cdn.com/content/v1/559efb79e4b0beaa65d04f67/1762190177409-PZRSXNMLTE5IXMSICS7N/Affordable+fall+lookbook%2C+affordable+fall+outfit+ideas%2C+fall+style%2C+petite+outfits%2C+petite+style%2C+fall+trends+2025%2C+winter+lookbook%2C+bychloewen%2C+target+haul%2C+walmart+haul%2C+zara+haul.png?format=1000w
lookbook fashion 2025,data/latest/images/lookbook_fashion_2025_10ae0e12d20b54f0.jpg,https://www.bellanaijastyle.com/wp-content/uploads/2025/11/1Z0A1834-scaled-e1762466679272.jpg
lookbook fashion 2025,data/latest/images/lookbook_fashion_2025_22428d7ad18fb4bc.jpg,https://img2.popfashioninfo.com/upload/report/small_cover/1/cover_img_28269_Y9kFOTv045CE3fVK.jpg
lookbook fashion 2025,data/latest/images/lookbook_fashion_2025_3921efc751ade2f1.jpg,https://lookbook.paris/wp-content/uploads/2025/11/NOVEMBER-202514-594x710.jpg
lookbook fashion 2025,data/latest/images/lookbook_fashion_2025_0f9a87172c6b895d.jpg,https://r.fashionunited.com/vsQJSeF2wskk_Hpej2NDfPOfYhuerCK3XZOPVg1gAYw/resize:fill:1440:0:0/gravity:ce/quality:70/aHR0cHM6Ly9mYXNoaW9udW5pdGVkLmNvbS9pbWcvdXBsb2FkLzIwMjUvMTAvMjQvaWZhLXBhcmlzLWNvcHlyaWdodGZhYnJpY2UtbWFsYXJkLWZqbTkzMjEwLWVkaXQteDkzbDQzbXctMjAyNS0xMC0yNC5qcGVn
lookbook fashion 2025,data/latest/images/lookbook_fashion_2025_f3338c8040268d58.png,https://hips.hearstapps.com/hmg-prod/images/louis-vuitton-pink-679b3ff31a343.png
runway backstage fashion 2025,data/latest/images/runway_backstage_fashion_2025_e787e254ef6714b3.jpg,https://i.ytimg.com/vi/kLBiMAZ9bXY/hq720.jpg?sqp=-oaymwEhCK4FEIIDSFryq4qpAxMIARUAAAAAGAElAADIQj0AgKJD&rs=AOn4CLB58bugQUptG62EhwpIvNcWC6THjg
runway backstage fashion 2025,data/latest/images/runway_backstage_fashion_2025_7740e63eb3f08619.jpg,https://assets.vogue.com/photos/68065f5c0eff4a70628d38a2/1:1/w_354%2Cc_limit/DIOR_FW25_Backstage_ACIELLE02.jpg
runway backstage fashion 2025,data/latest/images/runway_backstage_fashion_2025_f4616d28cc93f5fa.jpg,https://media.gettyimages.com/id/2198085082/photo/altuzarra-fashion-show-backstage-for-new-york-fashion-week-fall-winter-2025-season.jpg?s=1024x1024&w=gi&k=20&c=dJA46z8Y3Relzp4biZeUMPT6QWmwQvXFS5TANIL24uw=
runway backstage fashion 2025,data/latest/images/runway_backstage_fashion_2025_40becda59b7fbc37.jpg,https://asiana.tv/wp-content/uploads/2025/11/AFP-Manchester-Show-Backstage-AW60-3.jpg
runway backstage fashion 2025,data/latest/images/runway_backstage_fashion_2025_099c102c58f7a991.jpg,https://i.ytimg.com/vi/_52DjZZlqB0/sddefault.jpg
runway backstage fashion 2025,data/latest/images/runway_backstage_fashion_2025_3e5b54436fff9bfa.jpg,https://media.gettyimages.com/id/2241224329/photo/new-york-new-york-alex-consani-and-quenlin-blackwell-prepare-backstage-at-the-victorias.jpg?s=612x612&w=gi&k=20&c=J73AJwHNdTjg8HUkMQQsq-UCBju-JjBj1JSpU_FXsjo=
runway backstage fashion 2025,data/latest/images/runway_backstage_fashion_2025_1c81857f1f2f2f5c.jpg,https://images.303magazine.com/uploads/2025/11/DFW-by-Weston-Mosburg-100447-800x500.jpg
runway backstage fashion 2025,data/latest/images/runway_backstage_fashion_2025_f0475787e3c81b57.jpg,https://assets.vogue.com/photos/690953df7cb70616c5d9b941/1:1/w_640%2Cc_limit/undefined
runway backstage fashion 2025,data/latest/images/runway_backstage_fashion_2025_77b161a4b7dd1bd5.jpg,https://lookaside.instagram.com/seo/google_widget/crawler/?media_id=3760921461646392088
runway backstage fashion 2025,data/latest/images/runway_backstage_fashion_2025_60d712e8a0d975da.jpg,https://lookaside.instagram.com/seo/google_widget/crawler/?media_id=3760921461822528627
runway backstage fashion 2025,data/latest/images/runway_backstage_fashion_2025_b54e5438806aad72.jpg,https://lookaside.instagram.com/seo/google_widget/crawler/?media_id=3760921461646406801
runway backstage fashion 2025,data/latest/images/runway_backstage_fashion_2025_f956a5784ea3e836.jpg,https://lookaside.instagram.com/seo/google_widget/crawler/?media_id=3762429687495774948
runway backstage fashion 2025,data/latest/images/runway_backstage_fashion_2025_efd4ac0465d6edfd.jpg,https://hips.hearstapps.com/hmg-prod/images/model-walks-the-runway-during-the-christian-dior-haute-news-photo-1737997141.pjpeg
runway backstage fashion 2025,data/latest/images/runway_backstage_fashion_2025_b4bd35b7aea3c099.jpg,https://blogger.googleusercontent.com/img/a/AVvXsEiVXROIbWxQtc5pmSxBJpzxbr9V1sb-wry9JLvECFq36jFZqUYk-SaCCwxpqB2Cq0hEJWUYYCIYTUBqqfX6E9Loc3CXvhEaKRUydL8BpfC_i_z7KpMo0ZU2KBCWmFyHUbsW_Mxb3fjVt9qimd_lAwdz1Iu7KCkBzkT6T1ihRV60gmD4mqu9oq4aR7geGfk=s1044
runway backstage fashion 2025,data/latest/images/runway_backstage_fashion_2025_8cdab91c0b04b056.jpg,https://hips.hearstapps.com/hmg-prod/images/backstage-at-christian-dior-rtw-spring-2025-as-part-of-news-photo-1727192803.jpg
runway backstage fashion 2025,data/latest/images/runway_backstage_fashion_2025_808fbc9492a28c0f.jpg,https://www.reuters.com/resizer/v2/FDJIQX62N5A57BKD26TAUSY2DQ.jpeg?auth=df50715202cd76af42a7b4e0208522951e08020d7126635758e1303a6227ea54&width=960&quality=80
runway backstage fashion 2025,data/latest/images/runway_backstage_fashion_2025_bde6415a988309d0.jpg,https://lookaside.instagram.com/seo/google_widget/crawler/?media_id=3757819148391030122
runway backstage fashion 2025,data/latest/images/runway_backstage_fashion_2025_d81f3767dcabc5f6.jpg,https://asiana.tv/wp-content/uploads/2025/11/Asiana-Lifestyle-Show-2025-Backstage-AW60-5.jpg
runway backstage fashion 2025,data/latest/images/runway_backstage_fashion_2025_a62849f638de446f.jpg,"https://hips.hearstapps.com/hmg-prod/images/model-is-seen-backstage-at-the-annies-ibiza-collection-news-photo-1740394521.pjpeg?crop=1.00xw:0.818xh;0,0.0657xh"
runway backstage fashion 2025,data/latest/images/runway_backstage_fashion_2025_2193c9c3f1536b71.jpg,https://media.gettyimages.com/id/2198756225/photo/carolina-herrera-front-row-backstage-february-2025-new-york-fashion-week.jpg?s=1024x1024&w=gi&k=20&c=YnvR0E-6JHa0jgIE2aIm2w19y5zYObXEUSWCOXRnv74=
runway backstage fashion 2025,data/latest/images/runway_backstage_fashion_2025_f65d3d50429e2f52.jpg,https://media.gettyimages.com/id/2240763920/photo/the-2025-victorias-secret-fashion-show-backstage.jpg?s=594x594&w=gi&k=20&c=3Uuw5XnW5NtMiCzQ8UjXfvQgrNldVFk2CruwPt5wUns=
runway backstage fashion 2025,data/latest/images/runway_backstage_fashion_2025_23830582525d1556.jpg,https://asiana.tv/wp-content/uploads/2025/11/AFP-Manchester-Show-Backstage-AW60-2.jpg
runway backstage fashion 2025,data/latest/images/runway_backstage_fashion_2025_4144a334c08bdfe6.jpg,https://cphfw.fra1.cdn.digitaloceanspaces.com/SS26-Copenhagen-Fashion-Week-Nicklas-Skovgaard-Backstage-Tonya-Matyu-2_2025-11-05-124015_kcrv.jpg
runway backstage fashion 2025,data/latest/images/runway_backstage_fashion_2025_35d86b9c3828a65b.jpg,https://www.reuters.com/resizer/v2/J2I332ICLJHQFEEWBJL476VCH4.jpeg?auth=f43eb1380fad06d8a23bc83b76463880208fb26a2631622dfa9d39f46cb75a34&width=960&quality=80
runway backstage fashion 2025,data/latest/images/runway_backstage_fashion_2025_d67886a261d3a3d9.png,"https://images.zapnito.com/cdn-cgi/image/metadata=copyright,format=auto,quality=95,fit=scale-down/https://images.zapnito.com/users/560854/posters/f560813e-3193-4482-987e-c06a6d92c6d4_large.png"
runway backstage fashion 2025,data/latest/images/runway_backstage_fashion_2025_f02544c977b6c0ea.jpg,https://theimpression.com/wp-content/uploads/2025/11/Maison-Margiela-Holiday-2025-Ad-Campaign-The-Impression-015-770x513.jpg
runway backstage fashion 2025,data/latest/images/runway_backstage_fashion_2025_d5a81a5ec67e09f0.jpg,https://www.reuters.com/resizer/v2/VAO5QFUCWNBQNFLOHWYEY7ACV4.jpeg?auth=fe5177dfd1a9c08097c5d7d310f456eb767aedcba4b02f42fc955eeedab5d230&width=960&quality=80
runway backstage fashion 2025,data/latest/images/runway_backstage_fashion_2025_57b085d335eca7e7.png,https://www.stylerave.com/wp-content/uploads/2025/11/1000-x-1000-22-1.png
runway backstage fashion 2025,data/latest/images/runway_backstage_fashion_2025_368f947963ee1683.jpg,https://img.businessoffashion.com/resizer/v2/3G2XHOXFRZASZLNZI6VNCCFWAY.jpg?auth=d2bc13a74ca42e2c9a34ba667e7a9ec3785a62b7c1e26b548bf2ef541d8c4a8a&width=800&height=1199
runway backstage fashion 2025,data/latest/images/runway_backstage_fashion_2025_418f7890fcac3140.jpg,https://asiana.tv/wp-content/uploads/2025/11/Asiana-Lifestyle-Show-2025-Backstage-AW60-3.jpg
runway backstage fashion 2025,data/latest/images/runway_backstage_fashion_2025_d116234548034a97.jpg,https://wwd.com/wp-content/uploads/2025/11/rocknroll.jpg?w=1024
runway backstage fashion 2025,data/latest/images/runway_backstage_fashion_2025_7859768bba6795d4.jpg,https://media.gettyimages.com/id/2238974913/photo/backstage-at-the-valentino-fashion-show-as-part-of-spring-summer-2026-paris-fashion-week-on.jpg?s=612x612&w=gi&k=20&c=glBSH-bIMAFNROt9Y1_ugL4K-L7_8UVEfZwVSoNHEWU=
runway backstage fashion 2025,data/latest/images/runway_backstage_fashion_2025_6a13cb5fa6034418.jpg,https://i.ytimg.com/vi/z3ANyYjTp6c/hq720.jpg?sqp=-oaymwEhCK4FEIIDSFryq4qpAxMIARUAAAAAGAElAADIQj0AgKJD&rs=AOn4CLCTTqnAJ7s1k4-cTv7fDGPiewGjFw
runway backstage fashion 2025,data/latest/images/runway_backstage_fashion_2025_e7a30ca18715651f.jpg,https://www.culvercity.gov/files/assets/public/v/1/images/news/2025/lumiere-fashion-festival_1.jpg?w=1080
runway backstage fashion 2025,data/latest/images/runway_backstage_fashion_2025_afef172ebd6cdee6.jpg,https://images.adamkatzsinding.com/wp-content/uploads/2025/10/Adam-Katz-Sinding-Backstage-at-Dior-Paris-Fashion-Week-Spring-Summer-2026_AKS4620-600x480.jpg
runway backstage fashion 2025,data/latest/images/runway_backstage_fashion_2025_4b68540a428157bb.jpg,https://s.yimg.com/ny/api/res/1.2/yFjJYgW4txIN0Yw7eHSbGA--/YXBwaWQ9aGlnaGxhbmRlcjt3PTk2MDtoPTE0Mzg7Y2Y9d2VicA--/https://media.zenfs.com/en/wwd_409/6df81c5182bcb6f19bbe912c80a461ce
runway backstage fashion 2025,data/latest/images/runway_backstage_fashion_2025_c6bb5d2ecd916234.jpg,https://numero.com/wp-content/uploads/2025/07/thumb-stars-defile-balenciaga-haute-couture-automne-hiver-2025-2026-demna.jpg
runway backstage fashion 2025,data/latest/images/runway_backstage_fashion_2025_e71ac4dd3771c4f1.jpg,https://fashionista.com/.image/ar_1:1%2Cc_fill%2Ccs_srgb%2Cfl_progressive%2Cg_faces:center%2Cq_auto:good%2Cw_620/MjE4OTMwOTgxMTIwMjU1NTkw/cfda-awards-2025.jpg
runway backstage fashion 2025,data/latest/images/runway_backstage_fashion_2025_a8a59e2e4571f416.png,https://fashionmagazine.mblycdn.com/fm/resized/2024/02/w1200/HORIZONTAL-FEATURE-IMAGE-TEMPLATE-2.png
runway backstage fashion 2025,data/latest/images/runway_backstage_fashion_2025_f0f865c1e0e6967a.jpg,https://wtop.com/wp-content/uploads/2025/11/Olivier_Rousteing_28293-480x320.jpg
runway backstage fashion 2025,data/latest/images/runway_backstage_fashion_2025_e6575a132f12369f.jpg,https://s.yimg.com/ny/api/res/1.2/L1xurXQNwI3_OfE8ViL.IA--/YXBwaWQ9aGlnaGxhbmRlcjt3PTY0MDtoPTk2MA--/https://media.zenfs.com/en/aol_people_articles_471/5b7317ddfb64ba453c12d4c692ea2d61
runway backstage fashion 2025,data/latest/images/runway_backstage_fashion_2025_382ce09ced4ad418.jpg,https://cdn.fashionz.co.nz/2025/11/10092124/feature-image-8.jpg
runway backstage fashion 2025,data/latest/images/runway_backstage_fashion_2025_379c9431a304be66.jpg,https://hips.hearstapps.com/hmg-prod/images/68-houseofarches-niathomas-fw25-a-682792a0895bd.jpg
runway backstage fashion 2025,data/latest/images/runway_backstage_fashion_2025_b0c9ea9f938b45df.jpg,https://cphfw.fra1.cdn.digitaloceanspaces.com/_2000xAUTO_crop_center-center_none/SS26-Copenhagen-Fashion-Week-The-Royal-Danish-Academy-Backstage-Bryndis-Thorsteinsdottir-27-horizontal.jpg
runway backstage fashion 2025,data/latest/images/runway_backstage_fashion_2025_d19c23fc32259496.jpg,https://www.masslive.com/resizer/v2/S4Z4POWYS5DQLFLJXEQEXCW3C4.jpg?auth=65fe27f2d18dcc9667d72693b15717c15758fc7d2802f0334d9084751307ff50&width=1280&smart=true&quality=90
runway backstage fashion 2025,data/latest/images/runway_backstage_fashion_2025_6760a94c86918751.jpg,https://tex-cloud-cdn.nyc3.digitaloceanspaces.com/textiles-ncsu/20240626103102/20240427_EmergingDesignersShowcase_167-1024x576.jpg
runway backstage fashion 2025,data/latest/images/runway_backstage_fashion_2025_f0a68ec13e56d2de.webp,https://api.photon.aremedia.net.au/wp-content/uploads/sites/6/2025/10/paris-fashion-week-8-68dcd4901e92e.jpg?fit=576%2C1024&resize=1080%2C1920
runway backstage fashion 2025,data/latest/images/runway_backstage_fashion_2025_809ea535741792b1.png,https://aeworld.com/wp-content/uploads/2025/11/Queen-Rania-in-JW-Anderson-Cotton-Asymmetric-Jacket-1-370x265.png
runway backstage fashion 2025,data/latest/images/runway_backstage_fashion_2025_34e780fed3541efd.webp,https://api.photon.aremedia.net.au/wp-content/uploads/sites/6/2025/09/new-york-fashion-week-68c39d79500b3.jpg?resize=720%2C405
runway backstage fashion 2025,data/latest/images/runway_backstage_fashion_2025_186d65b147fd1f5b.jpg,https://firstclasse.com.my/wp-content/uploads/2025/11/horizontal-1500x1000-7.jpg
London Fashion Week runway 2025,data/latest/images/London_Fashion_Week_runway_2025_d83d9986ecbc5947.jpg,https://hips.hearstapps.com/hmg-prod/images/leigh-anne-pinnock-seen-attending-the-ee72-london-launch-news-photo-1758403341.pjpeg
London Fashion Week runway 2025,data/latest/images/London_Fashion_Week_runway_2025_f0771f7f7a39ac99.jpg,https://c8.alamy.com/comp/3CP121K/sprayground-runway-show-london-fashion-week-2025-freemasons-hall-london-streetwear-luxury-meets-urban-creativity-in-an-energetic-collection-3CP121K.jpg
London Fashion Week runway 2025,data/latest/images/London_Fashion_Week_runway_2025_1d3d8da0cdcf5847.jpg,https://c8.alamy.com/comp/3CP131W/sprayground-runway-show-london-fashion-week-2025-freemasons-hall-london-streetwear-luxury-meets-urban-creativity-in-an-energetic-collection-3CP131W.jpg
London Fashion Week runway 2025,data/latest/images/London_Fashion_Week_runway_2025_c970159ca74c52e8.jpg,https://c8.alamy.com/comp/3CP1DAX/hengdi-wang-runway-show-london-fashion-week-2025-london-a-futuristic-and-sculptural-collection-blending-metallic-textures-avant-garde-silhouettes-3CP1DAX.jpg
London Fashion Week runway 2025,data/latest/images/London_Fashion_Week_runway_2025_7b95a0246fd9f8fd.jpg,https://assets.vogue.com/photos/67b632bbe004e242a70dbaa0/master/w_2560%2Cc_limit/SS%2520Daley%2520SS25%2520by%2520Acielle%2520STYLEDUMONDE0K3A8895FullRes.jpg
London Fashion Week runway 2025,data/latest/images/London_Fashion_Week_runway_2025_57b085d335eca7e7.png,https://www.stylerave.com/wp-content/uploads/2025/11/1000-x-1000-22-1.png
London Fashion Week runway 2025,data/latest/images/London_Fashion_Week_runway_2025_e3019a8fbc1b380a.jpg,https://i.ytimg.com/vi/PiWz6Bui6Ho/hq720.jpg?sqp=-oaymwEhCK4FEIIDSFryq4qpAxMIARUAAAAAGAElAADIQj0AgKJD&rs=AOn4CLBJR8yd7-cDkjdBrtHPzxKKkMadSQ
London Fashion Week runway 2025,data/latest/images/London_Fashion_Week_runway_2025_8f3fff0baff80f6f.jpg,https://c8.alamy.com/comp/3CP1332/sprayground-runway-show-london-fashion-week-2025-freemasons-hall-london-streetwear-luxury-meets-urban-creativity-in-an-energetic-collection-3CP1332.jpg
London Fashion Week runway 2025,data/latest/images/London_Fashion_Week_runway_2025_77d82ba4338dadd3.jpg,https://c8.alamy.com/comp/3CP0YNC/sprayground-runway-show-london-fashion-week-2025-freemasons-hall-london-streetwear-luxury-meets-urban-creativity-in-an-energetic-collection-fill-3CP0YNC.jpg
London Fashion Week runway 2025,data/latest/images/London_Fashion_Week_runway_2025_41d276a71660beec.jpg,https://prominentmagazine.co.uk/wp-content/uploads/2025/11/1.2-LCCA.jpg
London Fashion Week runway 2025,data/latest/images/London_Fashion_Week_runway_2025_0838800f25cf49e3.jpg,https://prominentmagazine.co.uk/wp-content/uploads/2025/11/1-LCCA.jpg
London Fashion Week runway 2025,data/latest/images/London_Fashion_Week_runway_2025_ddbfe700c3848e3d.jpg,https://lookaside.instagram.com/seo/google_widget/crawler/?media_id=3760794106444573765
London Fashion Week runway 2025,data/latest/images/London_Fashion_Week_runway_2025_ae0cffff4ee75fb3.jpg,https://lookaside.instagram.com/seo/google_widget/crawler/?media_id=3759569272176716635
London Fashion Week runway 2025,data/latest/images/London_Fashion_Week_runway_2025_b2906945b1fad4a2.webp,https://api.photon.aremedia.net.au/wp-content/uploads/sites/5/2025/02/taylor-hill-burberry-winter-2025-london-fashion-week-67bcf62f5f73d.jpg?resize=650%2C1156
London Fashion Week runway 2025,data/latest/images/London_Fashion_Week_runway_2025_c5fe729c96cba148.jpg,https://www.bellanaija.com/wp-content/uploads/2025/11/1Z0A7776-scaled.jpg
London Fashion Week runway 2025,data/latest/images/London_Fashion_Week_runway_2025_d48d089933c55a61.jpg,https://theedwardhotel.co.uk/wp-content/uploads/2024/01/London-Fashion-Week-1024x576.jpg
London Fashion Week runway 2025,data/latest/images/London_Fashion_Week_runway_2025_796998bba8e1fcf2.jpg,https://fashionweekonline.com/wp-content/uploads/2024/03/Mossi_fw24_runway_IG_look05-copy.jpg
London Fashion Week runway 2025,data/latest/images/London_Fashion_Week_runway_2025_c4d6913eed0e6efe.jpg,https://lookaside.instagram.com/seo/google_widget/crawler/?media_id=3760462639047433899
London Fashion Week runway 2025,data/latest/images/London_Fashion_Week_runway_2025_f418920a7b64ba95.jpg,https://prominentmagazine.co.uk/wp-content/uploads/2025/11/1.4-LCCA.jpg
London Fashion Week runway 2025,data/latest/images/London_Fashion_Week_runway_2025_714a900ee738f374.jpg,https://hips.hearstapps.com/hmg-prod/images/naomi-campbell-seen-attending-the-ee72-london-launch-party-news-photo-1758402819.pjpeg
London Fashion Week runway 2025,data/latest/images/London_Fashion_Week_runway_2025_5d222e62a52e61a5.jpg,https://media.gettyimages.com/id/2236605058/photo/london-england-a-model-walks-the-runway-at-the-erdem-show-during-london-fashion-week.jpg?s=612x612&w=gi&k=20&c=6boBxIbh-mSXPC-BI5YcQkgXXXA3dSf148wEEWq4lNA=
London Fashion Week runway 2025,data/latest/images/London_Fashion_Week_runway_2025_0f8430dee497e346.jpg,https://www.bellanaijastyle.com/wp-content/uploads/2025/11/1Z0A9675-scaled.jpg
London Fashion Week runway 2025,data/latest/images/London_Fashion_Week_runway_2025_60f32ad51ffbabeb.jpg,"https://hips.hearstapps.com/hmg-prod/images/naomi-campbell-seen-attending-the-ee72-london-launch-party-news-photo-1758402819.pjpeg?crop=1xw:0.375xh;0,0.0577xh"
London Fashion Week runway 2025,data/latest/images/London_Fashion_Week_runway_2025_c0a6c36c7ad98cd0.jpg,https://assets.vogue.com/photos/66e1c843c22905cb0212f62f/master/w_2560%2Cc_limit/00001-kallmeyer-spring-2025-ready-to-wear-credit-gorunway.jpg
London Fashion Week runway 2025,data/latest/images/London_Fashion_Week_runway_2025_0d30a1154cb76bfa.jpg,https://i.ytimg.com/vi/txhMtiwujFo/hq720.jpg?sqp=-oaymwEhCK4FEIIDSFryq4qpAxMIARUAAAAAGAElAADIQj0AgKJD&rs=AOn4CLB2BTjxxI-qiHH4HQHqxmyqEipRVw
London Fashion Week runway 2025,data/latest/images/London_Fashion_Week_runway_2025_76b56f30619bd1ec.jpg,https://www.bellanaija.com/wp-content/uploads/2025/11/1Z0A8454-scaled.jpg
London Fashion Week runway 2025,data/latest/images/London_Fashion_Week_runway_2025_b4a8c26885ae3695.webp,https://api.photon.aremedia.net.au/wp-content/uploads/sites/5/2025/02/shanina-shaik-burberry-winter-2025-london-fashion-week-67bcf61bb8a35.jpg?resize=650%2C1156
London Fashion Week runway 2025,data/latest/images/London_Fashion_Week_runway_2025_769d9f223ec23917.webp,https://api.photon.aremedia.net.au/wp-content/uploads/sites/5/2025/02/lily-james-erdem-2025-london-fashion-week-67bcf60a370d4.jpg?resize=650%2C1156
London Fashion Week runway 2025,data/latest/images/London_Fashion_Week_runway_2025_9e90656126b92c79.jpg,https://media.gettyimages.com/id/2236356115/photo/london-united-kingdom-a-model-walks-the-runway-during-ashish-spring-summer-2026-fresh-hell.jpg?s=612x612&w=gi&k=20&c=aq4uXSndpYLrFEIUoMH1YWamnC9VLouVEgLCd2CHupI=
London Fashion Week runway 2025,data/latest/images/London_Fashion_Week_runway_2025_795167f4d3947f36.jpg,https://media.nowfashion.com/wp-content/uploads/2025/03/Zimmermann-Ready-To-Wear-Fall-Winter-2025-Paris-Fashion-Week-Runway-043.jpg
London Fashion Week runway 2025,data/latest/images/London_Fashion_Week_runway_2025_dea2a7f756df5e26.png,https://www.stylerave.com/wp-content/uploads/2025/11/1000-x-1000-18-1.png
London Fashion Week runway 2025,data/latest/images/London_Fashion_Week_runway_2025_e599daaee9c3ea98.jpg,https://www.bellanaija.com/wp-content/uploads/2025/11/O85A6437.jpg
London Fashion Week runway 2025,data/latest/images/London_Fashion_Week_runway_2025_23b0703485a17d56.jpg,"https://hips.hearstapps.com/hmg-prod/images/lashana-lynch-attends-the-roksanda-show-during-london-news-photo-1758708824.pjpeg?crop=0.906xw:0.908xh;0.0680xw,0.0783xh"
London Fashion Week runway 2025,data/latest/images/London_Fashion_Week_runway_2025_426b570262655586.webp,https://api.photon.aremedia.net.au/wp-content/uploads/sites/5/2025/02/raven-smith-erdem-2025-london-fashion-week-67bcf617d0f73.jpg?resize=650%2C1156
London Fashion Week runway 2025,data/latest/images/London_Fashion_Week_runway_2025_8406989a1db4c3a3.jpg,https://lookaside.instagram.com/seo/google_widget/crawler/?media_id=3759091687189433032
London Fashion Week runway 2025,data/latest/images/London_Fashion_Week_runway_2025_d2546cff5d95cd56.jpg,https://media.gettyimages.com/id/2236486719/photo/london-england-a-model-walks-the-runway-during-the-toga-ready-to-wear-spring-summer-2026.jpg?s=612x612&w=gi&k=20&c=hg4NYTeUBXb3p36m5g0xBYCPfbs4iXt43ONU7mCq11k=
London Fashion Week runway 2025,data/latest/images/London_Fashion_Week_runway_2025_4b68540a428157bb.jpg,https://s.yimg.com/ny/api/res/1.2/yFjJYgW4txIN0Yw7eHSbGA--/YXBwaWQ9aGlnaGxhbmRlcjt3PTk2MDtoPTE0Mzg7Y2Y9d2VicA--/https://media.zenfs.com/en/wwd_409/6df81c5182bcb6f19bbe912c80a461ce
London Fashion Week runway 2025,data/latest/images/London_Fashion_Week_runway_2025_7e531c390d814486.jpg,https://lookaside.instagram.com/seo/google_widget/crawler/?media_id=3760790520448853710
London Fashion Week runway 2025,data/latest/images/London_Fashion_Week_runway_2025_d82c0c31f41aa727.jpg,https://i.ytimg.com/vi/FDF6a1LuxJc/hq720.jpg?sqp=-oaymwEhCK4FEIIDSFryq4qpAxMIARUAAAAAGAElAADIQj0AgKJD&rs=AOn4CLCH_mwBlP82IxmICKsKjT2wT8Mhng
London Fashion Week runway 2025,data/latest/images/London_Fashion_Week_runway_2025_58e74f93440487d0.webp,https://api.photon.aremedia.net.au/wp-content/uploads/sites/5/2025/02/nicky-hilton-burberry-winter-2025-london-fashion-week-67bcf624298b0.jpg?resize=650%2C1156
London Fashion Week runway 2025,data/latest/images/London_Fashion_Week_runway_2025_dda0132ea111c402.jpg,https://www.bellanaijastyle.com/wp-content/uploads/2025/11/1Z0A8698-scaled-e1762381509870.jpg
London Fashion Week runway 2025,data/latest/images/London_Fashion_Week_runway_2025_1c837228728f4bef.jpg,https://www.stellamccartney.com/dw/image/v2/BCWD_PRD/on/demandware.static/-/Library-Sites-StellaMcCartneySharedLibrary/default/dwa4d5a33c/images/Lookbooks/RTW/Summer25/SU25-SHOW-4x514.jpg?sw=1040&sh=1300
London Fashion Week runway 2025,data/latest/images/London_Fashion_Week_runway_2025_10b211d11c1aeed8.jpg,https://www.bellanaijastyle.com/wp-content/uploads/2025/11/1Z0A9680-scaled.jpg
London Fashion Week runway 2025,data/latest/images/London_Fashion_Week_runway_2025_25960990c4a381ec.jpg,https://www.sowetan.co.za/resizer/v2/QS5SSSOMVJJKNPKFFQI7CI5AYM.jpg?auth=5294da23f044d07c605bec7d78f717dfec9ec604028b00e3f1859e01e91c796d&width=844&height=1120&smart=true
London Fashion Week runway 2025,data/latest/images/London_Fashion_Week_runway_2025_6c0dedfaa2dcf0c9.jpg,https://s.yimg.com/ny/api/res/1.2/vY5yDOBYK_qGOmz.dEBcaQ--/YXBwaWQ9aGlnaGxhbmRlcjt3PTk2MDtoPTE0Mzk7Y2Y9d2VicA--/https://media.zenfs.com/en/wwd_409/2141e0715ec27a10a11bf9f130ad8eb8
London Fashion Week runway 2025,data/latest/images/London_Fashion_Week_runway_2025_cfcb7aaf23dcfd4d.jpg,"https://hips.hearstapps.com/hmg-prod/images/model-walks-the-runway-during-the-chanel-womenswear-fall-news-photo-1741710489.pjpeg?crop=0.668xw:1.00xh;0.155xw,0&resize=640:*"
London Fashion Week runway 2025,data/latest/images/London_Fashion_Week_runway_2025_6da68d1287210017.webp,https://media.nowfashion.com/wp-content/uploads/2025/03/Zimmermann-Ready-To-Wear-Fall-Winter-2025-Paris-Fashion-Week-Runway-007.jpg
London Fashion Week runway 2025,data/latest/images/London_Fashion_Week_runway_2025_80b148a42e71ff11.jpg,https://prominentmagazine.co.uk/wp-content/uploads/2025/11/2.2-Relique-London.jpg
London Fashion Week runway 2025,data/latest/images/London_Fashion_Week_runway_2025_b4bd35b7aea3c099.jpg,https://blogger.googleusercontent.com/img/a/AVvXsEiVXROIbWxQtc5pmSxBJpzxbr9V1sb-wry9JLvECFq36jFZqUYk-SaCCwxpqB2Cq0hEJWUYYCIYTUBqqfX6E9Loc3CXvhEaKRUydL8BpfC_i_z7KpMo0ZU2KBCWmFyHUbsW_Mxb3fjVt9qimd_lAwdz1Iu7KCkBzkT6T1ihRV60gmD4mqu9oq4aR7geGfk=s1044
London Fashion Week runway 2025,data/latest/images/London_Fashion_Week_runway_2025_ea5fe1ce90a4a2f4.jpg,https://www.bellanaija.com/wp-content/uploads/2025/11/1Z0A6513-scaled.jpg
London Fashion Week runway 2025,data/latest/images/London_Fashion_Week_runway_2025_15c13294255128eb.jpg,https://www.stellamccartney.com/dw/image/v2/BCWD_PRD/on/demandware.static/-/Library-Sites-StellaMcCartneySharedLibrary/default/dw21cf8ff6/images/Lookbooks/RTW/Summer25/SU25-SHOW-4x511.jpg?sw=1040&sh=1300
London Fashion Week runway 2025,data/latest/images/London_Fashion_Week_runway_2025_c0a1f18de0173470.jpg,https://cdn.mos.cms.futurecdn.net/SNP5QAB6fna9FNcMw3aFSM.jpg
London Fashion Week runway 2025,data/latest/images/London_Fashion_Week_runway_2025_46e9e4b75a53c5ad.jpg,https://www.bellanaija.com/wp-content/uploads/2025/11/1Z0A7851-scaled.jpg
London Fashion Week runway 2025,data/latest/images/London_Fashion_Week_runway_2025_8f0c68264dbe4ef7.jpg,https://media.gettyimages.com/id/2236417490/photo/london-england-a-model-walks-the-runway-during-the-patrick-mcdowell-ready-to-wear-spring.jpg?s=612x612&w=gi&k=20&c=YowhpJN4yx9cS8dyS_AcXkTOxcsmPdyj9Pqf2c_ehko=
London Fashion Week runway 2025,data/latest/images/London_Fashion_Week_runway_2025_49fc56629bf53996.jpg,https://www.bellanaijastyle.com/wp-content/uploads/2025/11/1Z0A7818-scaled-e1762341112777.jpg
London Fashion Week runway 2025,data/latest/images/London_Fashion_Week_runway_2025_95be6c45b86bd85c.jpg,https://www.irishnews.com/resizer/v2/TP47UM3PHJJXTEYIB4LSMF7XG4.jpg?auth=32ad526a92b2f03adb61ef951b3018e50b9ff38992f6f372d6f935b71e5ae780&width=800&height=533
Seoul Fashion Week street style 2025,data/latest/images/Seoul_Fashion_Week_street_style_2025_ccc341fc8a7fb8c1.png,https://textilevaluechain.in/wp-content/uploads/2025/11/Tvc-2025-11-04T111511.203.png
Seoul Fashion Week street style 2025,data/latest/images/Seoul_Fashion_Week_street_style_2025_b8515803100a27b0.jpg,https://media.gettyimages.com/id/2233526778/video/seoul-south-korea-a-guest-wears-silky-pyjama-robe-and-pants-and-valentino-black-loafers.jpg?s=640x640&k=20&c=uqXcZ2pqA4uyFOhQRES6jv1RKWnjL1Yb7jYEgqMIK5M=
Seoul Fashion Week street style 2025,data/latest/images/Seoul_Fashion_Week_street_style_2025_10390f7f413aea35.jpg,https://media.gettyimages.com/id/2233526789/video/slow-mo-street-style-day-3-seoul-fashion-week-s-s-2026.jpg?s=640x640&k=20&c=ZFAu9L7on4baFwQO0inITP9lwkuMWM3RXHEMIzv3p_8=
Seoul Fashion Week street style 2025,data/latest/images/Seoul_Fashion_Week_street_style_2025_ff54aeb17dc2a03b.jpg,https://assets.vogue.com/photos/6908ca06776db16835835b87/1:1/w_640%2Cc_limit/undefined
Seoul Fashion Week street style 2025,data/latest/images/Seoul_Fashion_Week_street_style_2025_c4310a88eeaf1479.webp,https://media.thecoolhour.com/wp-content/uploads/2025/10/27182511/gabriel-lee-fall-winter-2025-finds-its-edge-through-clean-lines-35.webp
Seoul Fashion Week street style 2025,data/latest/images/Seoul_Fashion_Week_street_style_2025_c06cf9ac0af6a7a0.jpg,https://hips.hearstapps.com/hmg-prod/images/milano-str-s26-0692-6909f63e39eac.jpg
Seoul Fashion Week street style 2025,data/latest/images/Seoul_Fashion_Week_street_style_2025_e83fcb6fd787d537.jpg,https://fashionista.com/.image/ar_4:3%2Cc_fill%2Ccs_srgb%2Cfl_progressive%2Cq_auto:good%2Cw_1200/MTYyODk4OTk1MzQ4MjUyMjQ4/seoul-fashion-week-street-style-fall-2019.jpg
Seoul Fashion Week street style 2025,data/latest/images/Seoul_Fashion_Week_street_style_2025_1f66d543cdad9ce4.webp,https://cassette.sphdigital.com.sg/image/harpersbazaar/f053097ed206b55b99391392591bee0caff2ce1aa30bb33f92e318e956f7ee18?w=1000&q=85
Seoul Fashion Week street style 2025,data/latest/images/Seoul_Fashion_Week_street_style_2025_23f8357d12c72258.jpg,https://hips.hearstapps.com/hmg-prod/images/gettyimages-2238041378-690b2ba90d1b4.jpg
Seoul Fashion Week street style 2025,data/latest/images/Seoul_Fashion_Week_street_style_2025_5354b345a5ca0027.webp,https://cassette.sphdigital.com.sg/image/harpersbazaar/3af2cb57d6ec14d74d53f6a26a9322ada75098c5717dca899870463741426beb?w=1000&q=85
Seoul Fashion Week street style 2025,data/latest/images/Seoul_Fashion_Week_street_style_2025_0e06236d6751a06e.jpg,https://media.gettyimages.com/id/1465751845/photo/street-style-fall-winter-2019-seoul-fashion-week-south-korea-21-mar-2019.jpg?s=1024x1024&w=gi&k=20&c=ZumOUb81xrGnauz_2j0V4RAJGwdwIFvgU22aRsljuzo=
Seoul Fashion Week street style 2025,data/latest/images/Seoul_Fashion_Week_street_style_2025_f7d4e02fc0e48c63.webp,https://s2.aptocdn.com/www.fashionchingu.com/wp-content/uploads/2025/11/Brown-Faux-Leather-Oversized-Jacket-Joy-Red-Velvet_desc_0-500x685.jpg
Seoul Fashion Week street style 2025,data/latest/images/Seoul_Fashion_Week_street_style_2025_57b085d335eca7e7.png,https://www.stylerave.com/wp-content/uploads/2025/11/1000-x-1000-22-1.png
Seoul Fashion Week street style 2025,data/latest/images/Seoul_Fashion_Week_street_style_2025_f2f10e4f74777489.jpg,https://fashionista.com/.image/ar_16:9%2Cc_fill%2Ccs_srgb%2Cfl_progressive%2Cq_auto:good%2Cw_1200/MTU5MzI0NTIwMDkwNDQ1NDA4/hp-seoul-fashion-week-street-style-spring-2019.jpg
Seoul Fashion Week street style 2025,data/latest/images/Seoul_Fashion_Week_street_style_2025_aff8af2a9a03b338.jpg,https://lookaside.instagram.com/seo/google_widget/crawler/?media_id=3760946185071893492
Seoul Fashion Week street style 2025,data/latest/images/Seoul_Fashion_Week_street_style_2025_2aeaf2c4d1e60e6b.jpg,"https://hips.hearstapps.com/hmg-prod/images/gettyimages-841028908-690b44d4da959.jpg?crop=0.668xw:1.00xh;0.167xw,0&resize=360:*"
Seoul Fashion Week street style 2025,data/latest/images/Seoul_Fashion_Week_street_style_2025_d030ab80a5ddcd77.jpg,https://lookaside.instagram.com/seo/google_widget/crawler/?media_id=3759775650472522043
Seoul Fashion Week street style 2025,data/latest/images/Seoul_Fashion_Week_street_style_2025_6c354dc9fc1281eb.jpg,https://lookaside.instagram.com/seo/google_widget/crawler/?media_id=3760511108273424414
Seoul Fashion Week street style 2025,data/latest/images/Seoul_Fashion_Week_street_style_2025_28a5201b2ce3186c.webp,https://cassette.sphdigital.com.sg/image/herworld/b244cc613c4c172790ccf755907f21c00a15a9f324553900f521cc16279c4c60?w=1000&q=85
Seoul Fashion Week street style 2025,data/latest/images/Seoul_Fashion_Week_street_style_2025_4a67702a53361641.jpg,https://wwd.com/wp-content/uploads/2024/03/WWD11072205_cover.jpg?w=450
Seoul Fashion Week street style 2025,data/latest/images/Seoul_Fashion_Week_street_style_2025_4e41268eb61a7f29.jpg,https://lookaside.instagram.com/seo/google_widget/crawler/?media_id=3760290586927549963
Seoul Fashion Week street style 2025,data/latest/images/Seoul_Fashion_Week_street_style_2025_bf809a342974b80c.webp,https://api.photon.aremedia.net.au/wp-content/uploads/sites/5/2025/11/copy-of-copy-of-header-heatwave-9-690d672bd58d0.jpg
Seoul Fashion Week street style 2025,data/latest/images/Seoul_Fashion_Week_street_style_2025_0fda7caed1fdbb6a.jpg,https://www.kawasyo.online/wp-content/uploads/2025/11/korean-street-style-loose-fit-wide-pants-autumn-2025.jpg
Seoul Fashion Week street style 2025,data/latest/images/Seoul_Fashion_Week_street_style_2025_eddd00d066b04953.webp,https://cassette.sphdigital.com.sg/image/harpersbazaar/3e5337eb9e66537201fc4a0b7b2f8f807bd65c0b957db5c5b8962bc3956682dc
Seoul Fashion Week street style 2025,data/latest/images/Seoul_Fashion_Week_street_style_2025_5b830b28aa2712aa.jpg,https://i.pinimg.com/236x/71/46/b3/7146b3a2639fb77fa73d647b6ac5cd92.jpg
Seoul Fashion Week street style 2025,data/latest/images/Seoul_Fashion_Week_street_style_2025_8b6c36aee74b957d.jpg,https://b4209790.smushcdn.com/4209790/wp-content/uploads/2025/11/20F7-Fashion-Week-768x1024.jpeg?lossy=1&strip=1&webp=1
Seoul Fashion Week street style 2025,data/latest/images/Seoul_Fashion_Week_street_style_2025_add3173e938a973e.webp,https://cassette.sphdigital.com.sg/image/harpersbazaar/e446bf6f767f3d6f02c634823c033f67997375aa10c3bcad0a18bc772112cecb?w=1000&q=85
Seoul Fashion Week street style 2025,data/latest/images/Seoul_Fashion_Week_street_style_2025_f205d293aab7f5c7.jpg,https://lookaside.instagram.com/seo/google_widget/crawler/?media_id=3758355374772710301
Seoul Fashion Week street style 2025,data/latest/images/Seoul_Fashion_Week_street_style_2025_c0aca290f5fcbd4b.jpg,https://cdn.myportfolio.com/69e1f896-9627-429c-88da-100854a1e8be/abf68ddf-33e6-44cb-a142-29779cb8b031_rw_1920.jpg?h=5d4d424d8efdb3b1666dd1086fa3de44
Seoul Fashion Week street style 2025,data/latest/images/Seoul_Fashion_Week_street_style_2025_4bba912b2a487f9c.jpg,https://image-cdn.hypb.st/https%3A%2F%2Fhypebeast.com%2Fimage%2F2025%2F10%2F31%2Fthe-couture-club-runway-fall-winter-2025-collection-release-info-0.jpg?fit=max&cbr=1&q=90&w=750&h=500
Seoul Fashion Week street style 2025,data/latest/images/Seoul_Fashion_Week_street_style_2025_0b95a7c108f70079.jpg,https://koreajoongangdaily.joins.com/data/photo/2022/10/18/3fc13659-2494-43f5-a6a0-8f67086bc5e3.jpg
Seoul Fashion Week street style 2025,data/latest/images/Seoul_Fashion_Week_street_style_2025_3e308be908045814.jpg,https://assets.vogue.com/photos/690a72ebdcb6026e12157569/4:3/w_1600%2Cc_limit/LAGOSFASHIONWEEK2025_STREETSTYLE_DAY4_STEPHENTAYO_017.jpg
Seoul Fashion Week street style 2025,data/latest/images/Seoul_Fashion_Week_street_style_2025_8d639977c784fcea.jpg,https://media.gettyimages.com/id/1669644830/photo/seoul-south-korea-models-at-seoul-fashion-week-s-s-2024-on-september-09-2023-in-seoul-south.jpg?s=612x612&w=gi&k=20&c=WopPB4UK_nSloARfrSNWA8Jr6KudEQHS5yQTj_lz5xQ=
Seoul Fashion Week street style 2025,data/latest/images/Seoul_Fashion_Week_street_style_2025_599a885cf1289ecd.webp,https://whatsnewindonesia.com/sites/default/files/2025-11/hero_jakarta_fashion_week_2026_street_style.webp
Seoul Fashion Week street style 2025,data/latest/images/Seoul_Fashion_Week_street_style_2025_6a5bfe53eab85f76.webp,https://b3504934.smushcdn.com/3504934/wp-content/uploads/2025/11/designers-as-the-muse-vogue-S-1280x960.webp?lossy=2&strip=1&webp=1
Seoul Fashion Week street style 2025,data/latest/images/Seoul_Fashion_Week_street_style_2025_4d41b77e167f3222.jpg,https://fashionista.com/.image/ar_1:1%2Cc_fill%2Ccs_srgb%2Cfl_progressive%2Cg_faces:center%2Cq_auto:good%2Cw_620/MjE4OTU0MjUzNDAwNTQ5MjAw/olivier-rousteing-exits-balmain.jpg
Seoul Fashion Week street style 2025,data/latest/images/Seoul_Fashion_Week_street_style_2025_691834f62f60a52f.jpg,https://image-cdn.hypb.st/https%3A%2F%2Fhypebeast.com%2Fimage%2F2025%2F11%2F05%2Fstray-kids-bang-chan-roman-empire-fendi-exclusive-interview-001.jpg?q=75&w=800&cbr=1&fit=max
Seoul Fashion Week street style 2025,data/latest/images/Seoul_Fashion_Week_street_style_2025_cd70045ebef0c70c.jpg,https://assets.vogue.com/photos/68da9a9e84685b5f32b75618/1:1/w_640%2Cc_limit/undefined
Seoul Fashion Week street style 2025,data/latest/images/Seoul_Fashion_Week_street_style_2025_584c429c979f6234.jpg,"https://substackcdn.com/image/fetch/$s_!w8Fc!,f_auto,q_auto:good,fl_progressive:steep/https%3A%2F%2Fsubstack-post-media.s3.amazonaws.com%2Fpublic%2Fimages%2F8d574d88-9dab-43e3-94ae-1f845464d831_3840x2160.heic"
Seoul Fashion Week street style 2025,data/latest/images/Seoul_Fashion_Week_street_style_2025_1373383439acefa1.jpg,https://img.voguehk.com/media/2025/09/05142919/Seoul_SS26_STREETSTYLE_Day4_YoungChul_59-1201x1800.jpg
Seoul Fashion Week street style 2025,data/latest/images/Seoul_Fashion_Week_street_style_2025_770e0efe0c26989f.png,http://fashionweekdaily.com/wp-content/uploads/2025/11/2-55.png
Seoul Fashion Week street style 2025,data/latest/images/Seoul_Fashion_Week_street_style_2025_aecd1a103ccab9eb.jpg,https://voguesg.s3.ap-southeast-1.amazonaws.com/wp-content/uploads/2025/10/03112609/BANNER-2.jpg
Seoul Fashion Week street style 2025,data/latest/images/Seoul_Fashion_Week_street_style_2025_c8d84d45a672262c.jpg,https://biz.shibuyabunka.com/storage/images/recommend/1762335158.jpg
Seoul Fashion Week street style 2025,data/latest/images/Seoul_Fashion_Week_street_style_2025_83832051011654d4.jpg,https://assets.vogue.com/photos/6850342b5f365ab3db8c71a9/master/w_2560%2Cc_limit/PITTI-CHEAT-SHEET-STORY.jpg
Seoul Fashion Week street style 2025,data/latest/images/Seoul_Fashion_Week_street_style_2025_197ecb3a8c99cbd3.jpg,https://i.ytimg.com/vi/e9_dlhWsuu8/hq720.jpg?sqp=-oaymwEhCK4FEIIDSFryq4qpAxMIARUAAAAAGAElAADIQj0AgKJD&rs=AOn4CLDRZGxysjVCGyRNYUc0Kx9za-_IaA
Seoul Fashion Week street style 2025,data/latest/images/Seoul_Fashion_Week_street_style_2025_231735a469bcb209.png,https://data2.nssmag.com/images/galleries/45714/coupang_nssmag_verticale.webp
Seoul Fashion Week street style 2025,data/latest/images/Seoul_Fashion_Week_street_style_2025_bf943e5fbb353c58.jpg,https://news.samsungcnt.com/upload/2.0/wp-content/uploads/sites/3/2025/11/1200px-8seconds-Expands-the-K-Pop-Universe-with-%E2%80%98K-Pop-Demon-Hunters-Collaboration.jpg
Seoul Fashion Week street style 2025,data/latest/images/Seoul_Fashion_Week_street_style_2025_5b5c637fc710e931.jpg,https://schon-magazine.s3.eu-central-1.amazonaws.com/wp-content/uploads/2025/11/06034054/Schon_Magazine_daniellegalligan3.jpg
Seoul Fashion Week street style 2025,data/latest/images/Seoul_Fashion_Week_street_style_2025_5d5128ee43545c5c.webp,https://media.thecoolhour.com/wp-content/uploads/2025/10/27185014/imgi_17_6.webp
New York Fashion Week street style 2025,data/latest/images/New_York_Fashion_Week_street_style_2025_7500c37e936ec29e.jpg,https://i.ytimg.com/vi/FMNofvvxRb8/hq720.jpg?sqp=-oaymwEhCK4FEIIDSFryq4qpAxMIARUAAAAAGAElAADIQj0AgKJD&rs=AOn4CLB1Xd0VlXw7HNahouurQInAoPASaQ
New York Fashion Week street style 2025,data/latest/images/New_York_Fashion_Week_street_style_2025_056309e0652f63e5.webp,https://images.squarespace-cdn.com/content/v1/63e018764b58945e72cf6fd8/9a34c5ab-f4e1-47e4-9ff1-a8b1698726b0/ketchup+files+street+style+images+new+york+fashion+week+photo+by+pastaverygood+celina+espinal+contributor+fw25+Carolina+Herrera+fw252025-02-27+at+5.28.50+PM+16.jpg?format=1000w
New York Fashion Week street style 2025,data/latest/images/New_York_Fashion_Week_street_style_2025_ed61a977c78a6329.jpg,https://static01.nyt.com/images/2025/11/09/multimedia/06STYLEOUTSIDE-FALL-NYC-01-cptw/06STYLEOUTSIDE-FALL-NYC-01-cptw-articleLarge.jpg?quality=75&auto=webp&disable=upscale
New York Fashion Week street style 2025,data/latest/images/New_York_Fashion_Week_street_style_2025_c88fa443937a5a95.jpg,https://media.gettyimages.com/id/2235498801/photo/street-style-september-2025-new-york-fashion-week.jpg?s=612x612&w=gi&k=20&c=csOWkYa0FXOB7ZEBV7prOsBfDdoVFrO9ZvD-ydFOt-k=
New York Fashion Week street style 2025,data/latest/images/New_York_Fashion_Week_street_style_2025_35ed571ad7cc109f.jpg,"https://hips.hearstapps.com/hmg-prod/images/bella-hadid-seen-in-new-york-on-december-14-2024-in-new-news-photo-1739391181.pjpeg?crop=1.00xw:0.669xh;0,0.0238xh&resize=640:*"
New York Fashion Week street style 2025,data/latest/images/New_York_Fashion_Week_street_style_2025_1c67fb3a6796e576.jpg,https://static01.nyt.com/images/2025/11/09/multimedia/06STYLEOUTSIDE-FALL-NYC-01-cptw/06STYLEOUTSIDE-FALL-NYC-01-cptw-videoSixteenByNineJumbo1600.jpg
New York Fashion Week street style 2025,data/latest/images/New_York_Fashion_Week_street_style_2025_a9b3f4701337734b.jpg,https://media.gettyimages.com/id/2235299830/photo/street-style-september-2025-new-york-fashion-week.jpg?s=1024x1024&w=gi&k=20&c=125Kc9Y5SMFYix58wWbo8rUNd5YMNNMlMGPzbni9bL8=
New York Fashion Week street style 2025,data/latest/images/New_York_Fashion_Week_street_style_2025_c52441d6520e2107.jpg,https://media.gettyimages.com/id/2235498657/photo/street-style-september-2025-new-york-fashion-week.jpg?s=594x594&w=gi&k=20&c=NYuoyGnrXDpwXpxNqzP1NasFLvhl3Zx7Jc1BxVxcqXo=
New York Fashion Week street style 2025,data/latest/images/New_York_Fashion_Week_street_style_2025_0b4ba755974d36fb.jpg,https://assets.vogue.com/photos/6908ca06776db16835835b87/3:4/w_1600%2Cc_limit/LAGOSFASHIONWEEK2025_STREETSTYLE_DAY3_STEPHENTAYO_002.jpg
New York Fashion Week street style 2025,data/latest/images/New_York_Fashion_Week_street_style_2025_178983291c71f0dc.jpg,https://fashionmagazine.mblycdn.com/uploads/fm/2024/09/New-York-str-S25-0295.jpg
New York Fashion Week street style 2025,data/latest/images/New_York_Fashion_Week_street_style_2025_ed0c078206ed1b65.jpg,https://media.gettyimages.com/id/2235988982/photo/street-style-september-2025-new-york-fashion-week.jpg?s=1024x1024&w=gi&k=20&c=X_9pwrxpZRPY9o7iM7A7lgKkBRpB4TduYikLEKLNCPw=
New York Fashion Week street style 2025,data/latest/images/New_York_Fashion_Week_street_style_2025_b1d798713f253985.jpg,https://lookaside.instagram.com/seo/google_widget/crawler/?media_id=3759188757166774245
New York Fashion Week street style 2025,data/latest/images/New_York_Fashion_Week_street_style_2025_8648ca00597c34c9.jpg,https://static01.nyt.com/images/2025/11/04/multimedia/04LOTW-BROOKS-04-pmqb/04LOTW-BROOKS-04-pmqb-verticalTwoByThree735.jpg?quality=75&auto=webp
New York Fashion Week street style 2025,data/latest/images/New_York_Fashion_Week_street_style_2025_9da30beba9315338.jpg,"https://hips.hearstapps.com/hmg-prod/images/guest-wears-long-loose-light-brown-hair-parted-at-center-news-photo-1762448885.pjpeg?crop=0.920xw:0.921xh;0.0799xw,0.0579xh&resize=980:*"
New York Fashion Week street style 2025,data/latest/images/New_York_Fashion_Week_street_style_2025_d6f69b9d6fd72c20.jpg,https://lookaside.instagram.com/seo/google_widget/crawler/?media_id=3759188757166809310
New York Fashion Week street style 2025,data/latest/images/New_York_Fashion_Week_street_style_2025_1155056188b53278.jpg,https://hips.hearstapps.com/hmg-prod/images/ginevra-mavilla-wears-checkered-pullunder-black-leather-news-photo-1762531788.pjpeg?resize=980:*
New York Fashion Week street style 2025,data/latest/images/New_York_Fashion_Week_street_style_2025_86167c0f64c3960c.jpg,"https://hips.hearstapps.com/hmg-prod/images/guest-wears-a-center-parted-low-bun-black-rectangular-news-photo-1762448774.pjpeg?crop=0.850xw:0.851xh;0.0306xw,0.0795xh&resize=980:*"
New York Fashion Week street style 2025,data/latest/images/New_York_Fashion_Week_street_style_2025_fef08adb9651e1d4.gif,"https://hips.hearstapps.com/hmg-prod/images/1107-cord-00-690e2337b414b.gif?crop=0.563xw:1.00xh;0.210xw,0&resize=480:*"
New York Fashion Week street style 2025,data/latest/images/New_York_Fashion_Week_street_style_2025_dd0a997997c310a9.jpg,https://lookaside.instagram.com/seo/google_widget/crawler/?media_id=3759188757200311134
New York Fashion Week street style 2025,data/latest/images/New_York_Fashion_Week_street_style_2025_b146542d9e75523d.jpg,https://i.ytimg.com/vi/c1UOcjU0i4U/hq720.jpg?sqp=-oaymwEhCK4FEIIDSFryq4qpAxMIARUAAAAAGAElAADIQj0AgKJD&rs=AOn4CLD7c2Cx3eK191CLVOCndxIjWV-AuA
New York Fashion Week street style 2025,data/latest/images/New_York_Fashion_Week_street_style_2025_e166b8efb4e8a662.jpg,https://cdn.mos.cms.futurecdn.net/XeyJB3QJMe8aeKeGU2ocad.jpg
New York Fashion Week street style 2025,data/latest/images/New_York_Fashion_Week_street_style_2025_8f7ff63ec2bb8cdf.jpg,https://i.ytimg.com/vi/HKCw5Y-gzmE/hq720.jpg?sqp=-oaymwEhCK4FEIIDSFryq4qpAxMIARUAAAAAGAElAADIQj0AgKJD&rs=AOn4CLCOj_Ur9_oA-DBCSTTiVZHYJEyWxA
New York Fashion Week street style 2025,data/latest/images/New_York_Fashion_Week_street_style_2025_3e308be908045814.jpg,https://assets.vogue.com/photos/690a72ebdcb6026e12157569/4:3/w_1600%2Cc_limit/LAGOSFASHIONWEEK2025_STREETSTYLE_DAY4_STEPHENTAYO_017.jpg
New York Fashion Week street style 2025,data/latest/images/New_York_Fashion_Week_street_style_2025_4d41b77e167f3222.jpg,https://fashionista.com/.image/ar_1:1%2Cc_fill%2Ccs_srgb%2Cfl_progressive%2Cg_faces:center%2Cq_auto:good%2Cw_620/MjE4OTU0MjUzNDAwNTQ5MjAw/olivier-rousteing-exits-balmain.jpg
New York Fashion Week street style 2025,data/latest/images/New_York_Fashion_Week_street_style_2025_f6d5ef24aa749947.jpg,https://fashionista.com/.image/c_limit%2Ccs_srgb%2Cfl_progressive%2Cq_auto:good%2Cw_860/MTkyMjM4MTMwODkwNDE3Mzg4/nyfw-street-style-day-1-spring-2023-by-chiaraobscura-25.jpg
New York Fashion Week street style 2025,data/latest/images/New_York_Fashion_Week_street_style_2025_e71ac4dd3771c4f1.jpg,https://fashionista.com/.image/ar_1:1%2Cc_fill%2Ccs_srgb%2Cfl_progressive%2Cg_faces:center%2Cq_auto:good%2Cw_620/MjE4OTMwOTgxMTIwMjU1NTkw/cfda-awards-2025.jpg
New York Fashion Week street style 2025,data/latest/images/New_York_Fashion_Week_street_style_2025_b43e251428edf98b.jpg,https://s.yimg.com/ny/api/res/1.2/X7n2u4amD.igEm2IKnR9CA--/YXBwaWQ9aGlnaGxhbmRlcjt3PTk2MDtoPTE0NDA-/https://media.zenfs.com/en/harper_s_bazaar_ecommerce_999/d2e143fd7fbab51698ca9f44d6c1f62a
New York Fashion Week street style 2025,data/latest/images/New_York_Fashion_Week_street_style_2025_dfa2ddce4e0cb5d7.jpg,https://cdn.mos.cms.futurecdn.net/mzSu6yLwNaNobYewn3voo9.jpg
New York Fashion Week street style 2025,data/latest/images/New_York_Fashion_Week_street_style_2025_7b8d63cf87358c5c.jpg,https://www.stylerave.com/wp-content/uploads/2025/11/WhatsApp-Image-2025-11-04-at-23.15.11_996b40c3-1.jpg
New York Fashion Week street style 2025,data/latest/images/New_York_Fashion_Week_street_style_2025_564f2afba2494648.png,https://i0.wp.com/thecatalystnews.com/wp-content/uploads/2025/11/image-3.png?resize=604%2C1024&ssl=1
New York Fashion Week street style 2025,data/latest/images/New_York_Fashion_Week_street_style_2025_e8b7d3355a12ff73.webp,https://api.photon.aremedia.net.au/wp-content/uploads/sites/5/2025/09/gettyimages-2234957023-68c903f91aa7b-scaled.jpg?resize=650%2C975
New York Fashion Week street style 2025,data/latest/images/New_York_Fashion_Week_street_style_2025_f769dfbaf6513050.jpg,https://cdn.mos.cms.futurecdn.net/ZkxnNxnu6KFVbD5kiDNKH8.jpg
New York Fashion Week street style 2025,data/latest/images/New_York_Fashion_Week_street_style_2025_52a78a03bebcf94b.jpg,https://assets.vogue.com/photos/65e5dfd5bc387825f4bc7936/4:3/w_1600%2Cc_limit/PARIS-STREETSTYLE-PHILOH-DAY6-%252039.jpg
New York Fashion Week street style 2025,data/latest/images/New_York_Fashion_Week_street_style_2025_f2819501d2f8ba13.jpg,https://lookaside.instagram.com/seo/google_widget/crawler/?media_id=3759227208524243376
New York Fashion Week street style 2025,data/latest/images/New_York_Fashion_Week_street_style_2025_a32c057f92746069.jpg,https://lookaside.instagram.com/seo/google_widget/crawler/?media_id=3762413643568874245
New York Fashion Week street style 2025,data/latest/images/New_York_Fashion_Week_street_style_2025_f1345348b6b813a5.png,https://cdn.mos.cms.futurecdn.net/soK2WyogDFMMiHTSr73Wue.png
New York Fashion Week street style 2025,data/latest/images/New_York_Fashion_Week_street_style_2025_67f23141b90f4450.webp,https://api.photon.aremedia.net.au/wp-content/uploads/sites/5/2025/02/2-67aa9ab08258a.jpg?resize=650%2C1156
New York Fashion Week street style 2025,data/latest/images/New_York_Fashion_Week_street_style_2025_246505bd53437aab.jpg,https://assets.vogue.com/photos/68ee744749066cf45902c871/3:4/w_1600%2Cc_limit/who-won-social-ss26-vogue-business-story.jpg
New York Fashion Week street style 2025,data/latest/images/New_York_Fashion_Week_street_style_2025_07ca50551c3b9f7e.jpg,https://assets.vogue.com/photos/690b7a360ffcc8b03c408f21/3:4/w_1024%2Cc_limit/daryl-k-2025-exhibition-IMG_9763.jpeg
New York Fashion Week street style 2025,data/latest/images/New_York_Fashion_Week_street_style_2025_197ecb3a8c99cbd3.jpg,https://i.ytimg.com/vi/e9_dlhWsuu8/hq720.jpg?sqp=-oaymwEhCK4FEIIDSFryq4qpAxMIARUAAAAAGAElAADIQj0AgKJD&rs=AOn4CLDRZGxysjVCGyRNYUc0Kx9za-_IaA
New York Fashion Week street style 2025,data/latest/images/New_York_Fashion_Week_street_style_2025_0272c908ba95a376.jpg,https://www.instyle.com/thmb/0PcxuEL-29l4AGDFTrbgVvETffg=/1500x0/filters:no_upscale():max_bytes(150000):strip_icc()/GettyImages-2234869502-c6be0f978a9241938298a5d72dbcb8b0.jpg
New York Fashion Week street style 2025,data/latest/images/New_York_Fashion_Week_street_style_2025_ff0ccf905f678583.jpg,https://static01.nyt.com/images/2025/11/04/multimedia/04LOTW-BROOKS-01-pmqb/04LOTW-BROOKS-01-pmqb-verticalTwoByThree735.jpg?quality=75&auto=webp
New York Fashion Week street style 2025,data/latest/images/New_York_Fashion_Week_street_style_2025_b15e88af7b42f197.webp,https://api.photon.aremedia.net.au/wp-content/uploads/sites/5/2025/09/gettyimages-2234952791-68c903f563815-scaled.jpg?resize=650%2C975
New York Fashion Week street style 2025,data/latest/images/New_York_Fashion_Week_street_style_2025_06871c12d0357169.webp,https://api.photon.aremedia.net.au/wp-content/uploads/sites/5/2025/09/gettyimages-2235498279-68c905fc5340a-scaled.jpg?resize=650%2C975
New York Fashion Week street style 2025,data/latest/images/New_York_Fashion_Week_street_style_2025_c1148eb5908ac53e.jpg,https://cdn.mos.cms.futurecdn.net/FZAtJbiSUdKtWRwDTCcuCJ.jpg
New York Fashion Week street style 2025,data/latest/images/New_York_Fashion_Week_street_style_2025_36aedcf9c8456113.jpg,https://fashionista.com/.image/ar_1:1%2Cc_fill%2Ccs_srgb%2Cfl_progressive%2Cg_faces:center%2Cq_auto:good%2Cw_620/MjE4OTU1NTM0Mzc0NTQ1MjMy/anok-yai.jpg
New York Fashion Week street style 2025,data/latest/images/New_York_Fashion_Week_street_style_2025_f5a02bb0e4aeec30.jpg,"https://parade.com/.image/c_fill,w_5027,h_7539,g_faces:center/ODowMDAwMDAwMDAxMjMwMjQx/street-style-february-2025-new-york-fashion-week.jpg"
New York Fashion Week street style 2025,data/latest/images/New_York_Fashion_Week_street_style_2025_0a8e4090bf806a2d.jpg,https://static01.nyt.com/images/2025/11/09/multimedia/06STYLEOUTSIDE-FALL-NYC-01-cptw/06STYLEOUTSIDE-FALL-NYC-01-cptw-square320.jpg?quality=75&auto=webp&disable=upscale
New York Fashion Week street style 2025,data/latest/images/New_York_Fashion_Week_street_style_2025_f3edf1223fc05897.jpg,https://fortune.com/img-assets/wp-content/uploads/2025/11/GettyImages-2008418405-e1762543478319.jpg?w=1440&q=90
New York Fashion Week street style 2025,data/latest/images/New_York_Fashion_Week_street_style_2025_605f43749dcab073.jpg,https://fashionista.com/.image/ar_1:1%2Cc_fill%2Ccs_srgb%2Cfl_progressive%2Cg_faces:center%2Cq_auto:good%2Cw_620/MjE5MDAxMzI3NTg0NDIxNzEy/thirteen-lune-nyakio-grieco-lawsuit-withdrawn-2025.jpg
New York Fashion Week street style 2025,data/latest/images/New_York_Fashion_Week_street_style_2025_f692fe058494da0d.jpg,https://i.ytimg.com/vi/6sML3fMUBi8/hq720.jpg?sqp=-oaymwEhCK4FEIIDSFryq4qpAxMIARUAAAAAGAElAADIQj0AgKJD&rs=AOn4CLDhCjuvPUWztwVIRNRnk11GqpF4lQ
New York Fashion Week street style 2025,data/latest/images/New_York_Fashion_Week_street_style_2025_6a3f9fd5f71160c6.jpg,https://wwd.com/wp-content/uploads/2025/11/251104_F1_X_DISNEY_0779-rotated.jpg?w=1024
New York Fashion Week street style 2025,data/latest/images/New_York_Fashion_Week_street_style_2025_87afb57b081bee9c.jpg,https://s.yimg.com/ny/api/res/1.2/RsN0_LYBnRjfqvUaJ_EWDA--/YXBwaWQ9aGlnaGxhbmRlcjt3PTk2MDtoPTE0NDA7Y2Y9d2VicA--/https://media.zenfs.com/en/harper_s_bazaar_391/75f08e0dc752da63085ad540bedc3b54
New York Fashion Week street style 2025,data/latest/images/New_York_Fashion_Week_street_style_2025_ca043bce5be715d8.webp,https://api.photon.aremedia.net.au/wp-content/uploads/sites/5/2025/09/gettyimages-2235487413-68c90404008e8.jpg?resize=650%2C975
New York Fashion Week street style 2025,data/latest/images/New_York_Fashion_Week_street_style_2025_03d17508284880a7.png,https://cdn-wp.thesportsrush.com/2024/09/180fb5a9-untitled-design.png?format=auto&w=3840&q=75
Milan Fashion Week runway 2025,data/latest/images/Milan_Fashion_Week_runway_2025_20018bafc4d8c840.jpg,https://i.ytimg.com/vi/7AS-lgaldf0/hq720.jpg?sqp=-oaymwEhCK4FEIIDSFryq4qpAxMIARUAAAAAGAElAADIQj0AgKJD&rs=AOn4CLDeHMzBch_1iMeFs5eaNV8lvvrbaQ
Milan Fashion Week runway 2025,data/latest/images/Milan_Fashion_Week_runway_2025_61ef7794e2b9d730.webp,https://media.nowfashion.com/wp-content/uploads/2025/03/Luisa-Spagnoli-Ready-To-Wear-Fall-Winter-2025-Milan-Fashion-Week-Runway-004.jpg
Milan Fashion Week runway 2025,data/latest/images/Milan_Fashion_Week_runway_2025_004ddf9a0e75b7dc.webp,https://media.nowfashion.com/wp-content/uploads/2024/06/Dsquared2-Menswear-Spring-Summer-2025-Milan-Fashion-Week-Runway-06.jpg
Milan Fashion Week runway 2025,data/latest/images/Milan_Fashion_Week_runway_2025_e345f4f23bf4b831.jpg,https://media.nowfashion.com/wp-content/uploads/2024/09/Bottega-Veneta-Ready-To-Wear-Spring-Summer-2025-Milan-Fashion-Week-Runway-003.jpg
Milan Fashion Week runway 2025,data/latest/images/Milan_Fashion_Week_runway_2025_25e695471cb83db8.png,https://www.stylerave.com/wp-content/uploads/2025/11/1000-x-1000-22.png
Milan Fashion Week runway 2025,data/latest/images/Milan_Fashion_Week_runway_2025_30648370abc77de1.jpg,https://tomandlorenzo.com/wp-content/uploads/2025/01/Giorgio-Armani-Fall-2025-Menswear-Collection-Milan-Fashion-Week-TLO-6.jpg
Milan Fashion Week runway 2025,data/latest/images/Milan_Fashion_Week_runway_2025_75b06e52be60c444.jpg,https://media.gettyimages.com/id/2172338561/photo/a-model-walks-the-runway-during-the-sportmax-collection-show-at-milans-fashion-week.jpg?s=612x612&w=gi&k=20&c=Me5rhX2MSZNtpbXtoB1V4MfJrworj3dJwO-cvkjFyGQ=
Milan Fashion Week runway 2025,data/latest/images/Milan_Fashion_Week_runway_2025_d82c0c31f41aa727.jpg,https://i.ytimg.com/vi/FDF6a1LuxJc/hq720.jpg?sqp=-oaymwEhCK4FEIIDSFryq4qpAxMIARUAAAAAGAElAADIQj0AgKJD&rs=AOn4CLCH_mwBlP82IxmICKsKjT2wT8Mhng
Milan Fashion Week runway 2025,data/latest/images/Milan_Fashion_Week_runway_2025_1af3348af27d47cf.jpg,https://media.gettyimages.com/id/2173379981/photo/gucci-womens-spring-summer-2025-fashion-show-runway-milan-fashion-week-womenswear-spring.jpg?s=1024x1024&w=gi&k=20&c=vI2D8kW8QVbksuqT-msR6yZDarUOTgt3jH01xSXdJBY=
Milan Fashion Week runway 2025,data/latest/images/Milan_Fashion_Week_runway_2025_48c81a69487f8945.jpg,"https://hips.hearstapps.com/hmg-prod/images/olivia-palermo-attends-the-max-mara-front-row-during-milan-news-photo-1758879850.pjpeg?crop=0.937xw:0.939xh;0.0272xw,0.0443xh"
Milan Fashion Week runway 2025,data/latest/images/Milan_Fashion_Week_runway_2025_59be1d1558b6fde6.jpg,https://i.ytimg.com/vi/hwceBQ0EzK0/hq720.jpg?sqp=-oaymwEhCK4FEIIDSFryq4qpAxMIARUAAAAAGAElAADIQj0AgKJD&rs=AOn4CLA-Ow190nvcfpIISTQujIt5UBkD0g
Milan Fashion Week runway 2025,data/latest/images/Milan_Fashion_Week_runway_2025_d4f0117a08b85e00.jpg,https://media.gettyimages.com/id/2202187680/photo/correction-models-present-creations-during-the-giorgio-armanis-fashion-show-as-part-of-the.jpg?s=612x612&w=gi&k=20&c=ywbws_S8bt4cG6-Badf9kceUzWZDO8PCyOHU5PO_FxY=
Milan Fashion Week runway 2025,data/latest/images/Milan_Fashion_Week_runway_2025_b4bd35b7aea3c099.jpg,https://blogger.googleusercontent.com/img/a/AVvXsEiVXROIbWxQtc5pmSxBJpzxbr9V1sb-wry9JLvECFq36jFZqUYk-SaCCwxpqB2Cq0hEJWUYYCIYTUBqqfX6E9Loc3CXvhEaKRUydL8BpfC_i_z7KpMo0ZU2KBCWmFyHUbsW_Mxb3fjVt9qimd_lAwdz1Iu7KCkBzkT6T1ihRV60gmD4mqu9oq4aR7geGfk=s1044
Milan Fashion Week runway 2025,data/latest/images/Milan_Fashion_Week_runway_2025_6f2bc5a9d1270011.jpg,https://media.nowfashion.com/wp-content/uploads/2025/02/Marni-Ready-To-Wear-Fall-Winter-2025-Milan-Fashion-Week-Runway-004.jpg
Milan Fashion Week runway 2025,data/latest/images/Milan_Fashion_Week_runway_2025_183c8d2b08b5a0a6.jpg,https://media.nowfashion.com/wp-content/uploads/2025/03/Luisa-Spagnoli-Ready-To-Wear-Fall-Winter-2025-Milan-Fashion-Week-Runway-011.jpg
Milan Fashion Week runway 2025,data/latest/images/Milan_Fashion_Week_runway_2025_d20b9e6b70333381.jpg,https://fashionweekonline.com/wp-content/uploads/2025/11/karina-1invio-full_114-copy-356x364.jpg
Milan Fashion Week runway 2025,data/latest/images/Milan_Fashion_Week_runway_2025_918ae873610f88ee.jpg,https://l450v.alamy.com/450v/3bkyjrx/milan-italien-23rd-june-2025-giorgio-armani-men-spring-summer-2026-runway-during-milan-fashion-week-menswear-on-june-2025-milan-italy-23062025-credit-dpaalamy-live-news-3bkyjrx.jpg
Milan Fashion Week runway 2025,data/latest/images/Milan_Fashion_Week_runway_2025_07d4b80af1391cd3.jpg,https://l450v.alamy.com/450v/3bkyjxy/milan-italien-23rd-june-2025-giorgio-armani-men-spring-summer-2026-runway-during-milan-fashion-week-menswear-on-june-2025-milan-italy-23062025-credit-dpaalamy-live-news-3bkyjxy.jpg
Milan Fashion Week runway 2025,data/latest/images/Milan_Fashion_Week_runway_2025_4f7c346016079e2f.png,"https://images.timesnownews.com/thumb/msid-113581881,thumbsize-445517,width-400,height-225,resizemode-75/113581881.jpg"
Milan Fashion Week runway 2025,data/latest/images/Milan_Fashion_Week_runway_2025_9d963244a91970c3.jpg,https://www.dailybloid.com/storage/media/2025/03/milan-fashion-week--fendi-fall-winter-2025-2026-collection-FENDI_FW25_74.jpg
Milan Fashion Week runway 2025,data/latest/images/Milan_Fashion_Week_runway_2025_3e19b47be961d65a.jpg,https://lookaside.instagram.com/seo/google_widget/crawler/?media_id=3758077284717793134
Milan Fashion Week runway 2025,data/latest/images/Milan_Fashion_Week_runway_2025_456f9e4386189387.jpg,https://lookaside.instagram.com/seo/google_widget/crawler/?media_id=3759955044109249695
Milan Fashion Week runway 2025,data/latest/images/Milan_Fashion_Week_runway_2025_82d26ff7455eb9b0.jpg,https://lookaside.instagram.com/seo/google_widget/crawler/?media_id=3757637838998152948
Milan Fashion Week runway 2025,data/latest/images/Milan_Fashion_Week_runway_2025_7673b74fa2e94159.jpg,https://lookaside.instagram.com/seo/google_widget/crawler/?media_id=3755836779341673794
Milan Fashion Week runway 2025,data/latest/images/Milan_Fashion_Week_runway_2025_ade72afd6e1b9837.jpg,https://media.gettyimages.com/id/2202147115/photo/fendi-runway-milan-fashion-week-womenswear-fall-winter-2025-2026.jpg?s=1024x1024&w=gi&k=20&c=TIRxDFPbh4IkcTmdTwpOAHDbHJZN4989oS6DWyO8M74=
Milan Fashion Week runway 2025,data/latest/images/Milan_Fashion_Week_runway_2025_7e0f5d4eb7c40ab7.jpg,https://media.gettyimages.com/id/2202393202/photo/milan-italy-a-model-walks-the-runway-during-the-roberto-cavalli-ready-to-wear-fall-winter.jpg?s=612x612&w=gi&k=20&c=YvsgXvmDLwihEAVUxxeQ7uIg-rawADLbbG06G9nqkb0=
Milan Fashion Week runway 2025,data/latest/images/Milan_Fashion_Week_runway_2025_722db0400d9ad712.jpg,https://lookaside.instagram.com/seo/google_widget/crawler/?media_id=3758069352877904041
Milan Fashion Week runway 2025,data/latest/images/Milan_Fashion_Week_runway_2025_3120bafcd6d0ce30.jpg,https://tomandlorenzo.com/wp-content/uploads/2025/09/Prada-Spring-2026-Womenswear-Collection-Runway-Milan-Fashion-Week-TLO-15.jpg
Milan Fashion Week runway 2025,data/latest/images/Milan_Fashion_Week_runway_2025_d036f7ab9dda5439.jpg,https://www.dailybloid.com/storage/media/2025/03/milan-fashion-week--fendi-fall-winter-2025-2026-collection-FENDI_FW25_21.jpg
Milan Fashion Week runway 2025,data/latest/images/Milan_Fashion_Week_runway_2025_6694b618bdb9da51.webp,https://api.photon.aremedia.net.au/wp-content/uploads/sites/5/2024/09/Untitled-design-23.jpg?resize=1080%2C1920
Milan Fashion Week runway 2025,data/latest/images/Milan_Fashion_Week_runway_2025_5955c1f78359b4d8.jpg,https://i.ytimg.com/vi/a4uQWQ3kf5M/hq720.jpg?sqp=-oaymwEhCK4FEIIDSFryq4qpAxMIARUAAAAAGAElAADIQj0AgKJD&rs=AOn4CLB8CzE3op1bz3rmaDutUvp_3Jv9sQ
Milan Fashion Week runway 2025,data/latest/images/Milan_Fashion_Week_runway_2025_0b15683bd975afdb.jpg,https://hips.hearstapps.com/hmg-prod/images/model-walks-the-runway-during-the-valentino-womenswear-fall-news-photo-1741557766.pjpeg?resize=980:*
Milan Fashion Week runway 2025,data/latest/images/Milan_Fashion_Week_runway_2025_e9ae4cb8f72f0eff.jpg,https://www.dailybloid.com/storage/media/2025/03/milan-fashion-week--fendi-fall-winter-2025-2026-collection-FENDI_FW25_70.jpg
Milan Fashion Week runway 2025,data/latest/images/Milan_Fashion_Week_runway_2025_a51e357136199a00.jpg,https://i.ytimg.com/vi/RmSjVzcF_WU/hq720.jpg?sqp=-oaymwEhCK4FEIIDSFryq4qpAxMIARUAAAAAGAElAADIQj0AgKJD&rs=AOn4CLBHnTsVBGkNZAk2Vxn_Pk3fnUH0hQ
Milan Fashion Week runway 2025,data/latest/images/Milan_Fashion_Week_runway_2025_52cfc956da81b18e.jpg,https://wwd.com/wp-content/uploads/2025/09/michael-kors-runway-ss26-GG_053.jpg?w=1024
Milan Fashion Week runway 2025,data/latest/images/Milan_Fashion_Week_runway_2025_05bf53ae888796dc.jpg,https://wwd.com/wp-content/uploads/2025/09/Boss_RTW_SS26_Extras_GG_0021.jpg?w=800
Milan Fashion Week runway 2025,data/latest/images/Milan_Fashion_Week_runway_2025_c0bf510edc640893.jpg,https://tomandlorenzo.com/wp-content/uploads/2025/09/Prada-Spring-2026-Womenswear-Collection-Runway-Milan-Fashion-Week-TLO-20.jpg
Milan Fashion Week runway 2025,data/latest/images/Milan_Fashion_Week_runway_2025_f5bb68967d90d56e.jpg,https://www.dailybloid.com/storage/media/2025/03/milan-fashion-week--fendi-fall-winter-2025-2026-collection-FENDI_FW25_18.jpg
Milan Fashion Week runway 2025,data/latest/images/Milan_Fashion_Week_runway_2025_5690cf0bafb528e0.jpg,https://tomandlorenzo.com/wp-content/uploads/2025/01/Giorgio-Armani-Fall-2025-Menswear-Collection-Milan-Fashion-Week-TLO-23.jpg
Milan Fashion Week runway 2025,data/latest/images/Milan_Fashion_Week_runway_2025_7200695712e48dbc.webp,https://api.photon.aremedia.net.au/wp-content/uploads/sites/5/2024/09/Untitled-design-16.jpg?resize=1080%2C1920
Milan Fashion Week runway 2025,data/latest/images/Milan_Fashion_Week_runway_2025_883a351bdfcb3d53.jpg,https://assets.vogue.com/photos/68e7db43efdb2329d2b2897e/4:3/w_1600%2Cc_limit/sportswear-oct-25-vogue-business-story.jpg
Milan Fashion Week runway 2025,data/latest/images/Milan_Fashion_Week_runway_2025_47e2dbdd3a902dc8.jpg,"https://images.forbesindia.com/blog/wp-content/uploads/media/images/2024/Feb/img_229231_milanfashionweek.jpg?im=Resize,width=500,aspect=fit,type=normal"
Milan Fashion Week runway 2025,data/latest/images/Milan_Fashion_Week_runway_2025_bae59047c2d27c51.jpg,"https://hips.hearstapps.com/hmg-prod/images/gwyneth-paltrow-at-the-gucci-fashion-show-as-part-of-spring-news-photo-1758711761.pjpeg?crop=0.942xw:0.943xh;0.0238xw,0.0148xh"
Milan Fashion Week runway 2025,data/latest/images/Milan_Fashion_Week_runway_2025_8fbcac18d07bdc1f.jpg,"https://hips.hearstapps.com/hmg-prod/images/demi-moore-at-the-gucci-fashion-show-as-part-of-spring-news-photo-1758711628.pjpeg?crop=0.893xw:0.894xh;0.0578xw,0.0454xh"
Milan Fashion Week runway 2025,data/latest/images/Milan_Fashion_Week_runway_2025_d8994147e22955c1.webp,https://api.photon.aremedia.net.au/wp-content/uploads/sites/5/2024/09/Untitled-design-17.jpg?resize=1080%2C1920
Milan Fashion Week runway 2025,data/latest/images/Milan_Fashion_Week_runway_2025_d14ba859200bd8b9.jpg,https://www.instyle.com/thmb/i9o8wZMHOcNoaX7krSo4n6GdWtc=/1500x0/filters:no_upscale():max_bytes(150000):strip_icc()/GettyImages-2202163751-7d4b14b31c09461d845882201cc61faf.jpg
Milan Fashion Week runway 2025,data/latest/images/Milan_Fashion_Week_runway_2025_21ae7e47d2873122.jpg,https://fashionweekonline.com/wp-content/uploads/2025/03/008_Hui_fw2025_Looks_2x3-copy.jpg
Milan Fashion Week runway 2025,data/latest/images/Milan_Fashion_Week_runway_2025_c00cf16e5be5bb3a.jpg,https://assets.vogue.com/photos/6909ede73dda481b04df2554/master/w_1280%2Cc_limit/00001-orange-culture-spring-2026-ready-to-wear-lagos-credit-brand.JPG
Milan Fashion Week runway 2025,data/latest/images/Milan_Fashion_Week_runway_2025_b849b3ebe0bc98ce.jpg,https://assets.vogue.com/photos/67b87f81fa340dca5cc1573f/1:1/w_354%2Cc_limit/MILANCS-VOGUEB-21225-STORY.jpg
Milan Fashion Week runway 2025,data/latest/images/Milan_Fashion_Week_runway_2025_b6e4915e81569e15.jpg,https://www.dailybloid.com/storage/media/2024/03/milan-fashion-week--francesca-liberatore-fall-winter-2024-2025-collection-milan-fashion-week--francesca-liberatore-fall-winter-2024-2025-collection_(10).jpg
Milan Fashion Week runway 2025,data/latest/images/Milan_Fashion_Week_runway_2025_adcc6cc061355dc3.jpg,https://hips.hearstapps.com/hmg-prod/images/model-walks-the-runway-during-the-valentino-le-meta-theatre-news-photo-1741557695.pjpeg?resize=640:*
Milan Fashion Week runway 2025,data/latest/images/Milan_Fashion_Week_runway_2025_796998bba8e1fcf2.jpg,https://fashionweekonline.com/wp-content/uploads/2024/03/Mossi_fw24_runway_IG_look05-copy.jpg
Milan Fashion Week runway 2025,data/latest/images/Milan_Fashion_Week_runway_2025_bee51859f9fd4701.webp,https://api.photon.aremedia.net.au/wp-content/uploads/sites/5/2024/09/Untitled-design-20.jpg?resize=1080%2C1920
Milan Fashion Week runway 2025,data/latest/images/Milan_Fashion_Week_runway_2025_1c44b107d19855bd.jpg,https://the-ethos.co/wp-content/uploads/2025/11/13-EKI-SILK-LagosFW2025-683x1024.jpg
Milan Fashion Week runway 2025,data/latest/images/Milan_Fashion_Week_runway_2025_b5fb725df4bdf9c3.webp,https://api.photon.aremedia.net.au/wp-content/uploads/sites/5/2025/09/copy-of-mc-site-header-2-pics-horizontal-25-68d619cbd7674.jpg?resize=1920%2C1080
Milan Fashion Week runway 2025,data/latest/images/Milan_Fashion_Week_runway_2025_49b18c8b9f973135.jpg,https://content.api.news/v3/images/bin/fac4c22ff20f8eb0919d06009fb12bb7
Paris Fashion Week runway 2026,data/latest/images/Paris_Fashion_Week_runway_2026_84987d2b5321e163.jpg,https://i.ytimg.com/vi/J0JiYOvPfx0/hq720.jpg?sqp=-oaymwEhCK4FEIIDSFryq4qpAxMIARUAAAAAGAElAADIQj0AgKJD&rs=AOn4CLCFYC7vyVijn2hL9FGnvG2ty8HpoQ
Paris Fashion Week runway 2026,data/latest/images/Paris_Fashion_Week_runway_2026_a944d230551ce1bc.jpg,https://i.ytimg.com/vi/K2RKIo8P1BE/hq720.jpg?sqp=-oaymwEhCK4FEIIDSFryq4qpAxMIARUAAAAAGAElAADIQj0AgKJD&rs=AOn4CLD0TLJCf1gB2YUMqS6yPwS1r2UsZg
Paris Fashion Week runway 2026,data/latest/images/Paris_Fashion_Week_runway_2026_e3019a8fbc1b380a.jpg,https://i.ytimg.com/vi/PiWz6Bui6Ho/hq720.jpg?sqp=-oaymwEhCK4FEIIDSFryq4qpAxMIARUAAAAAGAElAADIQj0AgKJD&rs=AOn4CLBJR8yd7-cDkjdBrtHPzxKKkMadSQ
Paris Fashion Week runway 2026,data/latest/images/Paris_Fashion_Week_runway_2026_59be1d1558b6fde6.jpg,https://i.ytimg.com/vi/hwceBQ0EzK0/hq720.jpg?sqp=-oaymwEhCK4FEIIDSFryq4qpAxMIARUAAAAAGAElAADIQj0AgKJD&rs=AOn4CLA-Ow190nvcfpIISTQujIt5UBkD0g
Paris Fashion Week runway 2026,data/latest/images/Paris_Fashion_Week_runway_2026_3c222ad96a97f635.jpg,https://i.ytimg.com/vi/K4TRpf3th6k/hq720.jpg?sqp=-oaymwEhCK4FEIIDSFryq4qpAxMIARUAAAAAGAElAADIQj0AgKJD&rs=AOn4CLBjaBRTZyJVef4VZ-KeAgCKdQD36g
Paris Fashion Week runway 2026,data/latest/images/Paris_Fashion_Week_runway_2026_ab1c5d5000fd7094.webp,https://media.nowfashion.com/wp-content/uploads/2025/10/Stella-McCartney-Ready-To-Wear-Spring-Summer-2026-Paris-Fashion-Week-Runway-001.jpg
Paris Fashion Week runway 2026,data/latest/images/Paris_Fashion_Week_runway_2026_c22f4914b2eb1d9d.webp,https://media.nowfashion.com/wp-content/uploads/2025/10/Ujoh-Ready-To-Wear-Spring-Summer-2026-Paris-Fashion-Week-Runway-001.jpg
Paris Fashion Week runway 2026,data/latest/images/Paris_Fashion_Week_runway_2026_c6a4fef500e053f0.webp,https://media.nowfashion.com/wp-content/uploads/2025/10/Zimmermann-Ready-To-Wear-Spring-Summer-2026-Paris-Fashion-Week-Runway-001.jpg
Paris Fashion Week runway 2026,data/latest/images/Paris_Fashion_Week_runway_2026_c65f1eaa1adde792.jpg,https://tomandlorenzo.com/wp-content/uploads/2025/10/Christian-Dior-Spring-2026-Collection-Paris-Fashion-Week-TLO-4.jpg
Paris Fashion Week runway 2026,data/latest/images/Paris_Fashion_Week_runway_2026_368109bab43ef994.jpg,https://hips.hearstapps.com/hmg-prod/images/model-on-the-runway-on-the-runway-at-the-balenciaga-fashion-news-photo-1761929214.pjpeg?resize=980:*
Paris Fashion Week runway 2026,data/latest/images/Paris_Fashion_Week_runway_2026_650e2a9829f96970.webp,https://media.nowfashion.com/wp-content/uploads/2025/10/McQueen-Ready-To-Wear-Spring-Summer-2026-Paris-Fashion-Week-Runway-001.jpg
Paris Fashion Week runway 2026,data/latest/images/Paris_Fashion_Week_runway_2026_7f30b72b703b6891.jpg,https://www.fashiontrendsetter.com/v2/wp-content/uploads/2025/11/House-of-Rina-Gulabi-Pink-Paris-Fashion-Week-01.jpg
Paris Fashion Week runway 2026,data/latest/images/Paris_Fashion_Week_runway_2026_da368051e2fe7397.webp,https://images.squarespace-cdn.com/content/v1/6694c2db2145ed3febe82fff/1759925880680-0J3OJ12PZJ009RM0NR2F/00006-coperni-spring-2026-ready-to-wear-credit-brand.jpg.webp
Paris Fashion Week runway 2026,data/latest/images/Paris_Fashion_Week_runway_2026_bb96335fcc57636c.jpg,https://tomandlorenzo.com/wp-content/uploads/2025/10/Christian-Dior-Spring-2026-Collection-Paris-Fashion-Week-TLO-31.jpg
Paris Fashion Week runway 2026,data/latest/images/Paris_Fashion_Week_runway_2026_bc9c463eb9bf12bd.webp,https://images.squarespace-cdn.com/content/v1/6694c2db2145ed3febe82fff/1759925881826-Y231U5EDTHCQTGCTHMSV/00030-coperni-spring-2026-ready-to-wear-credit-brand.jpg.webp
Paris Fashion Week runway 2026,data/latest/images/Paris_Fashion_Week_runway_2026_b927ee14be225e40.jpg,https://media.gettyimages.com/id/2239834306/photo/runway-paris-fashion-week-womenswear-spring-summer-2026.jpg?s=1024x1024&w=gi&k=20&c=FI8y2jYUqBEDxzXdDDIQvMHmqmokZ-naODYJvECoFYs=
Paris Fashion Week runway 2026,data/latest/images/Paris_Fashion_Week_runway_2026_625452905760030e.webp,https://media.nowfashion.com/wp-content/uploads/2025/10/Schiaparelli-Ready-To-Wear-Spring-Summer-2026-Paris-Fashion-Week-Runway-001.jpg
Paris Fashion Week runway 2026,data/latest/images/Paris_Fashion_Week_runway_2026_f0a68ec13e56d2de.webp,https://api.photon.aremedia.net.au/wp-content/uploads/sites/6/2025/10/paris-fashion-week-8-68dcd4901e92e.jpg?fit=576%2C1024&resize=1080%2C1920
Paris Fashion Week runway 2026,data/latest/images/Paris_Fashion_Week_runway_2026_76c13528d4260bfd.jpg,"https://hips.hearstapps.com/hmg-prod/images/model-walks-the-runway-during-the-christian-dior-womenswear-news-photo-1759397016.pjpeg?crop=0.937xw:0.938xh;0.0204xw,0.0624xh&resize=980:*"
Paris Fashion Week runway 2026,data/latest/images/Paris_Fashion_Week_runway_2026_c00cf16e5be5bb3a.jpg,https://assets.vogue.com/photos/6909ede73dda481b04df2554/master/w_1280%2Cc_limit/00001-orange-culture-spring-2026-ready-to-wear-lagos-credit-brand.JPG
Paris Fashion Week runway 2026,data/latest/images/Paris_Fashion_Week_runway_2026_27078521e18f70f4.jpg,https://lookaside.instagram.com/seo/google_widget/crawler/?media_id=3761535540509118553
Paris Fashion Week runway 2026,data/latest/images/Paris_Fashion_Week_runway_2026_c6c1133015e162f4.jpg,https://lookaside.instagram.com/seo/google_widget/crawler/?media_id=3758593137502720343
Paris Fashion Week runway 2026,data/latest/images/Paris_Fashion_Week_runway_2026_b5f3de529621f36e.jpg,https://tomandlorenzo.com/wp-content/uploads/2025/10/Christian-Dior-Spring-2026-Collection-Paris-Fashion-Week-TLO-6.jpg
Paris Fashion Week runway 2026,data/latest/images/Paris_Fashion_Week_runway_2026_e5ef182d44b05d28.webp,https://images.squarespace-cdn.com/content/v1/6694c2db2145ed3febe82fff/1759687978317-ZA8WT5OE0NFWXADQ1ZMA/00045-alaia-spring-2026-ready-to-wear-credit-brand.jpg.webp
Paris Fashion Week runway 2026,data/latest/images/Paris_Fashion_Week_runway_2026_05c9b5088c6277ee.jpg,https://assets.vogue.com/photos/685d9c1020fd127ce9b82238/master/w_1600%2Cc_limit/00030-yohji-yamamoto-spring-2026-menswear-details-credit-gorunway.jpg
Paris Fashion Week runway 2026,data/latest/images/Paris_Fashion_Week_runway_2026_9fcacfb9d5a91e25.jpg,https://lookaside.instagram.com/seo/google_widget/crawler/?media_id=3758593136798128308
Paris Fashion Week runway 2026,data/latest/images/Paris_Fashion_Week_runway_2026_703b5daa52d56712.jpg,https://tomandlorenzo.com/wp-content/uploads/2025/10/Christian-Dior-Spring-2026-Collection-Paris-Fashion-Week-TLO-7.jpg
Paris Fashion Week runway 2026,data/latest/images/Paris_Fashion_Week_runway_2026_d5ef83720db0aeb9.jpg,https://wwd.com/wp-content/uploads/2025/09/bottega-veneta-ss26-rtw-r-gg-0144.jpg?w=800
Paris Fashion Week runway 2026,data/latest/images/Paris_Fashion_Week_runway_2026_c2356b3a1ea18441.jpg,https://lookaside.instagram.com/seo/google_widget/crawler/?media_id=3758593170922990660
Paris Fashion Week runway 2026,data/latest/images/Paris_Fashion_Week_runway_2026_ef384c2b2c58ab44.jpg,https://lookaside.instagram.com/seo/google_widget/crawler/?media_id=3758593169740170966
Paris Fashion Week runway 2026,data/latest/images/Paris_Fashion_Week_runway_2026_286016de88903c3c.jpg,https://tomandlorenzo.com/wp-content/uploads/2025/10/Christian-Dior-Spring-2026-Collection-Paris-Fashion-Week-TLO-27.jpg
Paris Fashion Week runway 2026,data/latest/images/Paris_Fashion_Week_runway_2026_8500d0de10242005.jpg,https://media.gettyimages.com/id/2238145342/photo/photocall-paris-fashion-week-womenswear-spring-summer-2026.jpg?s=1024x1024&w=gi&k=20&c=a9IKdx2t3PNAezt9cWgsDWh7O6q8pIAU3oUTyze6ZZE=
Paris Fashion Week runway 2026,data/latest/images/Paris_Fashion_Week_runway_2026_ad49af5135734ee0.jpg,https://imgix.bustle.com/uploads/image/2025/11/7/79b5ac57/social_2026_trends.jpg
Paris Fashion Week runway 2026,data/latest/images/Paris_Fashion_Week_runway_2026_04ce65524ae006b6.jpg,https://imgix.bustle.com/uploads/image/2025/11/6/22a1bdfc/18th.jpg?w=390&h=312&fit=crop&crop=faces&dpr=2
Paris Fashion Week runway 2026,data/latest/images/Paris_Fashion_Week_runway_2026_e12ccf9df93ca581.webp,https://images.squarespace-cdn.com/content/v1/6694c2db2145ed3febe82fff/1759925880733-C7SSHRIUS3Y0JAPDAZID/00025-coperni-spring-2026-ready-to-wear-credit-brand.JPG.webp
Paris Fashion Week runway 2026,data/latest/images/Paris_Fashion_Week_runway_2026_bb300e83d2cca755.jpg,https://img-s-msn-com.akamaized.net/tenant/amp/entityid/AA1Q10pS.img?w=734&h=1200&m=6&x=272&y=180&s=77&d=77
Paris Fashion Week runway 2026,data/latest/images/Paris_Fashion_Week_runway_2026_2cacc58707fc8270.jpg,https://www.denimjeansobserver.com/mag/designer-denim-jeans-fashion/2026/ss/brands-a/anrealage-2026-spring-summer-womens-paris-fashion-week-heralbony-robotics-curved-wired-draped-11.jpg
Paris Fashion Week runway 2026,data/latest/images/Paris_Fashion_Week_runway_2026_9ca72f7b8bc7dc4c.jpg,"https://hips.hearstapps.com/hmg-prod/images/model-walks-the-runway-during-the-louis-vuitton-cruise-2026-news-photo-1748003590.pjpeg?crop=0.668xw:1.00xh;0.147xw,0&resize=640:*"
Paris Fashion Week runway 2026,data/latest/images/Paris_Fashion_Week_runway_2026_7cbf933c59bbecbd.jpg,https://wwd.com/wp-content/uploads/2025/11/bottega-ss26-003.jpg?w=800
Paris Fashion Week runway 2026,data/latest/images/Paris_Fashion_Week_runway_2026_f4c0ddba43e150ec.jpg,https://www.denimjeansobserver.com/mag/designer-denim-jeans-fashion/2026/ss/brands-a/anrealage-2026-spring-summer-womens-paris-fashion-week-heralbony-robotics-curved-wired-draped-05.jpg
Paris Fashion Week runway 2026,data/latest/images/Paris_Fashion_Week_runway_2026_73b3816e813aebdf.jpg,https://www.denimjeansobserver.com/mag/designer-denim-jeans-fashion/2026/ss/brands-a/anrealage-2026-spring-summer-womens-paris-fashion-week-heralbony-robotics-curved-wired-draped-12.jpg
Paris Fashion Week runway 2026,data/latest/images/Paris_Fashion_Week_runway_2026_92c556f81ba26023.jpg,https://s.yimg.com/ny/api/res/1.2/uUMl3UvKxzx8HBM5XTNaLA--/YXBwaWQ9aGlnaGxhbmRlcjt3PTk2MDtoPTE0NDA-/https://media.zenfs.com/en/elle_ecomm_articles_938/7ffb1d7f01a6d834d67d3d17e284809e
Paris Fashion Week runway 2026,data/latest/images/Paris_Fashion_Week_runway_2026_0f3e8663879f2f6b.jpg,https://img.evbuc.com/https%3A%2F%2Fcdn.evbuc.com%2Fimages%2F1170425421%2F1062058882043%2F1%2Foriginal.20251107-173442?crop=focalpoint&fit=crop&w=600&auto=format%2Ccompress&q=75&sharp=10&fp-x=0.5&fp-y=0.5&s=64c8f9dfd12a0a597f433f90adcdeb66
Paris Fashion Week runway 2026,data/latest/images/Paris_Fashion_Week_runway_2026_85d2b8a5f5fee474.jpg,https://cdn-az.allevents.in/events7/banners/68b6014653e648f9c371b9b5d8c9a15a9f7eccae4eabaa68ffe70280b9cc7ac8-rimg-w1200-h715-dc5e6363-gmir.jpg?v=1762314391
Paris Fashion Week runway 2026,data/latest/images/Paris_Fashion_Week_runway_2026_c98c0f53402e4b8e.jpg,https://www.reuters.com/resizer/v2/5VLOJNQAVVMI5PGHNRYZCFUHMQ.jpg?auth=580c627d4c928be478cc41e00ff6a646d03837728093da98f8111c4bed7d089e&width=1920&quality=80
Paris Fashion Week runway 2026,data/latest/images/Paris_Fashion_Week_runway_2026_1ba95c83dbfa7bb5.jpg,https://s.yimg.com/ny/api/res/1.2/ccUU0cAnlxBY9Hgt8nUOUA--/YXBwaWQ9aGlnaGxhbmRlcjt3PTk2MDtoPTU0MDtjZj13ZWJw/https://media.zenfs.com/en/who_what_wear_561/4327514676ae7d2f5b1bfbf4dcb806b0
Paris Fashion Week runway 2026,data/latest/images/Paris_Fashion_Week_runway_2026_1eae58d47841583a.webp,https://api.photon.aremedia.net.au/wp-content/uploads/sites/6/2025/09/paris-fashion-week-1-68dc7e4173199.jpg?fit=576%2C1024&resize=1080%2C1920
Paris Fashion Week runway 2026,data/latest/images/Paris_Fashion_Week_runway_2026_1f089988c0062e5a.webp,https://images.squarespace-cdn.com/content/v1/6694c2db2145ed3febe82fff/1759932820554-1A9EBLYUT1BDLAAJY1T4/chanel_spring-summer-2026_copyright_chanel_look045-HD.jpg
Paris Fashion Week runway 2026,data/latest/images/Paris_Fashion_Week_runway_2026_d91adcb6fa423ead.jpg,https://img.businessoffashion.com/resizer/v2/V2DISOB5S5FQPHUBV4TU46QDXQ.jpg?auth=659659e5bc9d633e25b855d60e02795dd9d6e8a50b1464daa7716f1136dba165&width=800&height=1200
Paris Fashion Week runway 2026,data/latest/images/Paris_Fashion_Week_runway_2026_4ce83b9a9915b53f.webp,https://api.photon.aremedia.net.au/wp-content/uploads/sites/6/2025/10/paris-fashion-week-10-68dcd48baa924.jpg?fit=576%2C1024&resize=1080%2C1920
Paris Fashion Week runway 2026,data/latest/images/Paris_Fashion_Week_runway_2026_e571fa931917e558.jpg,https://cdn.sortiraparis.com/images/1004/83043/1026629-fashion-week-defile-victoria-beckam.jpg
Paris Fashion Week runway 2026,data/latest/images/Paris_Fashion_Week_runway_2026_0f97f3138f74d192.jpg,https://cdn.sortiraparis.com/images/80/83043/1028976-paris-fashion-week-2024-le-defile-miu-miu-fw-2024-2025.jpg
Paris Fashion Week runway 2026,data/latest/images/Paris_Fashion_Week_runway_2026_6fa105c5976b62dd.jpg,https://creatorsfaire.com/storage/2025/11/bdc-upcycle-denim-runway-fashion-show-spring-summer-2026-2.jpg
Paris Fashion Week runway 2026,data/latest/images/Paris_Fashion_Week_runway_2026_494931979e84711a.webp,https://www.savoirflair.com/media/29d1c242-52db-0055-dc65-b2fba70e8897/5a4041cd-2cc0-4526-b4e0-cfe3b4752af0/Dries%20Van%20Noten%20Spring%202026%2030.jpg?w=1000&q=80&lossless=true&auto=format
Paris Fashion Week runway 2026,data/latest/images/Paris_Fashion_Week_runway_2026_0c654fddfd7f62d7.png,https://hashtaglegend.com/wp-content/uploads/2025/11/00001-prada-spring-2026-menswear-credit-gorunway-1-683x1024.png
Copenhagen Fashion Week street style 2026,data/latest/images/Copenhagen_Fashion_Week_street_style_2026_ff54aeb17dc2a03b.jpg,https://assets.vogue.com/photos/6908ca06776db16835835b87/1:1/w_640%2Cc_limit/undefined
Copenhagen Fashion Week street style 2026,data/latest/images/Copenhagen_Fashion_Week_street_style_2026_a8992111bbef0dba.png,https://i0.wp.com/thecatalystnews.com/wp-content/uploads/2025/11/image-6-e1762635899664.png?fit=462%2C347&ssl=1
Copenhagen Fashion Week street style 2026,data/latest/images/Copenhagen_Fashion_Week_street_style_2026_fceee36d5a149ca4.png,https://i0.wp.com/thecatalystnews.com/wp-content/uploads/2025/11/image-4.png?resize=608%2C1024&ssl=1
Copenhagen Fashion Week street style 2026,data/latest/images/Copenhagen_Fashion_Week_street_style_2026_564f2afba2494648.png,https://i0.wp.com/thecatalystnews.com/wp-content/uploads/2025/11/image-3.png?resize=604%2C1024&ssl=1
Copenhagen Fashion Week street style 2026,data/latest/images/Copenhagen_Fashion_Week_street_style_2026_519fe80e1414c4d3.png,https://i0.wp.com/thecatalystnews.com/wp-content/uploads/2025/11/image-2.png?resize=576%2C1024&ssl=1
Copenhagen Fashion Week street style 2026,data/latest/images/Copenhagen_Fashion_Week_street_style_2026_96869f2e0d311db1.jpg,https://i.ytimg.com/vi/0n12011Rj6E/hq720.jpg?sqp=-oaymwE7CK4FEIIDSFryq4qpAy0IARUAAAAAGAElAADIQj0AgKJD8AEB-AH-CYAC0AWKAgwIABABGE4gWShlMA8=&rs=AOn4CLCJSzmkg8xtkh6N94DLy8peVu8a4Q
Copenhagen Fashion Week street style 2026,data/latest/images/Copenhagen_Fashion_Week_street_style_2026_6520b4a02d2a9241.png,https://i0.wp.com/thecatalystnews.com/wp-content/uploads/2025/11/image-5.png?resize=621%2C1024&ssl=1
Copenhagen Fashion Week street style 2026,data/latest/images/Copenhagen_Fashion_Week_street_style_2026_7d0c012e49a7e8ef.jpg,"https://hips.hearstapps.com/hmg-prod/images/566172779-18531893968049533-7770-690a9b9f15b36.jpg?crop=1.00xw:0.811xh;0,0&resize=360:*"
Copenhagen Fashion Week street style 2026,data/latest/images/Copenhagen_Fashion_Week_street_style_2026_dad554020bf8806e.jpg,https://cphfw.fra1.cdn.digitaloceanspaces.com/_2000xAUTO_crop_center-center_none/SS26-Copenhagen-Fashion-Week-Marimekko-Backstage-26.jpg
Copenhagen Fashion Week street style 2026,data/latest/images/Copenhagen_Fashion_Week_street_style_2026_764ce46203a69a4a.jpg,https://assets.vogue.com/photos/6894db776e6ea50c3d1f20c7/1:1/w_354%2Cc_limit/cphwrap-story.jpg
Copenhagen Fashion Week street style 2026,data/latest/images/Copenhagen_Fashion_Week_street_style_2026_6af5629e131384ee.jpg,https://fashionista.com/.image/ar_16:9%2Cc_fill%2Ccs_srgb%2Cfl_progressive%2Cg_faces:center%2Cq_auto:good%2Cw_620/MTkxNTYyMjAyNjI3NzEyNjc1/copenhagen-fashion-week-spring-2023-street-style-imaxtree-35.jpg
Copenhagen Fashion Week street style 2026,data/latest/images/Copenhagen_Fashion_Week_street_style_2026_566d7a7f7351d6ad.jpg,https://assets.vogue.com/photos/679d0fe16260892b9eebb477/1:1/w_354%2Cc_limit/COPENFW-VOGUEB-31125-STORY.jpg
Copenhagen Fashion Week street style 2026,data/latest/images/Copenhagen_Fashion_Week_street_style_2026_b1f429fb55315c9e.jpg,https://cphfw.fra1.cdn.digitaloceanspaces.com/SS26-Copenhagen-Fashion-Week-Munthe-Backstage-Tonya-Matyu-8-horizontal.jpg
Copenhagen Fashion Week street style 2026,data/latest/images/Copenhagen_Fashion_Week_street_style_2026_bdf3eef9bf8a83ad.jpg,https://styleyouroccasion.com/wp-content/uploads/2025/11/2026-fashion-trends-linhniller-scarf-788x1024.jpg
Copenhagen Fashion Week street style 2026,data/latest/images/Copenhagen_Fashion_Week_street_style_2026_96c6b3f92a81bcbb.jpg,https://assets.vogue.com/photos/688b8baf7328cee964bfb4d0/1:1/w_354%2Cc_limit/cpfw-cheatsheet-vogueb-storyr.jpg
Copenhagen Fashion Week street style 2026,data/latest/images/Copenhagen_Fashion_Week_street_style_2026_4db41a0c2f8380ea.jpg,https://cphfw.fra1.cdn.digitaloceanspaces.com/SS26-Copenhagen-Fashion-Week-Alis-Runway-4x5-James-Cochrane-35_2025-11-05-100733_rkxl.jpg
Copenhagen Fashion Week street style 2026,data/latest/images/Copenhagen_Fashion_Week_street_style_2026_b657424999aaa997.jpg,https://assets.vogue.com/photos/62f572cd0ae3b28a404e8e2b/master/w_1024%2Cc_limit/copenhagen-fashion-week-ss23-street-style-acielle-styledumonde-day3-010.jpg
Copenhagen Fashion Week street style 2026,data/latest/images/Copenhagen_Fashion_Week_street_style_2026_6c37134515d25060.jpg,https://cphfw.fra1.cdn.digitaloceanspaces.com/_2000xAUTO_crop_center-center_none/SS26-Copenhagen-Fashion-Week-Nicklas-Skovgaard-Backstage-Tonya-Matyu-2_2025-11-05-124015_kcrv.jpg
Copenhagen Fashion Week street style 2026,data/latest/images/Copenhagen_Fashion_Week_street_style_2026_1c92b7cb0350a74e.jpg,https://lookaside.instagram.com/seo/google_widget/crawler/?media_id=3758593269043364475
Copenhagen Fashion Week street style 2026,data/latest/images/Copenhagen_Fashion_Week_street_style_2026_831bc3c8a2a10fec.jpg,https://cdn.mos.cms.futurecdn.net/wnCr2o33WP6KCBmSrret6f.jpg
Copenhagen Fashion Week street style 2026,data/latest/images/Copenhagen_Fashion_Week_street_style_2026_8b6c36aee74b957d.jpg,https://b4209790.smushcdn.com/4209790/wp-content/uploads/2025/11/20F7-Fashion-Week-768x1024.jpeg?lossy=1&strip=1&webp=1
Copenhagen Fashion Week street style 2026,data/latest/images/Copenhagen_Fashion_Week_street_style_2026_e9b0ef150b9e0d1f.jpg,https://lookaside.instagram.com/seo/google_widget/crawler/?media_id=3757808007028197197
Copenhagen Fashion Week street style 2026,data/latest/images/Copenhagen_Fashion_Week_street_style_2026_c27a39805e0ae04f.jpg,"https://hips.hearstapps.com/hmg-prod/images/trine-kj-c3-a6r-wears-light-pink-harem-or-genie-pants-pink-top-news-photo-1754669527.pjpeg?crop=1xw:0.99799xh;center,top&resize=980:*"
Copenhagen Fashion Week street style 2026,data/latest/images/Copenhagen_Fashion_Week_street_style_2026_9bd2ba0625f5e8c9.jpg,https://lookaside.instagram.com/seo/google_widget/crawler/?media_id=3758593269093727385
Copenhagen Fashion Week street style 2026,data/latest/images/Copenhagen_Fashion_Week_street_style_2026_0ab34e5465ea34bf.jpg,https://media.gettyimages.com/id/2237237750/photo/copenhagen-denmark-mafalda-patr%C3%ADcio-attending-the-skall-studio-show-is-seen-wearing-a-knitted.jpg?s=612x612&w=gi&k=20&c=9TJ1cU4p1u8pCh0Whtl95JDJ9WwIN8OmWx8oaCO4u_U=
Copenhagen Fashion Week street style 2026,data/latest/images/Copenhagen_Fashion_Week_street_style_2026_05504f95decde5fa.jpg,https://media.voguearabia.com/photos/69087df40de4d3a2af1019c5/1:1/w_640%2Ch_640%2Cc_limit/GettyImages-2244071128.jpg
Copenhagen Fashion Week street style 2026,data/latest/images/Copenhagen_Fashion_Week_street_style_2026_01ed4ab76ae694b5.jpg,https://lookaside.instagram.com/seo/google_widget/crawler/?media_id=3758593268313611230
Copenhagen Fashion Week street style 2026,data/latest/images/Copenhagen_Fashion_Week_street_style_2026_fb74eb5ef948fbec.jpg,https://s.yimg.com/ny/api/res/1.2/VBr_l7siO09hUdQzSEF.5A--/YXBwaWQ9aGlnaGxhbmRlcjt3PTY0MDtoPTk2MA--/https://media.zenfs.com/en/aol_esquire_729/58c7af0816f60a53143a379983c6a8a8
Copenhagen Fashion Week street style 2026,data/latest/images/Copenhagen_Fashion_Week_street_style_2026_07da9c6160e58aa5.jpg,https://www.thefashionspot.com/wp-content/uploads/sites/11/2022/08/Copenhagen-Fashion-Week-Spring-2023-Marquee-landscape-cropped.jpeg
Copenhagen Fashion Week street style 2026,data/latest/images/Copenhagen_Fashion_Week_street_style_2026_5354b345a5ca0027.webp,https://cassette.sphdigital.com.sg/image/harpersbazaar/3af2cb57d6ec14d74d53f6a26a9322ada75098c5717dca899870463741426beb?w=1000&q=85
Copenhagen Fashion Week street style 2026,data/latest/images/Copenhagen_Fashion_Week_street_style_2026_577a122f9317b211.jpg,https://media.glamour.com/photos/690a22dfc89e620a45c6481d/1:1/w_640%2Cc_limit/undefined
Copenhagen Fashion Week street style 2026,data/latest/images/Copenhagen_Fashion_Week_street_style_2026_bd1e18a569498bb4.jpg,https://fashionista.com/.image/ar_16:9%2Cc_fill%2Ccs_srgb%2Cfl_progressive%2Cg_faces:center%2Cq_auto:good%2Cw_620/MjA0MDUwNjUyOTk1NzkwMzMx/copenhagen-fashion-week-fall-2024-trends.jpg
Copenhagen Fashion Week street style 2026,data/latest/images/Copenhagen_Fashion_Week_street_style_2026_c6ddee96f5343d31.jpg,https://img-s-msn-com.akamaized.net/tenant/amp/entityid/AA1Q0nKb.img?w=533&h=800&m=6&x=231&y=166&s=51&d=51
Copenhagen Fashion Week street style 2026,data/latest/images/Copenhagen_Fashion_Week_street_style_2026_9958df4ee245d9ed.jpg,https://s.yimg.com/ny/api/res/1.2/K0j7uTIp0cg1iDqBdgl1Vg--/YXBwaWQ9aGlnaGxhbmRlcjt3PTk2MDtoPTE0Mzk7Y2Y9d2VicA--/https://media.zenfs.com/en/glamour_497/a51b4e4b573958e8cbbaa34f4bf8afd4
Copenhagen Fashion Week street style 2026,data/latest/images/Copenhagen_Fashion_Week_street_style_2026_0570b40b3994b39c.jpg,https://styleyouroccasion.com/wp-content/uploads/2025/11/2026-fashion-trends-hannahlovey-prints-819x1024.jpg
Copenhagen Fashion Week street style 2026,data/latest/images/Copenhagen_Fashion_Week_street_style_2026_cee38db9edb992f6.jpg,"https://hips.hearstapps.com/hmg-prod/images/guest-wears-bleu-jeans-sheer-dress-light-grey-sweater-white-news-photo-1754669592.pjpeg?crop=1xw:0.99808xh;center,top&resize=980:*"
Copenhagen Fashion Week street style 2026,data/latest/images/Copenhagen_Fashion_Week_street_style_2026_9e7f3e08f22f0a4c.jpg,https://lookaside.instagram.com/seo/google_widget/crawler/?media_id=3760144293915298329
Copenhagen Fashion Week street style 2026,data/latest/images/Copenhagen_Fashion_Week_street_style_2026_de0a1f0a4bd8695c.jpg,"https://hips.hearstapps.com/hmg-prod/images/francesca-saffari-wears-transparent-dress-white-pants-green-news-photo-1754669489.pjpeg?crop=0.99992xw:1xh;center,top&resize=980:*"
Copenhagen Fashion Week street style 2026,data/latest/images/Copenhagen_Fashion_Week_street_style_2026_d54474bb15f31856.jpg,https://img-s-msn-com.akamaized.net/tenant/amp/entityid/AA1Q09mg.img?w=533&h=800&m=6&x=241&y=176&s=43&d=43
Copenhagen Fashion Week street style 2026,data/latest/images/Copenhagen_Fashion_Week_street_style_2026_178766bbe6e6d3b0.jpg,"https://static.wixstatic.com/media/acc48d_0a1d32f21f17473bb5c24a6201b9a419~mv2.jpg/v1/fill/w_980,h_398,al_c,q_85,usm_0.66_1.00_0.01,enc_avif,quality_auto/sf1og_SS26_Backstage1_by_Ines_Bahr_for_BFW-17_edited.jpg"
Copenhagen Fashion Week street style 2026,data/latest/images/Copenhagen_Fashion_Week_street_style_2026_c6e265099e7ac754.jpg,https://styleyouroccasion.com/wp-content/uploads/2025/11/2026-Top-Fashion-Trends.jpg
Copenhagen Fashion Week street style 2026,data/latest/images/Copenhagen_Fashion_Week_street_style_2026_c66a94584acff6c3.jpg,https://s.yimg.com/ny/api/res/1.2/l_hCtNIvhdyzn8Z1Hxn2AQ--/YXBwaWQ9aGlnaGxhbmRlcjt3PTk2MDtoPTE0Mzc-/https://media.zenfs.com/en/glamour_497/d6d0c3a4e10e893ec73b286a6257f520
Copenhagen Fashion Week street style 2026,data/latest/images/Copenhagen_Fashion_Week_street_style_2026_46f6d88b48a28082.jpg,"https://hips.hearstapps.com/hmg-prod/images/guest-wears-oversized-red-sunglasses-and-large-silver-news-photo-1754669575.pjpeg?crop=0.99987xw:1xh;center,top&resize=980:*"
Copenhagen Fashion Week street style 2026,data/latest/images/Copenhagen_Fashion_Week_street_style_2026_dc8c452047fe563a.jpg,https://s.yimg.com/ny/api/res/1.2/I6ner5dGfdl73UeODecVew--/YXBwaWQ9aGlnaGxhbmRlcjt3PTY0MDtoPTk2MA--/https://media.zenfs.com/en/aol_people_articles_471/772e51363ea6455c78ad74cc6096a908
Copenhagen Fashion Week street style 2026,data/latest/images/Copenhagen_Fashion_Week_street_style_2026_f038245c5ce732f4.jpg,https://images.vs-static.com/hnGP8K9AhyT3jdqDUCo-_2IEc6U=/1900x0/CPHFW_DAY_4_VOGUE_SCANDINAVIA_133_878cf23990/CPHFW_DAY_4_VOGUE_SCANDINAVIA_133_878cf23990.jpg
Copenhagen Fashion Week street style 2026,data/latest/images/Copenhagen_Fashion_Week_street_style_2026_23a00fdc75818274.jpg,https://media.gettyimages.com/id/2234961828/nl/foto/irina-kro-eicke-street-style-during-new-york-rtw-spring-fashion-week-2026-on-september-14-2025.jpg?s=612x612&w=gi&k=20&c=f_UMwiBG8TclJG1sPpn3JfflgqUfPBgBPEUp3RAjIRQ=
Copenhagen Fashion Week street style 2026,data/latest/images/Copenhagen_Fashion_Week_street_style_2026_04710c3c1b99f190.jpg,https://s.yimg.com/ny/api/res/1.2/FbZ2NcjJ6_1foJnYBxXMvA--/YXBwaWQ9aGlnaGxhbmRlcjt3PTY0MDtoPTk2MA--/https://media.zenfs.com/en/aol_people_articles_471/78b3949b91ff624db29a27b4fd6aaf7c
Copenhagen Fashion Week street style 2026,data/latest/images/Copenhagen_Fashion_Week_street_style_2026_06871c12d0357169.webp,https://api.photon.aremedia.net.au/wp-content/uploads/sites/5/2025/09/gettyimages-2235498279-68c905fc5340a-scaled.jpg?resize=650%2C975
Copenhagen Fashion Week street style 2026,data/latest/images/Copenhagen_Fashion_Week_street_style_2026_d19e495868e12e9d.jpg,https://styleyouroccasion.com/wp-content/uploads/2025/11/2026-fashion-trends-sheer-@oakandfort-750x1024.jpg
Copenhagen Fashion Week street style 2026,data/latest/images/Copenhagen_Fashion_Week_street_style_2026_71de9d149e4bb653.jpg,https://media.gettyimages.com/id/2234699680/nl/foto/street-style-during-new-york-rtw-spring-fashion-week-2026-on-september-13-2025-in-new-york-new.jpg?s=612x612&w=gi&k=20&c=GKQ09kNnkyKGsUIilQUPn0ymTAZKR2XGST_P00oE1KU=
Copenhagen Fashion Week street style 2026,data/latest/images/Copenhagen_Fashion_Week_street_style_2026_b15e88af7b42f197.webp,https://api.photon.aremedia.net.au/wp-content/uploads/sites/5/2025/09/gettyimages-2234952791-68c903f563815-scaled.jpg?resize=650%2C975
Copenhagen Fashion Week street style 2026,data/latest/images/Copenhagen_Fashion_Week_street_style_2026_f692fe058494da0d.jpg,https://i.ytimg.com/vi/6sML3fMUBi8/hq720.jpg?sqp=-oaymwEhCK4FEIIDSFryq4qpAxMIARUAAAAAGAElAADIQj0AgKJD&rs=AOn4CLDhCjuvPUWztwVIRNRnk11GqpF4lQ
Copenhagen Fashion Week street style 2026,data/latest/images/Copenhagen_Fashion_Week_street_style_2026_4a67702a53361641.jpg,https://wwd.com/wp-content/uploads/2024/03/WWD11072205_cover.jpg?w=450
Copenhagen Fashion Week street style 2026,data/latest/images/Copenhagen_Fashion_Week_street_style_2026_9a4f1bc604620b4a.jpg,https://www.instyle.com/thmb/5qIUa9-ZQNQQxYFwUH42xIsciMU=/1500x0/filters:no_upscale():max_bytes(150000):strip_icc()/GettyImages-2238146145-26835d25b2a840f095b56e290822ed4d.jpg
Copenhagen Fashion Week street style 2026,data/latest/images/Copenhagen_Fashion_Week_street_style_2026_8677e41b011a984a.jpg,https://www.instyle.com/thmb/PzKaNN02aLsVrXJDY-nD-NUVvik=/1500x0/filters:no_upscale():max_bytes(150000):strip_icc()/GettyImages-2239228647-9069248bb5ef4012b37dc1cdaadd656f.jpg
Seoul Fashion Week runway 2026,data/latest/images/Seoul_Fashion_Week_runway_2026_05c9b5088c6277ee.jpg,https://assets.vogue.com/photos/685d9c1020fd127ce9b82238/master/w_1600%2Cc_limit/00030-yohji-yamamoto-spring-2026-menswear-details-credit-gorunway.jpg
Seoul Fashion Week runway 2026,data/latest/images/Seoul_Fashion_Week_runway_2026_227b63934a0b9214.jpg,https://assets.vogue.com/photos/68604d71f920014413abea49/master/w_1600%2Cc_limit/00006-kid-super-spring-2026-menswear-credit-gorunway.jpg
Seoul Fashion Week runway 2026,data/latest/images/Seoul_Fashion_Week_runway_2026_ac38eed2cb419e17.jpg,https://bodyandsoulinternational.com/templates/yootheme/cache/ac/Seoul_Fashion_Week_2026-acef73dc.jpeg
Seoul Fashion Week runway 2026,data/latest/images/Seoul_Fashion_Week_runway_2026_8b6c36aee74b957d.jpg,https://b4209790.smushcdn.com/4209790/wp-content/uploads/2025/11/20F7-Fashion-Week-768x1024.jpeg?lossy=1&strip=1&webp=1
Seoul Fashion Week runway 2026,data/latest/images/Seoul_Fashion_Week_runway_2026_b72ae7b8acbf3062.jpg,https://i.ytimg.com/vi/2HD-TL2yhwc/hqdefault.jpg
Seoul Fashion Week runway 2026,data/latest/images/Seoul_Fashion_Week_runway_2026_80cdf04772dd7811.jpg,https://th.bing.com/th?id=ORMS.de21d3ad40c40289609c05bfbdf5e7ed&pid=Wdp&w=380&h=196&qlt=90&c=1&rs=1
Seoul Fashion Week runway 2026,data/latest/images/Seoul_Fashion_Week_runway_2026_59be1d1558b6fde6.jpg,https://i.ytimg.com/vi/hwceBQ0EzK0/hq720.jpg?sqp=-oaymwEhCK4FEIIDSFryq4qpAxMIARUAAAAAGAElAADIQj0AgKJD&rs=AOn4CLA-Ow190nvcfpIISTQujIt5UBkD0g
Seoul Fashion Week runway 2026,data/latest/images/Seoul_Fashion_Week_runway_2026_4d1cf245b7bba47d.jpg,https://assets.vogue.com/photos/6908799cb3da96f90ddf2bf3/master/w_1280%2Cc_limit/00001-oshobor-spring-2026-ready-to-wear-lagos-credit-brand.jpg
Seoul Fashion Week runway 2026,data/latest/images/Seoul_Fashion_Week_runway_2026_a1372a13032836c7.jpg,https://assets.vogue.com/photos/690878a930cdf4e0df458341/master/w_2560%2Cc_limit/00001-nkwo-spring-2026-ready-to-wear-lagos-credit-brand.jpg
Seoul Fashion Week runway 2026,data/latest/images/Seoul_Fashion_Week_runway_2026_10390f7f413aea35.jpg,https://media.gettyimages.com/id/2233526789/video/slow-mo-street-style-day-3-seoul-fashion-week-s-s-2026.jpg?s=640x640&k=20&c=ZFAu9L7on4baFwQO0inITP9lwkuMWM3RXHEMIzv3p_8=
Seoul Fashion Week runway 2026,data/latest/images/Seoul_Fashion_Week_runway_2026_3a1ef37f0b787558.jpg,https://img.businessoffashion.com/resizer/v2/PZ5PP4YESBBM5AXHZMFBUHUV7E.png?focal=898%2C483&auth=700725150b7b71717c7d57ee84ce039cab551a1db58c52bcbfdf50f2d7594ba0&width=800&height=450
Seoul Fashion Week runway 2026,data/latest/images/Seoul_Fashion_Week_runway_2026_3c10acb3548d8ddf.jpg,https://lookaside.instagram.com/seo/google_widget/crawler/?media_id=3758593269043364475
Seoul Fashion Week runway 2026,data/latest/images/Seoul_Fashion_Week_runway_2026_1ca95892ecbe682a.jpg,https://lookaside.instagram.com/seo/google_widget/crawler/?media_id=3757808007028197197
Seoul Fashion Week runway 2026,data/latest/images/Seoul_Fashion_Week_runway_2026_6d0d114e12e6d962.jpg,https://i.ytimg.com/vi/gVPtEXMWvNE/hq720.jpg?sqp=-oaymwEhCK4FEIIDSFryq4qpAxMIARUAAAAAGAElAADIQj0AgKJD&rs=AOn4CLD_dhQH5DJF2qvu_bgDQ8eQS83DdA
Seoul Fashion Week runway 2026,data/latest/images/Seoul_Fashion_Week_runway_2026_0a29755a1b8a2a7f.jpg,https://img.evbuc.com/https%3A%2F%2Fcdn.evbuc.com%2Fimages%2F1170437296%2F1062058882043%2F1%2Foriginal.20251107-194048?crop=focalpoint&fit=crop&w=600&auto=format%2Ccompress&q=75&sharp=10&fp-x=0.5&fp-y=0.5&s=32a2ec45c147b3885084e1a522ff4680
Seoul Fashion Week runway 2026,data/latest/images/Seoul_Fashion_Week_runway_2026_d68d8243317ec641.jpg,https://koreajoongangdaily.joins.com/data/photo/2022/10/18/3fc13659-2494-43f5-a6a0-8f67086bc5e3.jpg
Seoul Fashion Week runway 2026,data/latest/images/Seoul_Fashion_Week_runway_2026_a139cf5b9d8f015c.jpg,https://lookaside.instagram.com/seo/google_widget/crawler/?media_id=3758593269664140674
Seoul Fashion Week runway 2026,data/latest/images/Seoul_Fashion_Week_runway_2026_fda7c9444dabcba9.jpg,https://s.yimg.com/ny/api/res/1.2/P_ORbtnmEkkq0Dn04Nu0ww--/YXBwaWQ9aGlnaGxhbmRlcjt3PTY0MDtoPTk2MA--/https://media.zenfs.com/en/elle_ecomm_articles_938/38ef4c0b9ec6099314191220a9697221
Seoul Fashion Week runway 2026,data/latest/images/Seoul_Fashion_Week_runway_2026_20c7cfc84ebc4719.jpg,https://lookaside.instagram.com/seo/google_widget/crawler/?media_id=3758593269093727385
Seoul Fashion Week runway 2026,data/latest/images/Seoul_Fashion_Week_runway_2026_7c70b40210e076cd.jpg,"https://media.fashionnetwork.com/cdn-cgi/image/fit=contain,width=1000,height=1000,format=auto/m/e952/b246/3ebd/1ad9/ed23/0e61/9395/4e26/2b69/1dc3/1dc3.jpg"
Seoul Fashion Week runway 2026,data/latest/images/Seoul_Fashion_Week_runway_2026_14633f1c54a68092.jpg,https://lookaside.instagram.com/seo/google_widget/crawler/?media_id=3760841521055895976
Seoul Fashion Week runway 2026,data/latest/images/Seoul_Fashion_Week_runway_2026_0f3c536e0cf233b9.jpg,https://rheacosta-shop.com/cdn/shop/files/Costa_F25_011.jpg?v=1743169504&width=1080
Seoul Fashion Week runway 2026,data/latest/images/Seoul_Fashion_Week_runway_2026_90b605fc7059bd55.jpg,https://img1.popfashioninfo.com/upload/report/small_cover/1/cover_img_28096_3H7E8YpLI0Xs2Spt.jpg
Seoul Fashion Week runway 2026,data/latest/images/Seoul_Fashion_Week_runway_2026_7b92066db84877c0.png,https://tfashion.ai/_next/image?url=https%3A%2F%2Fimages.ctfassets.net%2F59pq84okjaya%2F3Y1ArRHkzebi3CbPMxodLd%2F325fb6733cd406fa4054e819856e091a%2FMI%C3%8C_LAN.png&w=3840&q=75
Seoul Fashion Week runway 2026,data/latest/images/Seoul_Fashion_Week_runway_2026_64c8f029d6663cc9.jpg,https://th.bing.com/th?id=ORMS.910800c651ab3fb254dbd8dd27ab479c&pid=Wdp&w=380&h=196&qlt=90&c=1&rs=1
Seoul Fashion Week runway 2026,data/latest/images/Seoul_Fashion_Week_runway_2026_bb9fcd8e038fa4f5.jpg,https://s.yimg.com/ny/api/res/1.2/73T1hX0HLRz78jYwJVcMZA--/YXBwaWQ9aGlnaGxhbmRlcjt3PTY0MDtoPTk2MA--/https://media.zenfs.com/en/elle_ecomm_articles_938/f08895ed71c0aa1e6814f9eda5c7aead
Seoul Fashion Week runway 2026,data/latest/images/Seoul_Fashion_Week_runway_2026_e19e2029dee01753.jpg,https://imgsrv2.voi.id/-KamloB7hnBkysmuQ1Omf9k7nDQX4JDHDSS4_LBoY_c/auto/1200/675/sm/1/bG9jYWw6Ly8vcHVibGlzaGVycy81MzAwMTkvMjAyNTExMDMxOTE2LW1haW4uY3JvcHBlZF8xNzYyMTcyNTQ2LmpwZWc.jpg
Seoul Fashion Week runway 2026,data/latest/images/Seoul_Fashion_Week_runway_2026_1db7dc6a07cc57d4.jpg,https://statik.tempo.co/data/2025/11/05/id_1439399/1439399_720.jpg
Seoul Fashion Week runway 2026,data/latest/images/Seoul_Fashion_Week_runway_2026_21288471f2b4e9df.jpg,https://s.yimg.com/ny/api/res/1.2/I3o1hx9ongIIKlCqbDnwqg--/YXBwaWQ9aGlnaGxhbmRlcjt3PTY0MDtoPTk2MA--/https://media.zenfs.com/en/elle_ecomm_articles_938/cbba5aa0d6dcb208e209241162f6be72
Seoul Fashion Week runway 2026,data/latest/images/Seoul_Fashion_Week_runway_2026_8f475605a59e30ae.png,https://assets.vogue.com/photos/690a6c2d4991706bd5bf3b5a/master/w_1600%2Cc_limit/Odds%2520&%2520Ends%2520PART%2520II_Laird-2.png
Seoul Fashion Week runway 2026,data/latest/images/Seoul_Fashion_Week_runway_2026_3a6ba92ad03f7cb8.jpg,https://img1.popfashioninfo.com/upload/report/small_cover/1/cover_img_28344_X3aCD82hxSvIrFJx.jpg
Seoul Fashion Week runway 2026,data/latest/images/Seoul_Fashion_Week_runway_2026_b8515803100a27b0.jpg,https://media.gettyimages.com/id/2233526778/video/seoul-south-korea-a-guest-wears-silky-pyjama-robe-and-pants-and-valentino-black-loafers.jpg?s=640x640&k=20&c=uqXcZ2pqA4uyFOhQRES6jv1RKWnjL1Yb7jYEgqMIK5M=
Seoul Fashion Week runway 2026,data/latest/images/Seoul_Fashion_Week_runway_2026_35f032433a2ad08f.jpg,https://thepost.ph/wp-content/uploads/2025/11/chanel-cruise-2026-singapore-fashion-show-raffles-hotel-14.jpg
Seoul Fashion Week runway 2026,data/latest/images/Seoul_Fashion_Week_runway_2026_640f9c8a24bd00c6.jpg,https://img1.popfashioninfo.com/upload/report/small_cover/1/cover_img_28280_0ZrryreR8dkX6uyL.jpg
Seoul Fashion Week runway 2026,data/latest/images/Seoul_Fashion_Week_runway_2026_94a073e16cb61c55.jpg,https://www.dfashionmagazine.com/userfiles/image/nov-25/Richard%20Wei-CS0A9586.jpg
Seoul Fashion Week runway 2026,data/latest/images/Seoul_Fashion_Week_runway_2026_2a45a9edb84350a7.webp,https://d1ef7ke0x2i9g8.cloudfront.net/Transformed-Assets/hongkongarticles/6091847/pinas-sadya-nyfw_c6333d3d3a9e8854c142c893fcac1264.webp
Seoul Fashion Week runway 2026,data/latest/images/Seoul_Fashion_Week_runway_2026_4d2b11835f02057f.png,https://jingdaily.com/_next/image?url=https%3A%2F%2Fcdn.sanity.io%2Fimages%2Ff8lauh0h%2Fproduction%2F7d4b04a6a69322088aa4fa86f625b8b446c77444-2096x1346.png%3Fq%3D95%26fit%3Dmax%26auto%3Dformat&w=3840&q=95
Seoul Fashion Week runway 2026,data/latest/images/Seoul_Fashion_Week_runway_2026_034b7a9423f7a3a4.jpg,https://www.chloe.com/dw/image/v2/BLMX_PRD/on/demandware.static/-/Library-Sites-Chloe-WW/default/dw4659886f/FASHIONSHOW/U26_BTS/Placeholder-video-theme3-mobile.jpg?sw=768&sfrm=jpg
Seoul Fashion Week runway 2026,data/latest/images/Seoul_Fashion_Week_runway_2026_b4a42c51fe19a5df.webp,https://cassette.sphdigital.com.sg/image/straitstimes/996bec94ad675cbac7c4ef484d5b8737aceacc8cbe339dbde372955500c1da6a
Seoul Fashion Week runway 2026,data/latest/images/Seoul_Fashion_Week_runway_2026_2ecbc2e608d86ca1.jpg,https://s.yimg.com/ny/api/res/1.2/eGO7hvW4lgMWzO64i.16bQ--/YXBwaWQ9aGlnaGxhbmRlcjt3PTY0MDtoPTk2MA--/https://media.zenfs.com/en/elle_ecomm_articles_938/ab2c114b5ba288f24d338fcb6439962a
Seoul Fashion Week runway 2026,data/latest/images/Seoul_Fashion_Week_runway_2026_5ab6182fae6f4d07.jpg,https://voguesg.s3.ap-southeast-1.amazonaws.com/wp-content/uploads/2025/11/05211128/chanelcc.jpg
Seoul Fashion Week runway 2026,data/latest/images/Seoul_Fashion_Week_runway_2026_711d441432b0c5f3.jpg,https://fashionweekonline.com/wp-content/uploads/2025/11/013-copy-356x364.jpg
Seoul Fashion Week runway 2026,data/latest/images/Seoul_Fashion_Week_runway_2026_9b3c26c077767614.jpg,https://www.chloe.com/dw/image/v2/BLMX_PRD/on/demandware.static/-/Library-Sites-Chloe-WW/default/dwf21b6ddf/FASHIONSHOW/U26_BTS/Placeholder-video-theme4-mobile.jpg?sw=768&sfrm=jpg
Seoul Fashion Week runway 2026,data/latest/images/Seoul_Fashion_Week_runway_2026_ebd457f71bdfbd13.jpg,https://images.prestigeonline.com/wp-content/uploads/sites/3/2025/11/06185033/07-Matthieu-Blazy-Chanel-693x1024.jpg
Seoul Fashion Week runway 2026,data/latest/images/Seoul_Fashion_Week_runway_2026_fceccd6ec3d216a1.jpg,https://fashionweekonline.com/wp-content/uploads/2025/03/Anton-Giulio-Grande-1-copy.jpg
Seoul Fashion Week runway 2026,data/latest/images/Seoul_Fashion_Week_runway_2026_0581854661d8b7c8.jpg,https://www.dfashionmagazine.com/userfiles/image/nov-25/AMBUS-CS0A0833.JPG
Seoul Fashion Week runway 2026,data/latest/images/Seoul_Fashion_Week_runway_2026_bf1f71e649edf240.jpg,https://dfashionmagazine.com//userfiles/image/nov-25/Gurl23-CS0A7962.jpg
Tokyo Fashion Week backstage 2025,data/latest/images/Tokyo_Fashion_Week_backstage_2025_e787e254ef6714b3.jpg,https://i.ytimg.com/vi/kLBiMAZ9bXY/hq720.jpg?sqp=-oaymwEhCK4FEIIDSFryq4qpAxMIARUAAAAAGAElAADIQj0AgKJD&rs=AOn4CLB58bugQUptG62EhwpIvNcWC6THjg
Tokyo Fashion Week backstage 2025,data/latest/images/Tokyo_Fashion_Week_backstage_2025_19661cbbbbe8ac45.jpg,https://img.evbuc.com/https%3A%2F%2Fcdn.evbuc.com%2Fimages%2F987720533%2F160636758826%2F1%2Foriginal.20250319-163914?crop=focalpoint&fit=crop&w=600&auto=format%2Ccompress&q=75&sharp=10&fp-x=0.5&fp-y=0.5&s=bb8fff9d94ca91e91c6c4fbff10cef30
Tokyo Fashion Week backstage 2025,data/latest/images/Tokyo_Fashion_Week_backstage_2025_093db1e0999f118d.jpg,https://img.buzzfeed.com/thumbnailer-prod-us-east-1/video-api/assets/536922.jpg?output-format=auto&output-quality=auto&resize=600:*
Tokyo Fashion Week backstage 2025,data/latest/images/Tokyo_Fashion_Week_backstage_2025_4a67702a53361641.jpg,https://wwd.com/wp-content/uploads/2024/03/WWD11072205_cover.jpg?w=450
Tokyo Fashion Week backstage 2025,data/latest/images/Tokyo_Fashion_Week_backstage_2025_e19d0cd53357b354.jpg,https://assets.vogue.com/photos/67af62d17f9d7b7aaff3af2a/master/w_2560%2Cc_limit/00003-mister-it-fall-2025-ready-to-wear-tokyo-credit-brand.jpg
Tokyo Fashion Week backstage 2025,data/latest/images/Tokyo_Fashion_Week_backstage_2025_b0e2beb3f3c0c40b.jpg,https://fashionweekonline.com/wp-content/uploads/2025/11/SV7_0955_NMNvorGn-copy.jpg
Tokyo Fashion Week backstage 2025,data/latest/images/Tokyo_Fashion_Week_backstage_2025_ccae34ed2a9d2f8c.png,https://thezenithmagazine.com/wp-content/uploads/2025/03/image-179.png
Tokyo Fashion Week backstage 2025,data/latest/images/Tokyo_Fashion_Week_backstage_2025_6f5e06a1416fbb98.jpg,https://lookaside.instagram.com/seo/google_widget/crawler/?media_id=3760022256002162889
Tokyo Fashion Week backstage 2025,data/latest/images/Tokyo_Fashion_Week_backstage_2025_02db07000dc594c7.jpg,https://lookaside.instagram.com/seo/google_widget/crawler/?media_id=3761329276718346671
Tokyo Fashion Week backstage 2025,data/latest/images/Tokyo_Fashion_Week_backstage_2025_7d2c5769789e8326.jpg,https://lookaside.instagram.com/seo/google_widget/crawler/?media_id=3759932598148829267
Tokyo Fashion Week backstage 2025,data/latest/images/Tokyo_Fashion_Week_backstage_2025_3d22411dd4d93c90.jpg,https://lookaside.instagram.com/seo/google_widget/crawler/?media_id=3760253505966845174
Tokyo Fashion Week backstage 2025,data/latest/images/Tokyo_Fashion_Week_backstage_2025_b51a1d63c0513749.jpg,https://lookaside.instagram.com/seo/google_widget/crawler/?media_id=3760706379347257288
Tokyo Fashion Week backstage 2025,data/latest/images/Tokyo_Fashion_Week_backstage_2025_06a3ca1693e3d700.jpg,https://assets.vogue.com/photos/67cc26093465fedb0bd01461/16:9/pass/00001-junya-watanabe-fall-2025-ready-to-wear-credit-gorunway.jpg
Tokyo Fashion Week backstage 2025,data/latest/images/Tokyo_Fashion_Week_backstage_2025_d8665bf4d3a5619e.jpg,https://media.gettyimages.com/id/2239045762/photo/paris-france-a-model-walks-the-runway-during-the-yohji-yamamoto-womenswear-spring-summer-2026.jpg?s=612x612&w=gi&k=20&c=8XuU3QuyjrFTmX2-eB5iEu1a5tldKr95mQrkCk5RRyU=
Tokyo Fashion Week backstage 2025,data/latest/images/Tokyo_Fashion_Week_backstage_2025_79b1d44bb2752dcf.jpg,https://asiana.tv/wp-content/uploads/2025/11/AFP-Manchester-Show-Backstage-AW60-1.jpg
Tokyo Fashion Week backstage 2025,data/latest/images/Tokyo_Fashion_Week_backstage_2025_4234131156993f87.jpg,https://www.shutterstock.com/image-photo/model-walks-runway-during-seivson-600nw-2515036125.jpg
Tokyo Fashion Week backstage 2025,data/latest/images/Tokyo_Fashion_Week_backstage_2025_fd15d43357a37a94.jpg,https://www.shutterstock.com/image-photo/model-walks-runway-during-house-600nw-2514645725.jpg
Tokyo Fashion Week backstage 2025,data/latest/images/Tokyo_Fashion_Week_backstage_2025_0af01d92505230c0.jpg,https://i.ytimg.com/vi/YcdKP1xiu4Y/hq720.jpg?sqp=-oaymwE7CK4FEIIDSFryq4qpAy0IARUAAAAAGAElAADIQj0AgKJD8AEB-AH-CYAC0AWKAgwIABABGFEgYShlMA8=&rs=AOn4CLA4fSOBH3Fzpv_grxVfQL6b3SsRtA
Tokyo Fashion Week backstage 2025,data/latest/images/Tokyo_Fashion_Week_backstage_2025_3e5b54436fff9bfa.jpg,https://media.gettyimages.com/id/2241224329/photo/new-york-new-york-alex-consani-and-quenlin-blackwell-prepare-backstage-at-the-victorias.jpg?s=612x612&w=gi&k=20&c=J73AJwHNdTjg8HUkMQQsq-UCBju-JjBj1JSpU_FXsjo=
Tokyo Fashion Week backstage 2025,data/latest/images/Tokyo_Fashion_Week_backstage_2025_cb473e0e7ec9cbe4.jpg,https://fashionweekonline.com/wp-content/uploads/2025/11/NZ9_5883-copy-700x580.jpg
Tokyo Fashion Week backstage 2025,data/latest/images/Tokyo_Fashion_Week_backstage_2025_247884d9311644f5.jpg,https://i.ytimg.com/vi/gmXk45_kAQM/oardefault.jpg?sqp=-oaymwEYCJUDENAFSFqQAgHyq4qpAwcIARUAAIhC&rs=AOn4CLD2mA-SebOe5WVZTZ6zItKNDheBaA
Tokyo Fashion Week backstage 2025,data/latest/images/Tokyo_Fashion_Week_backstage_2025_40becda59b7fbc37.jpg,https://asiana.tv/wp-content/uploads/2025/11/AFP-Manchester-Show-Backstage-AW60-3.jpg
Tokyo Fashion Week backstage 2025,data/latest/images/Tokyo_Fashion_Week_backstage_2025_92b0b9ae28bdc2bf.jpg,https://i.ytimg.com/vi/uRxhfxHs0Zo/hq720.jpg?sqp=-oaymwEhCK4FEIIDSFryq4qpAxMIARUAAAAAGAElAADIQj0AgKJD&rs=AOn4CLA6clhgXTItMqbNFcD2oETXT6t0vw
Tokyo Fashion Week backstage 2025,data/latest/images/Tokyo_Fashion_Week_backstage_2025_7740e63eb3f08619.jpg,https://assets.vogue.com/photos/68065f5c0eff4a70628d38a2/1:1/w_354%2Cc_limit/DIOR_FW25_Backstage_ACIELLE02.jpg
Tokyo Fashion Week backstage 2025,data/latest/images/Tokyo_Fashion_Week_backstage_2025_f02544c977b6c0ea.jpg,https://theimpression.com/wp-content/uploads/2025/11/Maison-Margiela-Holiday-2025-Ad-Campaign-The-Impression-015-770x513.jpg
Tokyo Fashion Week backstage 2025,data/latest/images/Tokyo_Fashion_Week_backstage_2025_f0a68ec13e56d2de.webp,https://api.photon.aremedia.net.au/wp-content/uploads/sites/6/2025/10/paris-fashion-week-8-68dcd4901e92e.jpg?fit=576%2C1024&resize=1080%2C1920
Tokyo Fashion Week backstage 2025,data/latest/images/Tokyo_Fashion_Week_backstage_2025_5a034afbd7b41439.png,https://assets.vogue.com/photos/67e08053c7c4dbeee659bdf9/1:1/w_330%2Cc_limit/00008-tamme-fall-2025-ready-to-w.png
Tokyo Fashion Week backstage 2025,data/latest/images/Tokyo_Fashion_Week_backstage_2025_4144a334c08bdfe6.jpg,https://cphfw.fra1.cdn.digitaloceanspaces.com/SS26-Copenhagen-Fashion-Week-Nicklas-Skovgaard-Backstage-Tonya-Matyu-2_2025-11-05-124015_kcrv.jpg
Tokyo Fashion Week backstage 2025,data/latest/images/Tokyo_Fashion_Week_backstage_2025_d19c23fc32259496.jpg,https://www.masslive.com/resizer/v2/S4Z4POWYS5DQLFLJXEQEXCW3C4.jpg?auth=65fe27f2d18dcc9667d72693b15717c15758fc7d2802f0334d9084751307ff50&width=1280&smart=true&quality=90
Tokyo Fashion Week backstage 2025,data/latest/images/Tokyo_Fashion_Week_backstage_2025_5331eac97c751671.jpg,https://thekit.ca/wp-content/uploads/2025/11/2025-thekit.ca-FAT-inline3.jpg
Tokyo Fashion Week backstage 2025,data/latest/images/Tokyo_Fashion_Week_backstage_2025_af749778bd36b371.jpg,https://s.yimg.com/ny/api/res/1.2/rYXBw.bcuu7Nj4kEqzd1Bg--/YXBwaWQ9aGlnaGxhbmRlcjt3PTk2MDtoPTE1Mzg-/https://media.zenfs.com/en/the_telegraph_258/b8defbd02bfa8a5a9e050a1957a607c8
Tokyo Fashion Week backstage 2025,data/latest/images/Tokyo_Fashion_Week_backstage_2025_d5a81a5ec67e09f0.jpg,https://www.reuters.com/resizer/v2/VAO5QFUCWNBQNFLOHWYEY7ACV4.jpeg?auth=fe5177dfd1a9c08097c5d7d310f456eb767aedcba4b02f42fc955eeedab5d230&width=960&quality=80
Tokyo Fashion Week backstage 2025,data/latest/images/Tokyo_Fashion_Week_backstage_2025_7bc9aedea6fd6ade.jpg,https://the-ethos.co/wp-content/uploads/2024/09/polybion-catwalk.jpeg
Tokyo Fashion Week backstage 2025,data/latest/images/Tokyo_Fashion_Week_backstage_2025_6c2833af2a45c4f5.jpg,https://wwd.com/wp-content/uploads/2025/09/coach-spring-2026-backstage-NW-22.jpg?w=1024
Tokyo Fashion Week backstage 2025,data/latest/images/Tokyo_Fashion_Week_backstage_2025_6fe32d49f66f249e.jpg,https://assets.vogue.com/photos/6216413a067349b21703e5e5/master/w_2560%2Cc_limit/-courtesy-of-gabriela-hearst-feb-22-story.jpg
Tokyo Fashion Week backstage 2025,data/latest/images/Tokyo_Fashion_Week_backstage_2025_244c3d644216fe02.jpg,https://media.gettyimages.com/id/2239608540/photo/paris-france-kendall-jenner-attends-the-chanel-womenswear-spring-summer-2026-show-as-part-of.jpg?s=612x612&w=gi&k=20&c=IG4qGOLMhBQTgQTn2ls2FeZ7RXyBq2_z_7mZ2QWb88Q=
Tokyo Fashion Week backstage 2025,data/latest/images/Tokyo_Fashion_Week_backstage_2025_427656212026b2a9.jpg,https://media.gettyimages.com/id/2239135836/photo/paris-france-october-03-a-model-walks-the-runway-during-the-yohji-yamamoto-ready-to-wear.jpg?s=612x612&w=gi&k=20&c=pYOOUdsgpVY7er7LpQqn4zCBemPdPHNPywzuXqaVyl0=
Tokyo Fashion Week backstage 2025,data/latest/images/Tokyo_Fashion_Week_backstage_2025_a62849f638de446f.jpg,"https://hips.hearstapps.com/hmg-prod/images/model-is-seen-backstage-at-the-annies-ibiza-collection-news-photo-1740394521.pjpeg?crop=1.00xw:0.818xh;0,0.0657xh"
Tokyo Fashion Week backstage 2025,data/latest/images/Tokyo_Fashion_Week_backstage_2025_718e2da04b4933af.jpg,https://numero.com/wp-content/uploads/2025/10/thom-browne-fashion-week-printemps-ete-2026-make-up2.jpg
Tokyo Fashion Week backstage 2025,data/latest/images/Tokyo_Fashion_Week_backstage_2025_4b68540a428157bb.jpg,https://s.yimg.com/ny/api/res/1.2/yFjJYgW4txIN0Yw7eHSbGA--/YXBwaWQ9aGlnaGxhbmRlcjt3PTk2MDtoPTE0Mzg7Y2Y9d2VicA--/https://media.zenfs.com/en/wwd_409/6df81c5182bcb6f19bbe912c80a461ce
Tokyo Fashion Week backstage 2025,data/latest/images/Tokyo_Fashion_Week_backstage_2025_7b92066db84877c0.png,https://tfashion.ai/_next/image?url=https%3A%2F%2Fimages.ctfassets.net%2F59pq84okjaya%2F3Y1ArRHkzebi3CbPMxodLd%2F325fb6733cd406fa4054e819856e091a%2FMI%C3%8C_LAN.png&w=3840&q=75
Tokyo Fashion Week backstage 2025,data/latest/images/Tokyo_Fashion_Week_backstage_2025_88b7a1d23c92964e.jpg,"https://hips.hearstapps.com/hmg-prod/images/cara-delevingne-attends-the-thom-browne-fashion-show-during-news-photo-1739355335.pjpeg?crop=0.961xw:0.961xh;0.0374xw,0.0386xh&resize=980:*"
Tokyo Fashion Week backstage 2025,data/latest/images/Tokyo_Fashion_Week_backstage_2025_02b7f535df2ca158.jpg,https://www.limcollege.edu/sites/default/files/styles/photo_carousel_750x500/public/2025-05/2025%20Fashion%20Show%2C%20model%20on%20runway%209.jpg?itok=U-GtIjqb
Tokyo Fashion Week backstage 2025,data/latest/images/Tokyo_Fashion_Week_backstage_2025_5e5e5ae13e563d39.jpg,https://i.ytimg.com/vi/NwJruE_Fals/hq720.jpg?sqp=-oaymwEhCK4FEIIDSFryq4qpAxMIARUAAAAAGAElAADIQj0AgKJD&rs=AOn4CLDRiJ9FyUJT_19cnfAk8tf44yj0Fw
Tokyo Fashion Week backstage 2025,data/latest/images/Tokyo_Fashion_Week_backstage_2025_5759fbb463584c88.jpg,https://www.limcollege.edu/sites/default/files/styles/photo_carousel_750x500/public/2025-05/FS%20slideshow%202%20resize.jpg?itok=rUr4roFT
Tokyo Fashion Week backstage 2025,data/latest/images/Tokyo_Fashion_Week_backstage_2025_6c94c382925b3d28.jpg,https://fashionweekonline.com/wp-content/uploads/2025/11/013-copy-324x160.jpg
Tokyo Fashion Week backstage 2025,data/latest/images/Tokyo_Fashion_Week_backstage_2025_20fca3e7ee6077bb.jpg,https://www.ifema.es/mbfw-madrid/img/xl/aspecto-parcial-desfile-simorra-septiembre-2025/ps25_simorra_0989-min.jpg
Tokyo Fashion Week backstage 2025,data/latest/images/Tokyo_Fashion_Week_backstage_2025_d862692716d8c746.jpg,https://blogger.googleusercontent.com/img/b/R29vZ2xl/AVvXsEiNf3bJN3PRQbWQcjlkJAYx8N_FDnaB-2GtwjEKQ5BsOtw2jQCTPg7ekv0wBf8epZ26063qJ_Fmb5W0yR170lrZb1Y0e3sg6qQA7xkvy0HPlYehc6D2LKaIHIiOHf6ILx259ClxBCf8EQBNybiUGw3FQ_k1P_T4gWs84-lItq_mX37am4JezHANQLgiz_s/s16000/DESIGN%20ART%20MODA%20MAGAZINE%20DAM%20PFW%20SS26%20SHIATZY%20CHEN%20PARIS%20JAYZOO%2017%20%20WHITE%20700.jpg
Tokyo Fashion Week backstage 2025,data/latest/images/Tokyo_Fashion_Week_backstage_2025_e42c4aacbf4a1cae.jpg,"https://static.wixstatic.com/media/c8ba28_7143075b318642b6af97d73c9203cf06~mv2.jpg/v1/fill/w_640,h_348,al_c,q_80,usm_0.66_1.00_0.01,enc_avif,quality_auto/c8ba28_7143075b318642b6af97d73c9203cf06~mv2.jpg"
Tokyo Fashion Week backstage 2025,data/latest/images/Tokyo_Fashion_Week_backstage_2025_649ed04665303d2a.jpg,https://www.modemonline.com/img/_upload/article/9825/thumb.jpg
Tokyo Fashion Week backstage 2025,data/latest/images/Tokyo_Fashion_Week_backstage_2025_8a61ada1107a9aea.jpg,https://images-prod.anothermag.com/786/2-0-1062-708/azure/another-prod/460/6/466746.jpg
Tokyo Fashion Week backstage 2025,data/latest/images/Tokyo_Fashion_Week_backstage_2025_8399c0ce183e9f5a.jpg,https://theimpression.com/wp-content/uploads/2025/11/ThomBrown-Ad-Campaing-2025-The-Impression-022-770x513.jpg
Tokyo Fashion Week backstage 2025,data/latest/images/Tokyo_Fashion_Week_backstage_2025_5b9f2f25adbdc293.jpg,https://blogger.googleusercontent.com/img/b/R29vZ2xl/AVvXsEj9wnpyroULUQoZJ0F2wyKA1yfqOGmCHodN8-Z2E5Bjiu44uIRdEG2OF5_4E3evKWdrTacDsq3pWmaOg4Dap3sUwnwdKvCFUrng3Ueqnh6Qam6BJ5b8paV_MyCZp71zvCpzg1-MmkFGsNgLj0VBcuz4bfaDXiE-CL3VdRf0rZISupE5Gcdx2-wd6oPiLy4/s16000/JAYZOO%2087.jpg
Tokyo Fashion Week backstage 2025,data/latest/images/Tokyo_Fashion_Week_backstage_2025_f247f9e6a1e0342b.jpg,https://s.yimg.com/ny/api/res/1.2/anV2comU5k83QtdI8glfxQ--/YXBwaWQ9aGlnaGxhbmRlcjt3PTk2MDtoPTE0Mzk7Y2Y9d2VicA--/https://media.zenfs.com/en/wwd_409/de61c6ddf6619713b1dbf6d6b9e18bbd
Seoul Fashion Week backstage 2026,data/latest/images/Seoul_Fashion_Week_backstage_2026_9cd9ddb0012194a2.jpg,https://i.ytimg.com/vi/hxv98oh2jvk/hq720.jpg?sqp=-oaymwEhCK4FEIIDSFryq4qpAxMIARUAAAAAGAElAADIQj0AgKJD&rs=AOn4CLB8rVY2X4AwMe2xEJ9hgDL_02hrMw
Seoul Fashion Week backstage 2026,data/latest/images/Seoul_Fashion_Week_backstage_2026_20018bafc4d8c840.jpg,https://i.ytimg.com/vi/7AS-lgaldf0/hq720.jpg?sqp=-oaymwEhCK4FEIIDSFryq4qpAxMIARUAAAAAGAElAADIQj0AgKJD&rs=AOn4CLDeHMzBch_1iMeFs5eaNV8lvvrbaQ
Seoul Fashion Week backstage 2026,data/latest/images/Seoul_Fashion_Week_backstage_2026_53a783147d7045f8.jpg,https://media.gettyimages.com/id/1433763439/es/foto/seoul-south-korea-shallen-sabino-poses-in-the-backstage-ahead-of-the-ul-kin-show-at-seoul.jpg?s=612x612&w=gi&k=20&c=7BOHGlW2ggVcEK8eWyGA0arY9EUbFd0Tbuwdu5A-x5Q=
Seoul Fashion Week backstage 2026,data/latest/images/Seoul_Fashion_Week_backstage_2026_32fd04c4858b9450.jpg,https://media.gettyimages.com/id/1433763418/es/foto/seoul-south-korea-shallen-sabino-poses-in-the-backstage-ahead-of-the-ul-kin-show-at-seoul.jpg?s=612x612&w=gi&k=20&c=WHTYufAxqHuQyt6AKiSsui6X8n8aFX3jND_0ZCfbEf8=
Seoul Fashion Week backstage 2026,data/latest/images/Seoul_Fashion_Week_backstage_2026_77a8db5eab35c8c9.jpg,https://lookaside.instagram.com/seo/google_widget/crawler/?media_id=3758593270427513468
Seoul Fashion Week backstage 2026,data/latest/images/Seoul_Fashion_Week_backstage_2026_cd766bc2e1318ca5.jpg,https://lookaside.instagram.com/seo/google_widget/crawler/?media_id=3757808007028197197
Seoul Fashion Week backstage 2026,data/latest/images/Seoul_Fashion_Week_backstage_2026_0afa9ff975b6d2d2.jpg,https://lookaside.instagram.com/seo/google_widget/crawler/?media_id=3758593269664140674
Seoul Fashion Week backstage 2026,data/latest/images/Seoul_Fashion_Week_backstage_2026_cbf6c1e55081670b.jpg,https://lookaside.instagram.com/seo/google_widget/crawler/?media_id=3758593269093727385
Seoul Fashion Week backstage 2026,data/latest/images/Seoul_Fashion_Week_backstage_2026_8db2c32510c534df.jpg,https://lookaside.instagram.com/seo/google_widget/crawler/?media_id=3758593269043364475
Seoul Fashion Week backstage 2026,data/latest/images/Seoul_Fashion_Week_backstage_2026_bab956279005e579.jpg,https://assets.vogue.com/photos/683096d254cd0ccc3d72ab10/master/w_2560%2Cc_limit/PARIS_MENS_FW25_HEREMESBACKSTAGE_ACIELLE26.jpg
Seoul Fashion Week backstage 2026,data/latest/images/Seoul_Fashion_Week_backstage_2026_17522cf0278e10b7.jpg,https://assets.vogue.com/photos/6908795ee0ff6cee00ffc7d7/master/w_2560%2Cc_limit/00001-oshobor-spring-2026-ready-to-wear-lagos-credit-brand.jpg
Seoul Fashion Week backstage 2026,data/latest/images/Seoul_Fashion_Week_backstage_2026_4028792ab1e39c00.jpg,https://assets.vogue.com/photos/6908795ede2559bc6a6a67c9/master/w_2560%2Cc_limit/00002-oshobor-spring-2026-ready-to-wear-lagos-credit-brand.jpg
Seoul Fashion Week backstage 2026,data/latest/images/Seoul_Fashion_Week_backstage_2026_4577128fe97ff1cc.jpg,https://cphfw.fra1.cdn.digitaloceanspaces.com/SS26-Copenhagen-Fashion-Week-The-Royal-Danish-Academy-Backstage-Bryndis-Thorsteinsdottir-27-horizontal.jpg
Seoul Fashion Week backstage 2026,data/latest/images/Seoul_Fashion_Week_backstage_2026_5b9f2f25adbdc293.jpg,https://blogger.googleusercontent.com/img/b/R29vZ2xl/AVvXsEj9wnpyroULUQoZJ0F2wyKA1yfqOGmCHodN8-Z2E5Bjiu44uIRdEG2OF5_4E3evKWdrTacDsq3pWmaOg4Dap3sUwnwdKvCFUrng3Ueqnh6Qam6BJ5b8paV_MyCZp71zvCpzg1-MmkFGsNgLj0VBcuz4bfaDXiE-CL3VdRf0rZISupE5Gcdx2-wd6oPiLy4/s16000/JAYZOO%2087.jpg
Seoul Fashion Week backstage 2026,data/latest/images/Seoul_Fashion_Week_backstage_2026_d36a405d6e2d638d.jpg,https://blogger.googleusercontent.com/img/b/R29vZ2xl/AVvXsEjHrebirgHeZ9gf3_KMYhz0ylowzSqL6mnMxxMVwJ7pgHEw48l7cFkIl4mgm6t6h5SrNqEoG8fzbxi1XABW95mRPcDhgZsEsZe7XDaz1mvOxd7-pdzCjC2yjJ-YEJ_eZBVP_qbBU9hYgcuFFrpiM2wlII6KjrT1U0if9mAHtTihxoem-moMt5We1wQ1idk/s16000/JAYZOO%2069.jpg
Seoul Fashion Week backstage 2026,data/latest/images/Seoul_Fashion_Week_backstage_2026_b363bcf0d6e65fe7.jpg,https://blogger.googleusercontent.com/img/b/R29vZ2xl/AVvXsEh3Lkz5wnpWe8wdXoL9TGT61o0hn7fEdKAZg0NIpJJMwWNCGB-7E4CE6hHfbIX_62V6ZY9bElUXzsMN4adfssH-W52044Zq2WHs9LTqS1bQHRtf14waxcn-I6o9zOhWhbpwGIbQi5xw9eu1-cvVn-KyO8xBfjRujJQZ9jw-T1Kp8qNlKLPxx8Ovg0TBIdY/s16000/JAYZOO%2080.jpg
Seoul Fashion Week backstage 2026,data/latest/images/Seoul_Fashion_Week_backstage_2026_8d639977c784fcea.jpg,https://media.gettyimages.com/id/1669644830/photo/seoul-south-korea-models-at-seoul-fashion-week-s-s-2024-on-september-09-2023-in-seoul-south.jpg?s=612x612&w=gi&k=20&c=WopPB4UK_nSloARfrSNWA8Jr6KudEQHS5yQTj_lz5xQ=
Seoul Fashion Week backstage 2026,data/latest/images/Seoul_Fashion_Week_backstage_2026_473d98697fe6c749.jpg,https://blogger.googleusercontent.com/img/b/R29vZ2xl/AVvXsEjzP1fY7m9hxKz-FVJNz1xFNi78Hz7ZLaYb0LBLfhtfVDJfZXVcOHjzpv4wlkbGHcEEc5gNzqNOPHw1sCa1W-tXvh_Je23ddyrgx9bUD9JeEmymWoRmU6aOCw_ANPOCaVrN3tfpd37klubTHKDy3NJocCsJ7iRMtVErUurp4oY4QY2O4s0pzyrk9FXtq4s/s16000/JAYZOO%2066.jpg
Seoul Fashion Week backstage 2026,data/latest/images/Seoul_Fashion_Week_backstage_2026_3bb70a056cdb3289.jpg,https://blogger.googleusercontent.com/img/b/R29vZ2xl/AVvXsEhH7cnaMCnDq3gfjzYTQfFeYjm9XpJZ3A4p9rtbHZF1POZiJKXj_YcgLcU1DS_mYWdy3ojJRejNb9lVoBJ1F35HElCQC2CekjrG1rM0mB-ex2V5fux79P_6IeoHMvAnwLaGEtY5aDWtDCFTK7nXaIOxM8Tib416QYueunA4K1mwNmvoLyzeGCPte8cpYMU/s16000/JAYZOO%2083.jpg
Seoul Fashion Week backstage 2026,data/latest/images/Seoul_Fashion_Week_backstage_2026_9c8be175b116bf79.jpg,https://assets.vogue.com/photos/6908ec5aab208921101c6e15/master/w_2560%2Cc_limit/11-04-25-LAGOS-FASHION-WEEK-vogue-business-story.jpg
Seoul Fashion Week backstage 2026,data/latest/images/Seoul_Fashion_Week_backstage_2026_86416c645dd4ac81.jpg,https://cphfw.fra1.cdn.digitaloceanspaces.com/_1200x630_crop_center-center_100_none/SS26-Copenhagen-Fashion-Week-Birrot-Backstage-Tonya-Matyu-33-horizontal.jpg
Seoul Fashion Week backstage 2026,data/latest/images/Seoul_Fashion_Week_backstage_2026_9b3c26c077767614.jpg,https://www.chloe.com/dw/image/v2/BLMX_PRD/on/demandware.static/-/Library-Sites-Chloe-WW/default/dwf21b6ddf/FASHIONSHOW/U26_BTS/Placeholder-video-theme4-mobile.jpg?sw=768&sfrm=jpg
Seoul Fashion Week backstage 2026,data/latest/images/Seoul_Fashion_Week_backstage_2026_6c2833af2a45c4f5.jpg,https://wwd.com/wp-content/uploads/2025/09/coach-spring-2026-backstage-NW-22.jpg?w=1024
Seoul Fashion Week backstage 2026,data/latest/images/Seoul_Fashion_Week_backstage_2026_3c624f6df6261acd.jpg,https://i.ytimg.com/vi/DK6w3gQw0sk/hq720.jpg?sqp=-oaymwEhCK4FEIIDSFryq4qpAxMIARUAAAAAGAElAADIQj0AgKJD&rs=AOn4CLCztJkfsyDRRX0BeUkgRGVZtuumew
Seoul Fashion Week backstage 2026,data/latest/images/Seoul_Fashion_Week_backstage_2026_648808f74d7297a2.webp,https://static.srpcdigital.com/styles/1037xauto/public/2025-11/1262304_0.png.webp
Seoul Fashion Week backstage 2026,data/latest/images/Seoul_Fashion_Week_backstage_2026_21e54f0cdef2b202.jpg,"https://assets.vogue.com/photos/64a574f8956dd488a44333a6/1:1/w_2000,h_2000,c_limit/paris_couture_2023_armani_prive_backstage_acielle_010.jpg"
Seoul Fashion Week backstage 2026,data/latest/images/Seoul_Fashion_Week_backstage_2026_fceccd6ec3d216a1.jpg,https://fashionweekonline.com/wp-content/uploads/2025/03/Anton-Giulio-Grande-1-copy.jpg
Seoul Fashion Week backstage 2026,data/latest/images/Seoul_Fashion_Week_backstage_2026_5354b345a5ca0027.webp,https://cassette.sphdigital.com.sg/image/harpersbazaar/3af2cb57d6ec14d74d53f6a26a9322ada75098c5717dca899870463741426beb?w=1000&q=85
Seoul Fashion Week backstage 2026,data/latest/images/Seoul_Fashion_Week_backstage_2026_8f5319cdae68b211.jpg,https://cphfw.fra1.cdn.digitaloceanspaces.com/SS26-Copenhagen-Fashion-Week-Swedish-School-of-Textiles-Backstage-Bryndis-Thorsteinsdottir-35-horizontal.jpg
Seoul Fashion Week backstage 2026,data/latest/images/Seoul_Fashion_Week_backstage_2026_034b7a9423f7a3a4.jpg,https://www.chloe.com/dw/image/v2/BLMX_PRD/on/demandware.static/-/Library-Sites-Chloe-WW/default/dw4659886f/FASHIONSHOW/U26_BTS/Placeholder-video-theme3-mobile.jpg?sw=768&sfrm=jpg
Seoul Fashion Week backstage 2026,data/latest/images/Seoul_Fashion_Week_backstage_2026_953cf8e93ac0dc4d.png,https://cdn.shopify.com/s/files/1/0602/6543/1097/files/Sergio_PFW2.png?v=1762469461
Seoul Fashion Week backstage 2026,data/latest/images/Seoul_Fashion_Week_backstage_2026_42ba9a664d2b6974.jpg,"https://static.wixstatic.com/media/acc48d_2f48647ea7a049aeb22b585f354f54f4~mv2.jpg/v1/fill/w_782,h_400,al_c,q_80,usm_0.66_1.00_0.01,enc_avif,quality_auto/8U9A9386_GmbH_SS26_Backstage1_by_JeremyMoeller_for_BFW_edited.jpg"
Seoul Fashion Week backstage 2026,data/latest/images/Seoul_Fashion_Week_backstage_2026_1f66d543cdad9ce4.webp,https://cassette.sphdigital.com.sg/image/harpersbazaar/f053097ed206b55b99391392591bee0caff2ce1aa30bb33f92e318e956f7ee18?w=1000&q=85
Seoul Fashion Week backstage 2026,data/latest/images/Seoul_Fashion_Week_backstage_2026_9be89d0ed486db31.jpg,https://fashionweekonline.com/wp-content/uploads/2025/03/Pamela-Botero-3-copy.jpg
Seoul Fashion Week backstage 2026,data/latest/images/Seoul_Fashion_Week_backstage_2026_42e247d49fe79dcd.jpg,https://od2-image-api.abs-cbn.com/prod/2025111005114/5df741dc63cdf1f11b3459e71e296ab7f5a57816a40732958dfa6eaca410aa2e.jpg?w=1200&h=800
Seoul Fashion Week backstage 2026,data/latest/images/Seoul_Fashion_Week_backstage_2026_75a00053027df641.png,http://www.fashionprfirm.com/cdn/shop/articles/Sergio_PFW6.png?v=1762470298
Seoul Fashion Week backstage 2026,data/latest/images/Seoul_Fashion_Week_backstage_2026_b4e9d872952286ca.jpg,"https://static.wixstatic.com/media/acc48d_8766a80d519e4218983636bce8493ab2~mv2.jpg/v1/fill/w_980,h_682,al_c,q_85,usm_0.66_1.00_0.01,enc_avif,quality_auto/RichertBeil_SS26_Backstage1_by_Ines_Bahr_for_BFW-35_edited.jpg"
Seoul Fashion Week backstage 2026,data/latest/images/Seoul_Fashion_Week_backstage_2026_3e9bbb4c624276c2.jpg,https://images.prestigeonline.com/wp-content/uploads/sites/3/2025/11/06185015/01-Matthieu-Blazy-Chanel-500x281.jpg
Seoul Fashion Week backstage 2026,data/latest/images/Seoul_Fashion_Week_backstage_2026_9db7ce6fd4bf70e1.jpg,https://wwd.com/wp-content/uploads/2025/11/Melissa_StoreFront-2.jpg?w=1024
Seoul Fashion Week backstage 2026,data/latest/images/Seoul_Fashion_Week_backstage_2026_2206d89512cf8996.webp,https://luxuryfacts.com/wp-content/uploads/2025/10/TOM-FORD-Spring-Summer-2026-FI-1024x448.webp
Seoul Fashion Week backstage 2026,data/latest/images/Seoul_Fashion_Week_backstage_2026_261013ad9bae47b2.jpg,"https://static.wixstatic.com/media/acc48d_2a231ff531064f949d3f8e7eb39d4d58~mv2.jpg/v1/fill/w_980,h_644,al_c,q_85,usm_0.66_1.00_0.01,enc_avif,quality_auto/Ioannes_SS26_Runway1_by_Ines_Bahr_for_BFW-47_edited.jpg"
Seoul Fashion Week backstage 2026,data/latest/images/Seoul_Fashion_Week_backstage_2026_4c7d28746f65a472.jpg,"https://hips.hearstapps.com/hmg-prod/images/gettyimages-1344017354-690b6bf1a499a.jpg?crop=0.668xw:1.00xh;0.167xw,0&resize=1200:*"
Seoul Fashion Week backstage 2026,data/latest/images/Seoul_Fashion_Week_backstage_2026_ac6c4518f8090ce2.jpg,https://fashionmagazine24.com/wp-content/uploads/2025/11/Beatriz-de-la-Camara_1-2.jpg
Seoul Fashion Week backstage 2026,data/latest/images/Seoul_Fashion_Week_backstage_2026_ee6c97df95c459e6.jpg,https://www.chloe.com/on/demandware.static/-/Library-Sites-Chloe-WW/default/dw02fd0e4a/FASHIONSHOW/U26_BTS/Subhome-show-summer26-banner-greetings-3x2.jpg
Seoul Fashion Week backstage 2026,data/latest/images/Seoul_Fashion_Week_backstage_2026_85ba467c7b75d28a.jpg,https://voguesg.s3.ap-southeast-1.amazonaws.com/wp-content/uploads/2025/11/06145135/SnapInsta.to_573543592_18540385933013056_6941386835306468138_n-1-1.jpg
Sydney Fashion Week backstage 2025,data/latest/images/Sydney_Fashion_Week_backstage_2025_3e5b54436fff9bfa.jpg,https://media.gettyimages.com/id/2241224329/photo/new-york-new-york-alex-consani-and-quenlin-blackwell-prepare-backstage-at-the-victorias.jpg?s=612x612&w=gi&k=20&c=J73AJwHNdTjg8HUkMQQsq-UCBju-JjBj1JSpU_FXsjo=
Sydney Fashion Week backstage 2025,data/latest/images/Sydney_Fashion_Week_backstage_2025_f4616d28cc93f5fa.jpg,https://media.gettyimages.com/id/2198085082/photo/altuzarra-fashion-show-backstage-for-new-york-fashion-week-fall-winter-2025-season.jpg?s=1024x1024&w=gi&k=20&c=dJA46z8Y3Relzp4biZeUMPT6QWmwQvXFS5TANIL24uw=
Sydney Fashion Week backstage 2025,data/latest/images/Sydney_Fashion_Week_backstage_2025_a9fb3c20838e1f27.jpg,https://media.gettyimages.com/id/2198085245/photo/altuzarra-fashion-show-backstage-for-new-york-fashion-week-fall-winter-2025-season.jpg?s=594x594&w=gi&k=20&c=TI0hnX66mmbOqSiCyT5VHX62a-IfQ4qMSNsfX-Z691k=
Sydney Fashion Week backstage 2025,data/latest/images/Sydney_Fashion_Week_backstage_2025_bf809a342974b80c.webp,https://api.photon.aremedia.net.au/wp-content/uploads/sites/5/2025/11/copy-of-copy-of-header-heatwave-9-690d672bd58d0.jpg
Sydney Fashion Week backstage 2025,data/latest/images/Sydney_Fashion_Week_backstage_2025_8fadd33f3a6752d8.jpg,https://lookaside.instagram.com/seo/google_widget/crawler/?media_id=3760921461646392088
Sydney Fashion Week backstage 2025,data/latest/images/Sydney_Fashion_Week_backstage_2025_7859768bba6795d4.jpg,https://media.gettyimages.com/id/2238974913/photo/backstage-at-the-valentino-fashion-show-as-part-of-spring-summer-2026-paris-fashion-week-on.jpg?s=612x612&w=gi&k=20&c=glBSH-bIMAFNROt9Y1_ugL4K-L7_8UVEfZwVSoNHEWU=
Sydney Fashion Week backstage 2025,data/latest/images/Sydney_Fashion_Week_backstage_2025_ee4dc72b04193b07.jpg,https://lookaside.instagram.com/seo/google_widget/crawler/?media_id=3760921461646407465
Sydney Fashion Week backstage 2025,data/latest/images/Sydney_Fashion_Week_backstage_2025_3608a65a3fc46b44.jpg,https://lookaside.instagram.com/seo/google_widget/crawler/?media_id=3760921461646406801
Sydney Fashion Week backstage 2025,data/latest/images/Sydney_Fashion_Week_backstage_2025_81179ebb92826b2e.jpg,https://lookaside.instagram.com/seo/google_widget/crawler/?media_id=3760921461822528627
Sydney Fashion Week backstage 2025,data/latest/images/Sydney_Fashion_Week_backstage_2025_a4cf054f6e03db9b.jpg,https://lookaside.instagram.com/seo/google_widget/crawler/?media_id=3760921461780639887
Sydney Fashion Week backstage 2025,data/latest/images/Sydney_Fashion_Week_backstage_2025_6e5ab3f2e5f8367d.jpg,https://s.yimg.com/ny/api/res/1.2/GH.aQ4jSSZ8TVQY7FUL47g--/YXBwaWQ9aGlnaGxhbmRlcjt3PTY0MDtoPTk2MA--/https://media.zenfs.com/en/aol_elle_846/da57cfdf4e05613da472723e53faada3
Sydney Fashion Week backstage 2025,data/latest/images/Sydney_Fashion_Week_backstage_2025_21554ac39c767034.jpg,https://media.gettyimages.com/id/2238971734/photo/backstage-at-the-valentino-fashion-show-as-part-of-spring-summer-2026-paris-fashion-week-on.jpg?s=612x612&w=gi&k=20&c=CdK_WXi5Zl0yROLZhFg0sC39hiO5pNML5cqtObumaC0=
Sydney Fashion Week backstage 2025,data/latest/images/Sydney_Fashion_Week_backstage_2025_61d43b7b8affdb8d.jpg,https://i.ytimg.com/vi/pXVV9itMsGQ/sddefault.jpg
Sydney Fashion Week backstage 2025,data/latest/images/Sydney_Fashion_Week_backstage_2025_54d7a86c10f703aa.png,https://d.ibtimes.co.uk/en/full/1767205/miss-universe-2025-delegates-phuket-thailand.png?w=1600&h=1600&q=88&f=3b9d65887eec633cd3e5359cc2cfece6
Sydney Fashion Week backstage 2025,data/latest/images/Sydney_Fashion_Week_backstage_2025_6d0de2511aea133d.jpg,https://s.yimg.com/ny/api/res/1.2/3MyE3LQWL3._FID1dtk4Hg--/YXBwaWQ9aGlnaGxhbmRlcjt3PTY0MDtoPTk2MA--/https://media.zenfs.com/en/aol_people_articles_471/fbc6983db17884cfbaa00d1ab8701be2
Sydney Fashion Week backstage 2025,data/latest/images/Sydney_Fashion_Week_backstage_2025_6a13cb5fa6034418.jpg,https://i.ytimg.com/vi/z3ANyYjTp6c/hq720.jpg?sqp=-oaymwEhCK4FEIIDSFryq4qpAxMIARUAAAAAGAElAADIQj0AgKJD&rs=AOn4CLCTTqnAJ7s1k4-cTv7fDGPiewGjFw
Sydney Fashion Week backstage 2025,data/latest/images/Sydney_Fashion_Week_backstage_2025_3d6cddf1b080e5df.webp,https://api.photon.aremedia.net.au/wp-content/uploads/sites/5/2025/05/untitled-design-21-6822b05ceefeb.jpg?resize=1920%2C1080
Sydney Fashion Week backstage 2025,data/latest/images/Sydney_Fashion_Week_backstage_2025_5852b91b4dd1c4d8.webp,https://api.photon.aremedia.net.au/wp-content/uploads/sites/5/2025/05/copy-of-site-horizontal-2025-05-20t103227.060-682bcfcae98fc.jpg?resize=1920%2C1080
Sydney Fashion Week backstage 2025,data/latest/images/Sydney_Fashion_Week_backstage_2025_8ea6a3a72bd547b9.jpg,https://content.api.news/v3/images/bin/017f54f7ca03db979b55a730fbd3a898
Sydney Fashion Week backstage 2025,data/latest/images/Sydney_Fashion_Week_backstage_2025_92f2f30eaa3d4c27.jpg,https://celebmafia.com/wp-content/uploads/2025/11/sydney-sweeney-in-corset-dress-at-the-late-show-appearance-2025-3.jpg
Sydney Fashion Week backstage 2025,data/latest/images/Sydney_Fashion_Week_backstage_2025_82ae5c7d9223c0a0.jpg,https://wwd.com/wp-content/uploads/2025/03/Balmain-Spring-2026-RTW-R-GG-26.jpg?w=800
Sydney Fashion Week backstage 2025,data/latest/images/Sydney_Fashion_Week_backstage_2025_011e44d90feeb085.jpg,https://wwd.com/wp-content/uploads/2025/11/SA_M1373.jpg
Sydney Fashion Week backstage 2025,data/latest/images/Sydney_Fashion_Week_backstage_2025_d797656057142ca7.webp,https://api.photon.aremedia.net.au/wp-content/uploads/sites/8/2025/09/zambesi-1-68b4e96f1df90.jpg?resize=1920%2C1600
Sydney Fashion Week backstage 2025,data/latest/images/Sydney_Fashion_Week_backstage_2025_4b0a3c97a1be7b9d.jpg,https://static.ffx.io/images/$zoom_1.0347%2C$multiply_0.7554%2C$ratio_1.777778%2C$width_1059%2C$x_0%2C$y_0/t_crop_custom/q_86%2Cf_auto/t_metro_no_label_social_wm/l_text:PT%20Sans_25_bold_italic:%20from%20%2Cg_north_west%2Cy_7%2Cx_30%2Cco_rgb:0a1633/l_text:AbrilTitling-Bold.ttf_55:%202022%20%2Cg_north_west%2Cy_32%2Cx_20%2Cco_rgb:0a1633/e10e6570c8da15c5ac96a78eeb1f8c44160b83f5
Sydney Fashion Week backstage 2025,data/latest/images/Sydney_Fashion_Week_backstage_2025_bf8cb0463d572b3c.webp,https://api.photon.aremedia.net.au/wp-content/uploads/sites/5/2025/11/copy-of-mc-site-header-3-pics-horizontal-1-690d6312ad0a8.jpg
Sydney Fashion Week backstage 2025,data/latest/images/Sydney_Fashion_Week_backstage_2025_b4bd35b7aea3c099.jpg,https://blogger.googleusercontent.com/img/a/AVvXsEiVXROIbWxQtc5pmSxBJpzxbr9V1sb-wry9JLvECFq36jFZqUYk-SaCCwxpqB2Cq0hEJWUYYCIYTUBqqfX6E9Loc3CXvhEaKRUydL8BpfC_i_z7KpMo0ZU2KBCWmFyHUbsW_Mxb3fjVt9qimd_lAwdz1Iu7KCkBzkT6T1ihRV60gmD4mqu9oq4aR7geGfk=s1044
Sydney Fashion Week backstage 2025,data/latest/images/Sydney_Fashion_Week_backstage_2025_4f0079f82f4e163c.jpg,https://wwd.com/wp-content/uploads/2025/11/SA_M1373.jpg?crop=0px%2C67px%2C800px%2C447px&resize=1000%2C563
Sydney Fashion Week backstage 2025,data/latest/images/Sydney_Fashion_Week_backstage_2025_6f85ce93d0e9ab70.jpg,"https://hips.hearstapps.com/hmg-prod/images/florence-pugh-backstage-at-the-harris-reed-aw25-show-during-news-photo-1740129452.pjpeg?crop=1xw:0.39094xh;0.296xw,0.129xh"
Sydney Fashion Week backstage 2025,data/latest/images/Sydney_Fashion_Week_backstage_2025_8aef9918c836cd3c.jpg,https://thegriff.ca/wp-content/uploads/2025/11/WINNICKY_10_18_25_Lecky-Fashion-Show3-1024x683.jpg
Sydney Fashion Week backstage 2025,data/latest/images/Sydney_Fashion_Week_backstage_2025_e867a0b63229a9e7.jpg,https://c8.alamy.com/comp/3CP3A5M/paul-costelloe-runway-show-london-fashion-week-2025-freemasons-hall-london-a-vibrant-collection-inspired-by-1960s-elegance-and-british-charm-fi-3CP3A5M.jpg
Sydney Fashion Week backstage 2025,data/latest/images/Sydney_Fashion_Week_backstage_2025_c3af3cd7252e1284.png,https://www.thefashionspot.com/wp-content/uploads/sites/11/2025/03/schiaparelli-fall25-collection-featured.png?w=1024
Sydney Fashion Week backstage 2025,data/latest/images/Sydney_Fashion_Week_backstage_2025_2d0c023476b889b6.jpg,https://s.yimg.com/ny/api/res/1.2/ufght2OPdFn8Q7cp4Lm3eA--/YXBwaWQ9aGlnaGxhbmRlcjt3PTY0MDtoPTk2MA--/https://media.zenfs.com/en/aol_harper_s_bazaar_298/2635a61a8202af44d5173ab57a27f607
Sydney Fashion Week backstage 2025,data/latest/images/Sydney_Fashion_Week_backstage_2025_ed288d79cd402962.jpg,https://www.reuters.com/resizer/v2/J2I332ICLJHQFEEWBJL476VCH4.jpeg?auth=f43eb1380fad06d8a23bc83b76463880208fb26a2631622dfa9d39f46cb75a34&width=1200&quality=80
Sydney Fashion Week backstage 2025,data/latest/images/Sydney_Fashion_Week_backstage_2025_6a5716916d0a6a07.jpg,https://s.yimg.com/ny/api/res/1.2/WEeawpe8weQ.RkrFoDb.Ow--/YXBwaWQ9aGlnaGxhbmRlcjt3PTY0MDtoPTk2MA--/https://media.zenfs.com/en/aol_elle_846/459b0775601f0b566dcc08952d16d19e
Sydney Fashion Week backstage 2025,data/latest/images/Sydney_Fashion_Week_backstage_2025_ef0a291e8df6a48d.jpg,https://variety.com/wp-content/uploads/2025/11/GettyImages-2245760481_ae8f0b.jpg?w=683
Sydney Fashion Week backstage 2025,data/latest/images/Sydney_Fashion_Week_backstage_2025_66201eae578cf136.jpg,https://s.yimg.com/ny/api/res/1.2/_4N80piScfsWf8UF9XLrEw--/YXBwaWQ9aGlnaGxhbmRlcjt3PTY0MDtoPTk2MA--/https://media.zenfs.com/en/aol_harper_s_bazaar_298/4450654547da929a1d90493751c6d195
Sydney Fashion Week backstage 2025,data/latest/images/Sydney_Fashion_Week_backstage_2025_aca3abdf9c426f7d.png,https://www.netinfluencer.com/wp-content/uploads/2025/11/creators-in-fashion-how-amy-roberts-theorist-brought-a-shoppable-runway-to-vidsummit-20251106_151700-a42eee.png
Sydney Fashion Week backstage 2025,data/latest/images/Sydney_Fashion_Week_backstage_2025_f1ed4bf3912a8b12.webp,https://thegriff.ca/wp-content/uploads/2025/11/WINNICKY_FashionShow_FeatureImage.webp
Sydney Fashion Week backstage 2025,data/latest/images/Sydney_Fashion_Week_backstage_2025_79e0dff799c0ef81.jpg,https://content.api.news/v3/images/bin/5abd7c76d658a2077b121dcd8c39ffb3
Sydney Fashion Week backstage 2025,data/latest/images/Sydney_Fashion_Week_backstage_2025_5e005904a5f96691.jpg,https://thegriff.ca/wp-content/uploads/2025/11/WINNICKY_10_18_25_Lecky-Fashion-Show5-1-683x1024.jpg
Sydney Fashion Week backstage 2025,data/latest/images/Sydney_Fashion_Week_backstage_2025_3232893caef56974.jpg,http://fashionphotographymelbourne.com.au/wp-content/uploads/2025/10/MFW25_EmporiumRunway_KARENWOO_0056.jpg
Sydney Fashion Week backstage 2025,data/latest/images/Sydney_Fashion_Week_backstage_2025_091234a9c9866d36.jpg,https://beautydirectory.s3-ap-southeast-2.amazonaws.com/s3fs-public/styles/bd_rec__358x343_/public/articles/goldwell-header_0.jpg?itok=AQWx4b_G
Sydney Fashion Week backstage 2025,data/latest/images/Sydney_Fashion_Week_backstage_2025_d862692716d8c746.jpg,https://blogger.googleusercontent.com/img/b/R29vZ2xl/AVvXsEiNf3bJN3PRQbWQcjlkJAYx8N_FDnaB-2GtwjEKQ5BsOtw2jQCTPg7ekv0wBf8epZ26063qJ_Fmb5W0yR170lrZb1Y0e3sg6qQA7xkvy0HPlYehc6D2LKaIHIiOHf6ILx259ClxBCf8EQBNybiUGw3FQ_k1P_T4gWs84-lItq_mX37am4JezHANQLgiz_s/s16000/DESIGN%20ART%20MODA%20MAGAZINE%20DAM%20PFW%20SS26%20SHIATZY%20CHEN%20PARIS%20JAYZOO%2017%20%20WHITE%20700.jpg
Sydney Fashion Week backstage 2025,data/latest/images/Sydney_Fashion_Week_backstage_2025_ce69053eb3a0c371.jpg,https://c8.alamy.com/comp/3CP12Y8/sprayground-runway-show-london-fashion-week-2025-freemasons-hall-london-streetwear-luxury-meets-urban-creativity-in-an-energetic-collection-3CP12Y8.jpg
Sydney Fashion Week backstage 2025,data/latest/images/Sydney_Fashion_Week_backstage_2025_7c9474173fc5795b.jpg,https://content.api.news/v3/images/bin/139f1e978dc7421cb9de3ea3d57c0c80
Sydney Fashion Week backstage 2025,data/latest/images/Sydney_Fashion_Week_backstage_2025_c3168ff2b6d143be.jpg,http://fashionphotographymelbourne.com.au/wp-content/uploads/2025/10/1000_MFW25_LittleBourke_EventCoverage_ChromaticTimesAidanMcCorry-71.jpg
Sydney Fashion Week backstage 2025,data/latest/images/Sydney_Fashion_Week_backstage_2025_ab9c8c52f28a4731.jpg,https://content.api.news/v3/images/bin/53a058effe2f5141d315da850c81b5e1
Sydney Fashion Week backstage 2025,data/latest/images/Sydney_Fashion_Week_backstage_2025_c7259444cf2e2dfd.jpg,https://content.api.news/v3/images/bin/88e33d9365d1105134edceca007a3a2a
lookbook fashion 2026,data/latest/images/lookbook_fashion_2026_2becfc15fa0b16c8.jpg,https://wwd.com/wp-content/uploads/2025/10/the-row-spring-26-r-ctsy-031.jpeg?crop=0px%2C622px%2C1365px%2C763px&resize=1000%2C563
lookbook fashion 2026,data/latest/images/lookbook_fashion_2026_e0dc0fb31f059346.jpg,https://static.kendam.com/photos/full/68311f0aa2f673ea1655fd5b8d134497_4639.jpg
lookbook fashion 2026,data/latest/images/lookbook_fashion_2026_680a4c5e6b71e126.jpg,https://i.ytimg.com/vi/KC2DhX97uxo/hq720.jpg?sqp=-oaymwEhCK4FEIIDSFryq4qpAxMIARUAAAAAGAElAADIQj0AgKJD&rs=AOn4CLCwhOXAWfDh7YQJQSxWaIgnHkLORQ
lookbook fashion 2026,data/latest/images/lookbook_fashion_2026_82869d0d8d45dcdf.jpg,https://static.kendam.com/photos/300/tn300_228d3caf10e68f9f82a84a80285bce6e_5411.jpg
lookbook fashion 2026,data/latest/images/lookbook_fashion_2026_1417e310487e4172.jpg,https://i.ytimg.com/vi/G7RXAFAVL04/hq720.jpg?sqp=-oaymwEhCK4FEIIDSFryq4qpAxMIARUAAAAAGAElAADIQj0AgKJD&rs=AOn4CLA3SHr9t3tlO6qlQSybVmsZ4Cb56Q
lookbook fashion 2026,data/latest/images/lookbook_fashion_2026_e5a29d8139b1b87c.jpg,https://static.kendam.com/photos/full/f065c1906d36885a57bc1b76858a193c_5411.jpg
lookbook fashion 2026,data/latest/images/lookbook_fashion_2026_db1df0f845b1b587.jpg,https://static.kendam.com/photos/full/07c4b1a31f3cb244f908a607b5eb8d06_4798.jpg
lookbook fashion 2026,data/latest/images/lookbook_fashion_2026_75710e8d2ca2b697.jpg,https://static.kendam.com/photos/full/d9db434f9dbf067bf94d170fed6ed3b1_5145.jpg
lookbook fashion 2026,data/latest/images/lookbook_fashion_2026_859958960293d00c.jpg,https://www.denimjeansobserver.com/mag/designer-denim-jeans-fashion/2026/ss/brands-a/anrealage-2026-spring-summer-womens-paris-fashion-week-heralbony-robotics-curved-wired-draped-04.jpg
lookbook fashion 2026,data/latest/images/lookbook_fashion_2026_f4c0ddba43e150ec.jpg,https://www.denimjeansobserver.com/mag/designer-denim-jeans-fashion/2026/ss/brands-a/anrealage-2026-spring-summer-womens-paris-fashion-week-heralbony-robotics-curved-wired-draped-05.jpg
lookbook fashion 2026,data/latest/images/lookbook_fashion_2026_e3da96fd295df647.jpg,https://www.denimjeansobserver.com/mag/designer-denim-jeans-fashion/2026/ss/brands-a/anrealage-2026-spring-summer-womens-paris-fashion-week-heralbony-robotics-curved-wired-draped-03.jpg
lookbook fashion 2026,data/latest/images/lookbook_fashion_2026_fda7c9444dabcba9.jpg,https://s.yimg.com/ny/api/res/1.2/P_ORbtnmEkkq0Dn04Nu0ww--/YXBwaWQ9aGlnaGxhbmRlcjt3PTY0MDtoPTk2MA--/https://media.zenfs.com/en/elle_ecomm_articles_938/38ef4c0b9ec6099314191220a9697221
lookbook fashion 2026,data/latest/images/lookbook_fashion_2026_4dc386aa674b1d72.jpg,https://www.denimjeansobserver.com/mag/designer-denim-jeans-fashion/2026/ss/brands-a/anrealage-2026-spring-summer-womens-paris-fashion-week-heralbony-robotics-curved-wired-draped-00.jpg
lookbook fashion 2026,data/latest/images/lookbook_fashion_2026_7c8c266b0d1460da.jpg,https://www.denimjeansobserver.com/mag/designer-denim-jeans-fashion/2026/ss/brands-a/anrealage-2026-spring-summer-womens-paris-fashion-week-heralbony-robotics-curved-wired-draped-01.jpg
lookbook fashion 2026,data/latest/images/lookbook_fashion_2026_555dfdf6c3dba6bf.jpg,https://lookaside.instagram.com/seo/google_widget/crawler/?media_id=3758654782865739826
lookbook fashion 2026,data/latest/images/lookbook_fashion_2026_ec8f5a683f2696fa.jpg,https://s.yimg.com/ny/api/res/1.2/j0ZjeBHnwHHLCOXv8ZKm3A--/YXBwaWQ9aGlnaGxhbmRlcjt3PTY0MDtoPTMyMA--/https://media.zenfs.com/en/elle_ecomm_articles_938/77cc1bd5c1a25498048168db73d5a7b0
lookbook fashion 2026,data/latest/images/lookbook_fashion_2026_d5ef83720db0aeb9.jpg,https://wwd.com/wp-content/uploads/2025/09/bottega-veneta-ss26-rtw-r-gg-0144.jpg?w=800
lookbook fashion 2026,data/latest/images/lookbook_fashion_2026_0313f57ca2175c67.jpg,https://lookaside.instagram.com/seo/google_widget/crawler/?media_id=3758654782874171527
lookbook fashion 2026,data/latest/images/lookbook_fashion_2026_dac17ad634f0ee16.jpg,https://lookaside.instagram.com/seo/google_widget/crawler/?media_id=3757491545734706395
lookbook fashion 2026,data/latest/images/lookbook_fashion_2026_2ecbc2e608d86ca1.jpg,https://s.yimg.com/ny/api/res/1.2/eGO7hvW4lgMWzO64i.16bQ--/YXBwaWQ9aGlnaGxhbmRlcjt3PTY0MDtoPTk2MA--/https://media.zenfs.com/en/elle_ecomm_articles_938/ab2c114b5ba288f24d338fcb6439962a
lookbook fashion 2026,data/latest/images/lookbook_fashion_2026_815541dd21d7038c.jpg,https://www.schiaparelli.com/img/collections/produits/2025/10/schiaparelli-RTWSS26-1977-68e67708bf786-big.jpeg?frz-v=140
lookbook fashion 2026,data/latest/images/lookbook_fashion_2026_d127043d79d55549.jpg,https://www.schiaparelli.com/img/collections/produits/2025/10/schiaparelli-RTWSS26-2008-68e67b52bfd64-big.jpeg?frz-v=140
lookbook fashion 2026,data/latest/images/lookbook_fashion_2026_bb9fcd8e038fa4f5.jpg,https://s.yimg.com/ny/api/res/1.2/73T1hX0HLRz78jYwJVcMZA--/YXBwaWQ9aGlnaGxhbmRlcjt3PTY0MDtoPTk2MA--/https://media.zenfs.com/en/elle_ecomm_articles_938/f08895ed71c0aa1e6814f9eda5c7aead
lookbook fashion 2026,data/latest/images/lookbook_fashion_2026_a750565042ae4c9f.jpg,https://i.ytimg.com/vi/1O5ihqyDByM/hq720.jpg?sqp=-oaymwEhCK4FEIIDSFryq4qpAxMIARUAAAAAGAElAADIQj0AgKJD&rs=AOn4CLBhAyS_ecSOyG0Mnya5On1i04afLA
lookbook fashion 2026,data/latest/images/lookbook_fashion_2026_83832051011654d4.jpg,https://assets.vogue.com/photos/6850342b5f365ab3db8c71a9/master/w_2560%2Cc_limit/PITTI-CHEAT-SHEET-STORY.jpg
lookbook fashion 2026,data/latest/images/lookbook_fashion_2026_f8b14318fdf58ecd.jpg,https://seoultrad.com/wp-content/uploads/2025/10/aime-leon-dore-ivy-style-2026.jpg
lookbook fashion 2026,data/latest/images/lookbook_fashion_2026_6ab3641895e7c960.jpg,https://lookaside.instagram.com/seo/google_widget/crawler/?media_id=3761383580842057891
lookbook fashion 2026,data/latest/images/lookbook_fashion_2026_f2247eeb1cb0a393.jpg,"https://hips.hearstapps.com/hmg-prod/images/fashion-trends-ss26-68fbaee27caa1.jpg?crop=0.502xw:1.00xh;0.250xw,0&resize=360:*"
lookbook fashion 2026,data/latest/images/lookbook_fashion_2026_bb9a53128f2d5ac6.jpg,https://assets.vogue.com/photos/685560f25a5d91d097c39ca7/master/w_2560%2Cc_limit/PARIS-CHEAT-SHEET-STORY.jpg
lookbook fashion 2026,data/latest/images/lookbook_fashion_2026_a2b3509ae54587bd.webp,https://media.nowfashion.com/wp-content/uploads/2025/10/Maison-Margiela-Ready-To-Wear-Spring-Summer-2026-Paris-Fashion-Week-Runway-001.jpg
lookbook fashion 2026,data/latest/images/lookbook_fashion_2026_9619067c7648e18d.jpg,https://i.ytimg.com/vi/f3Rh6AToy3w/hq720.jpg?sqp=-oaymwEhCK4FEIIDSFryq4qpAxMIARUAAAAAGAElAADIQj0AgKJD&rs=AOn4CLCegCQnmXsmKSllkAxmrCpLusayWw
lookbook fashion 2026,data/latest/images/lookbook_fashion_2026_4d1cf245b7bba47d.jpg,https://assets.vogue.com/photos/6908799cb3da96f90ddf2bf3/master/w_1280%2Cc_limit/00001-oshobor-spring-2026-ready-to-wear-lagos-credit-brand.jpg
lookbook fashion 2026,data/latest/images/lookbook_fashion_2026_57bb4a194c1db3b7.jpg,https://lookaside.instagram.com/seo/google_widget/crawler/?media_id=3758931415174880890
lookbook fashion 2026,data/latest/images/lookbook_fashion_2026_6173be83f069e1c5.jpg,https://hips.hearstapps.com/hmg-prod/images/ss26-jewelry-68fba71ed32de.jpg
lookbook fashion 2026,data/latest/images/lookbook_fashion_2026_235b8b5dbebdb5b0.jpg,https://www.schiaparelli.com/img/collections/produits/2025/10/schiaparelli-RTWSS26-1966-68e677a390d9b-big.jpeg?frz-v=140
lookbook fashion 2026,data/latest/images/lookbook_fashion_2026_031d82c864dc9710.jpg,https://www.oscarhunt.com.au/cdn/shop/files/Back_to_Work_Jan_01_1_1_6b88c142-db27-4f03-a417-b356c6f6a1d6.jpg?v=1762194508&width=1500
lookbook fashion 2026,data/latest/images/lookbook_fashion_2026_578ed510e430a11c.jpg,https://www.oscarhunt.com.au/cdn/shop/files/Back_to_Work_January_4_ac6137d9-6573-430d-9912-53ee3ceb0986.jpg?v=1762195220
lookbook fashion 2026,data/latest/images/lookbook_fashion_2026_2762e5dc1e208baa.jpg,https://media.licdn.com/dms/image/v2/D4E22AQEsIzvNGaksuA/feedshare-shrink_800/B4EZpTSs1hKcAg-/0/1762334003582?e=2147483647&v=beta&t=9ZWMrDwgroSlThBaTf4lytJTvVBn7QhpI1DAW6BWwoY
lookbook fashion 2026,data/latest/images/lookbook_fashion_2026_4d2b11835f02057f.png,https://jingdaily.com/_next/image?url=https%3A%2F%2Fcdn.sanity.io%2Fimages%2Ff8lauh0h%2Fproduction%2F7d4b04a6a69322088aa4fa86f625b8b446c77444-2096x1346.png%3Fq%3D95%26fit%3Dmax%26auto%3Dformat&w=3840&q=95
lookbook fashion 2026,data/latest/images/lookbook_fashion_2026_b38c18950d6ea51c.jpg,https://www.viviennewestwood.com/dw/image/v2/BJGV_PRD/on/demandware.static/-/Library-Sites-viviennewestwood-global-content/default/dw61ec2e16/images/clp-bridal/Couture/2026/Couture_2026_BALLERINA_3.jpg?sw=960&sh=1200&q=80
lookbook fashion 2026,data/latest/images/lookbook_fashion_2026_c00cf16e5be5bb3a.jpg,https://assets.vogue.com/photos/6909ede73dda481b04df2554/master/w_1280%2Cc_limit/00001-orange-culture-spring-2026-ready-to-wear-lagos-credit-brand.JPG
lookbook fashion 2026,data/latest/images/lookbook_fashion_2026_3921efc751ade2f1.jpg,https://lookbook.paris/wp-content/uploads/2025/11/NOVEMBER-202514-594x710.jpg
lookbook fashion 2026,data/latest/images/lookbook_fashion_2026_8876268cd69d1115.jpg,https://moniquelhuillier.com/cdn/shop/files/MoniqueLhuillierSpring2026.Look06.jpg?v=1761594618&width=533
lookbook fashion 2026,data/latest/images/lookbook_fashion_2026_a9af25a6ea5215e3.jpg,https://i.pinimg.com/736x/05/a8/85/05a885446c0b98f8beb668a9aa65d5b4.jpg
lookbook fashion 2026,data/latest/images/lookbook_fashion_2026_9ff5179314c95cd7.jpg,https://r.fashionunited.com/yug_nZ9BP0VkedXDP_3nyTAp9k3tVej9eM-FkDWjz0s/resize:fill:1164:0:0/gravity:ce/quality:70/aHR0cHM6Ly9mYXNoaW9udW5pdGVkLmNvbS9pbWcvdXBsb2FkLzIwMjUvMTAvMDYvYmFsZW5jaWFnYS1waWVycGFvbG8tcGljY2lvbGktc3MyNi03LW05b3pieXc0LTIwMjUtMTAtMDYuanBlZw
lookbook fashion 2026,data/latest/images/lookbook_fashion_2026_27b08b9917680492.webp,https://images.squarespace-cdn.com/content/v1/655e894dc7e75575acd30e24/1758645947202-E8N7ZLQFGBUX55VY3ER9/00022-gucci-spring-2026-ready-to-wear-credit-brand.jpg.webp
lookbook fashion 2026,data/latest/images/lookbook_fashion_2026_6a12d05fafd6dea7.jpg,https://fashionweekonline.com/wp-content/uploads/2021/09/Head-of-State-_-David-Gannon-_Featured-1000x580.jpg
London Fashion Week street style 2025,data/latest/images/London_Fashion_Week_street_style_2025_344ad51768233e62.jpg,https://i.ytimg.com/vi/8QRWCXEryi8/maxresdefault.jpg
London Fashion Week street style 2025,data/latest/images/London_Fashion_Week_street_style_2025_a07afa47561b35da.jpg,https://i.ytimg.com/vi/7VYxda5H6D8/hq720.jpg?sqp=-oaymwEhCK4FEIIDSFryq4qpAxMIARUAAAAAGAElAADIQj0AgKJD&rs=AOn4CLD4muo0IXJR-9RajOunJS2AFDSuOg
London Fashion Week street style 2025,data/latest/images/London_Fashion_Week_street_style_2025_eb6ea280ef3a647b.jpg,https://cdn.mos.cms.futurecdn.net/uELvZpwZzEnnCrtdVWtq4M.jpg
London Fashion Week street style 2025,data/latest/images/London_Fashion_Week_street_style_2025_b80b4125ec0473ed.jpg,https://i.ytimg.com/vi/f1T1Usm4T_0/hq720.jpg?sqp=-oaymwEhCK4FEIIDSFryq4qpAxMIARUAAAAAGAElAADIQj0AgKJD&rs=AOn4CLDhwDSjzqKNRG99S1-e_ZBwH6-8XQ
London Fashion Week street style 2025,data/latest/images/London_Fashion_Week_street_style_2025_703b55a828b99c95.jpg,https://i.ytimg.com/vi/GRsJFJ-f2Bs/sddefault.jpg
London Fashion Week street style 2025,data/latest/images/London_Fashion_Week_street_style_2025_a27eaac5f7bd719f.jpg,"https://media.vogue.co.uk/photos/6908d303e7e1a147db5caccf/16:9/w_1280,c_limit/LAGOSFASHIONWEEK2025_STREETSTYLE_DAY3_STEPHENTAYO_002.jpg"
London Fashion Week street style 2025,data/latest/images/London_Fashion_Week_street_style_2025_58a6ff46c8cee101.jpg,https://media.vogue.co.uk/photos/6908d303e7e1a147db5caccf/1:1/w_1600%2Cc_limit/LAGOSFASHIONWEEK2025_STREETSTYLE_DAY3_STEPHENTAYO_002.jpg
London Fashion Week street style 2025,data/latest/images/London_Fashion_Week_street_style_2025_bf4833d2fed1bd85.png,"https://hips.hearstapps.com/hmg-prod/images/chocolate-brown-styling-690c8361f375c.png?crop=0.486xw:0.731xh;0.248xw,0.0160xh&resize=768:*"
London Fashion Week street style 2025,data/latest/images/London_Fashion_Week_street_style_2025_bb9c5343254c7184.jpg,https://hips.hearstapps.com/hmg-prod/images/guest-wearing-black-and-yellow-stripped-polo-shirt-dress-news-photo-1758794883.pjpeg?resize=980:*
London Fashion Week street style 2025,data/latest/images/London_Fashion_Week_street_style_2025_14dced0f7afb2c34.jpg,https://assets.vogue.com/photos/67eeb8f54e5f745b10d66bde/master/w_2560%2Cc_limit/LFW-MENS-STORY.jpg
London Fashion Week street style 2025,data/latest/images/London_Fashion_Week_street_style_2025_4c93978b3d71964a.jpg,https://hips.hearstapps.com/hmg-prod/images/tamu-mcpherson-wears-mustard-corduroy-coat-beige-hermes-bag-news-photo-1762380477.pjpeg?resize=980:*
London Fashion Week street style 2025,data/latest/images/London_Fashion_Week_street_style_2025_a9ba02e0fb382591.jpg,https://lookaside.instagram.com/seo/google_widget/crawler/?media_id=3762018722853210804
London Fashion Week street style 2025,data/latest/images/London_Fashion_Week_street_style_2025_70871299429fd5c2.jpg,https://lookaside.instagram.com/seo/google_widget/crawler/?media_id=3758630017731984895
London Fashion Week street style 2025,data/latest/images/London_Fashion_Week_street_style_2025_0f931a8995eb4afd.jpg,https://hips.hearstapps.com/hmg-prod/images/guest-wears-short-blonde-bob-with-a-center-part-oversized-news-photo-1762380522.pjpeg?resize=980:*
London Fashion Week street style 2025,data/latest/images/London_Fashion_Week_street_style_2025_155ed4876e415e58.webp,https://api.photon.aremedia.net.au/wp-content/uploads/sites/6/2025/09/london-fashion-week-street-style-2025-10-68d0d4797b45f.jpg?fit=576%2C1024&resize=1080%2C1920
London Fashion Week street style 2025,data/latest/images/London_Fashion_Week_street_style_2025_270e3cd468168eb8.jpg,https://hips.hearstapps.com/hmg-prod/images/london-street-style-65d34f7ed07bb.jpg
London Fashion Week street style 2025,data/latest/images/London_Fashion_Week_street_style_2025_c0672fa767f4d218.webp,https://api.photon.aremedia.net.au/wp-content/uploads/sites/6/2025/09/london-fashion-week-street-style-2025-3-68d0d47c7a5e6.jpg?fit=576%2C1024&resize=1080%2C1920
London Fashion Week street style 2025,data/latest/images/London_Fashion_Week_street_style_2025_5cc534d91fbb993d.jpg,"https://assets.vogue.com/photos/690a72ebdcb6026e12157569/16:9/w_1280,c_limit/LAGOSFASHIONWEEK2025_STREETSTYLE_DAY4_STEPHENTAYO_017.jpg"
London Fashion Week street style 2025,data/latest/images/London_Fashion_Week_street_style_2025_d6b4fc79c8fd1341.webp,https://api.photon.aremedia.net.au/wp-content/uploads/sites/6/2025/09/london-fashion-week-street-style-1-68d0d758c2cad.jpg?fit=576%2C1024&resize=1080%2C1920
London Fashion Week street style 2025,data/latest/images/London_Fashion_Week_street_style_2025_96757aab6cb415c1.webp,https://api.photon.aremedia.net.au/wp-content/uploads/sites/5/2025/02/6-67bbd8c6053a2.jpg?resize=650%2C1156
London Fashion Week street style 2025,data/latest/images/London_Fashion_Week_street_style_2025_9599cd681b0276ca.webp,https://api.photon.aremedia.net.au/wp-content/uploads/sites/5/2025/02/5-67bbd8c57c62e.jpg?resize=650%2C1156
London Fashion Week street style 2025,data/latest/images/London_Fashion_Week_street_style_2025_ee86c2021216e979.jpg,https://media.gettyimages.com/id/2236248327/nl/foto/streetstyle-during-london-rtw-spring-fashion-week-2026-on-september-21-2025-in-london-united.jpg?s=612x612&w=gi&k=20&c=AvHTFLym4Zn45PiXef8Z7khoqKI5Q1VZxJ7qm7Rx5Kk=
London Fashion Week street style 2025,data/latest/images/London_Fashion_Week_street_style_2025_fdecac63b189dbda.jpg,https://fashionista.com/.image/ar_16:9%2Cc_fill%2Ccs_srgb%2Cfl_progressive%2Cg_faces:center%2Cq_auto:good%2Cw_620/MjA0MjA5MzYyNTA2MzYwNzE3/street-style-february-2024-trends.jpg
London Fashion Week street style 2025,data/latest/images/London_Fashion_Week_street_style_2025_55605df56e24e451.jpg,https://media.gettyimages.com/id/2236248264/nl/foto/streetstyle-during-london-rtw-spring-fashion-week-2026-on-september-21-2025-in-london-united.jpg?s=594x594&w=gi&k=20&c=HvyK4NjFV_vPML1oGKUx-2kwmYRDHYgUX3Joz1ygeWM=
London Fashion Week street style 2025,data/latest/images/London_Fashion_Week_street_style_2025_d48d089933c55a61.jpg,https://theedwardhotel.co.uk/wp-content/uploads/2024/01/London-Fashion-Week-1024x576.jpg
London Fashion Week street style 2025,data/latest/images/London_Fashion_Week_street_style_2025_75b5f0d63b7d5ce0.jpg,https://fashionista.com/.image/ar_16:9%2Cc_fill%2Ccs_srgb%2Cfl_progressive%2Cg_xy_center%2Cq_auto:good%2Cw_620%2Cx_1900%2Cy_3124/MjAwNjE1NTU1MDYzODgzMTI4/miu-miu-flats-street-style-fashion-week.jpg
London Fashion Week street style 2025,data/latest/images/London_Fashion_Week_street_style_2025_831bc3c8a2a10fec.jpg,https://cdn.mos.cms.futurecdn.net/wnCr2o33WP6KCBmSrret6f.jpg
London Fashion Week street style 2025,data/latest/images/London_Fashion_Week_street_style_2025_cf802b7d0a5240d8.jpg,https://cdn.mos.cms.futurecdn.net/XcmNheUWXwT8K9HTN4pJZZ.jpg
London Fashion Week street style 2025,data/latest/images/London_Fashion_Week_street_style_2025_4d41b77e167f3222.jpg,https://fashionista.com/.image/ar_1:1%2Cc_fill%2Ccs_srgb%2Cfl_progressive%2Cg_faces:center%2Cq_auto:good%2Cw_620/MjE4OTU0MjUzNDAwNTQ5MjAw/olivier-rousteing-exits-balmain.jpg
London Fashion Week street style 2025,data/latest/images/London_Fashion_Week_street_style_2025_1747c5e90d2cbe8e.jpg,https://sourcingjournal.com/wp-content/uploads/2025/10/GettyImages-2241113797_1026f0.jpg?w=390&h=220&crop=1
London Fashion Week street style 2025,data/latest/images/London_Fashion_Week_street_style_2025_2b6ed56c59233593.jpg,https://media.gettyimages.com/id/1160394475/photo/paris-fashion-week-haute-couture-fall-winter-2019-2020-day-four.jpg?s=1024x1024&w=gi&k=20&c=czZINc5_WFFWDV7eiSeRnCgFH2E-sL6wg9fNYfYmKI4=
London Fashion Week street style 2025,data/latest/images/London_Fashion_Week_street_style_2025_bd02abb452abb66c.jpg,https://lookaside.instagram.com/seo/google_widget/crawler/?media_id=3758630017731923132
London Fashion Week street style 2025,data/latest/images/London_Fashion_Week_street_style_2025_d1c406381ec8a694.jpg,https://media.gettyimages.com/id/2236627872/video/london-england-a-guest-wears-a-beige-dress-during-london-fashion-week-on-september-21-2025-in.jpg?s=640x640&k=20&c=PhFx90yPGzWgZbaClVAEDtALQk1bG263lVRatWWjN2M=
London Fashion Week street style 2025,data/latest/images/London_Fashion_Week_street_style_2025_1ad11ef6c816ad9b.jpg,https://images.bauerhosting.com/celebrity/sites/3/2025/11/party-top-jean-hero.jpg?ar=16%3A9&fit=crop&crop=top&auto=format&w=1440&q=80
London Fashion Week street style 2025,data/latest/images/London_Fashion_Week_street_style_2025_e166b8efb4e8a662.jpg,https://cdn.mos.cms.futurecdn.net/XeyJB3QJMe8aeKeGU2ocad.jpg
London Fashion Week street style 2025,data/latest/images/London_Fashion_Week_street_style_2025_276cf07ab6c33ae5.jpg,https://lookaside.instagram.com/seo/google_widget/crawler/?media_id=3758630017731931116
London Fashion Week street style 2025,data/latest/images/London_Fashion_Week_street_style_2025_c8bc2363f15a8e68.jpg,https://fashionista.com/.image/ar_4:3%2Cc_fill%2Ccs_srgb%2Cfl_progressive%2Cq_auto:good%2Cw_1200/MTY2MTQzOTE2NjkxNjk1NTYz/copenhagen-fashion-week-street-style-spring-2020.jpg
London Fashion Week street style 2025,data/latest/images/London_Fashion_Week_street_style_2025_e99b3f0418f41a45.jpg,https://media.gettyimages.com/id/2236622848/photo/london-england-a-guest-wearing-black-jacket-white-dress-outside-erdem-during-london-fashion.jpg?s=612x612&w=gi&k=20&c=OFEp7Av58UTR2c0bizAWIyK0J0n8z6hPZiqCPZA1-DU=
London Fashion Week street style 2025,data/latest/images/London_Fashion_Week_street_style_2025_20a54908da8f82ed.jpg,https://fashionista.com/.image/c_fit%2Ccs_srgb%2Cfl_progressive%2Ch_406%2Cq_auto:good%2Cw_620/MTkyMjM4MTMwODkwNDE3Mzg4/nyfw-street-style-day-1-spring-2023-by-chiaraobscura-25.jpg
London Fashion Week street style 2025,data/latest/images/London_Fashion_Week_street_style_2025_3362b2d8241b0474.jpg,https://lookaside.instagram.com/seo/google_widget/crawler/?media_id=3758720515059149319
London Fashion Week street style 2025,data/latest/images/London_Fashion_Week_street_style_2025_2e94a0e83926ab27.jpg,https://i.ytimg.com/vi/-lLoTidUc0Y/hq720.jpg?sqp=-oaymwEhCK4FEIIDSFryq4qpAxMIARUAAAAAGAElAADIQj0AgKJD&rs=AOn4CLAd1FFhZkGkxtvuY5eHdO1Sze_DOw
London Fashion Week street style 2025,data/latest/images/London_Fashion_Week_street_style_2025_59fe34367f2ef68b.jpg,https://fashionmagazine.mblycdn.com/uploads/fm/2024/09/Milano-str-S25-0131.jpg
London Fashion Week street style 2025,data/latest/images/London_Fashion_Week_street_style_2025_6a11f4b563b2627c.jpg,https://cdn.mos.cms.futurecdn.net/qciRWdctZwmRB6TFfjHK6Q.jpg
London Fashion Week street style 2025,data/latest/images/London_Fashion_Week_street_style_2025_1ce6e980e3fad569.jpg,https://assets.vogue.com/photos/64821fb59a9da5e6e6e32b3b/master/w_2560%2Cc_limit/LONDON-STREETSTYLE-PHILOH-DAY3-%252017%2520(1).jpg
London Fashion Week street style 2025,data/latest/images/London_Fashion_Week_street_style_2025_83832051011654d4.jpg,https://assets.vogue.com/photos/6850342b5f365ab3db8c71a9/master/w_2560%2Cc_limit/PITTI-CHEAT-SHEET-STORY.jpg
London Fashion Week street style 2025,data/latest/images/London_Fashion_Week_street_style_2025_fc87da4f9ec902f2.jpg,https://i.abcnewsfe.com/a/66051f9a-d70e-4dae-82eb-7d6a7dd493c1/jonathan-bailey-1-gty-jef-251104_1762263871625_hpMain.jpg?w=992
London Fashion Week street style 2025,data/latest/images/London_Fashion_Week_street_style_2025_b4bd35b7aea3c099.jpg,https://blogger.googleusercontent.com/img/a/AVvXsEiVXROIbWxQtc5pmSxBJpzxbr9V1sb-wry9JLvECFq36jFZqUYk-SaCCwxpqB2Cq0hEJWUYYCIYTUBqqfX6E9Loc3CXvhEaKRUydL8BpfC_i_z7KpMo0ZU2KBCWmFyHUbsW_Mxb3fjVt9qimd_lAwdz1Iu7KCkBzkT6T1ihRV60gmD4mqu9oq4aR7geGfk=s1044
London Fashion Week street style 2025,data/latest/images/London_Fashion_Week_street_style_2025_abfc3bb0f2170d54.jpg,https://s.yimg.com/ny/api/res/1.2/P.iykObQ1SRkz1lkE.8vLA--/YXBwaWQ9aGlnaGxhbmRlcjt3PTk2MDtoPTE0NzY7Y2Y9d2VicA--/https://media.zenfs.com/en/red_carpet_fashion_awards_237/66d7f1d6a2a985d08609c40fa2ea7523
London Fashion Week street style 2025,data/latest/images/London_Fashion_Week_street_style_2025_ca12140e6b4df90a.jpg,https://s.yimg.com/ny/api/res/1.2/lpuDqZXzePVphbnwO7Ii4Q--/YXBwaWQ9aGlnaGxhbmRlcjt3PTk2MDtoPTEyODA7Y2Y9d2VicA--/https://media.zenfs.com/en/us_magazine_896/9f86e04811fbcc10177ab9bb1ce463a3
London Fashion Week street style 2025,data/latest/images/London_Fashion_Week_street_style_2025_0a8e4090bf806a2d.jpg,https://static01.nyt.com/images/2025/11/09/multimedia/06STYLEOUTSIDE-FALL-NYC-01-cptw/06STYLEOUTSIDE-FALL-NYC-01-cptw-square320.jpg?quality=75&auto=webp&disable=upscale
London Fashion Week street style 2025,data/latest/images/London_Fashion_Week_street_style_2025_7b92066db84877c0.png,https://tfashion.ai/_next/image?url=https%3A%2F%2Fimages.ctfassets.net%2F59pq84okjaya%2F3Y1ArRHkzebi3CbPMxodLd%2F325fb6733cd406fa4054e819856e091a%2FMI%C3%8C_LAN.png&w=3840&q=75
London Fashion Week street style 2025,data/latest/images/London_Fashion_Week_street_style_2025_fd2329ddd47d0c1f.jpg,https://content.asos-media.com/-/media/images/articles/women/2025/11/03-mon/the-best-winter-boots/people/intro.jpg?la=en-GB&h=1110&w=870&hash=261A754CBE3306786F83355DE921245E
Sydney Fashion Week runway 2025,data/latest/images/Sydney_Fashion_Week_runway_2025_7f0f4bba69f81447.jpg,https://s.yimg.com/ny/api/res/1.2/58Aa00kaUSMB_PqpcZo6Pw--/YXBwaWQ9aGlnaGxhbmRlcjt3PTEyMDA7aD02NzU7Y2Y9d2VicA--/https://s.yimg.com/os/creatr-uploaded-images/2025-11/ae4887a0-ba34-11f0-be3d-9edf7f32e03e
Sydney Fashion Week runway 2025,data/latest/images/Sydney_Fashion_Week_runway_2025_10ef255c754333f2.jpg,https://www.bellanaija.com/wp-content/uploads/2025/11/1Z0A8817-scaled.jpg
Sydney Fashion Week runway 2025,data/latest/images/Sydney_Fashion_Week_runway_2025_ba1fe2adfeb38482.jpg,https://www.bellanaija.com/wp-content/uploads/2025/11/1Z0A7119-scaled.jpg
Sydney Fashion Week runway 2025,data/latest/images/Sydney_Fashion_Week_runway_2025_02d6c3cfc0bb3823.jpg,https://www.bellanaija.com/wp-content/uploads/2025/11/1Z0A8521-scaled.jpg
Sydney Fashion Week runway 2025,data/latest/images/Sydney_Fashion_Week_runway_2025_fd8fd467c2d54499.jpg,https://www.bellanaija.com/wp-content/uploads/2025/11/1Z0A8723-scaled.jpg
Sydney Fashion Week runway 2025,data/latest/images/Sydney_Fashion_Week_runway_2025_49ac5645fbefe146.jpg,https://cdn-az.allevents.in/events7/banners/b14e6cc4c5cce836d628b485f8f853febfc8464452d94b4643c0e47c1048784a-rimg-w940-h1410-dc65595e-gmir.jpg?v=1762491306
Sydney Fashion Week runway 2025,data/latest/images/Sydney_Fashion_Week_runway_2025_122d64f5a8dec820.jpg,https://www.bellanaija.com/wp-content/uploads/2025/11/1Z0A7220-scaled.jpg
Sydney Fashion Week runway 2025,data/latest/images/Sydney_Fashion_Week_runway_2025_aec82155c335b62a.jpg,https://lookaside.instagram.com/seo/google_widget/crawler/?media_id=3760921461822528627
Sydney Fashion Week runway 2025,data/latest/images/Sydney_Fashion_Week_runway_2025_84ebc27f727e1515.jpg,https://lookaside.instagram.com/seo/google_widget/crawler/?media_id=3760921461780639887
Sydney Fashion Week runway 2025,data/latest/images/Sydney_Fashion_Week_runway_2025_55a902edf51c9f43.jpg,https://media.gettyimages.com/id/2244709291/photo/new-york-ny-sydney-sweeney-is-seen-on-november-5-2025-in-new-york-city.jpg?s=612x612&w=gi&k=20&c=Bp9tqMO-vyrp8RHOK1WlCuYUJaJesBIgE-j0hJOYRG0=
Sydney Fashion Week runway 2025,data/latest/images/Sydney_Fashion_Week_runway_2025_bb616dbc0615cad4.jpg,https://lookaside.instagram.com/seo/google_widget/crawler/?media_id=3760921461646406801
Sydney Fashion Week runway 2025,data/latest/images/Sydney_Fashion_Week_runway_2025_b1c694a57d3eda69.jpg,https://lookaside.instagram.com/seo/google_widget/crawler/?media_id=3762309590914538862
Sydney Fashion Week runway 2025,data/latest/images/Sydney_Fashion_Week_runway_2025_3a9863a7ca1ae1f7.png,https://images.303magazine.com/uploads/2025/11/Screenshot-2025-11-05-at-10.18.59-pm.png
Sydney Fashion Week runway 2025,data/latest/images/Sydney_Fashion_Week_runway_2025_27f21ea92124d5ac.png,https://images.303magazine.com/uploads/2025/11/Screenshot-2025-11-05-at-10.32.48-pm.png
Sydney Fashion Week runway 2025,data/latest/images/Sydney_Fashion_Week_runway_2025_0b099a3fe2ab6b1e.jpg,https://s.yimg.com/ny/api/res/1.2/LJA524M3_0cTJyPZ8qzs6Q--/YXBwaWQ9aGlnaGxhbmRlcjt3PTk2MDtoPTE0Mzk7Y2Y9d2VicA--/https://media.zenfs.com/en/red_carpet_fashion_awards_237/4a586d7c5fd5e8da10f1e737f54f8a3b
Sydney Fashion Week runway 2025,data/latest/images/Sydney_Fashion_Week_runway_2025_cae3b997242c40d8.jpg,"https://hips.hearstapps.com/hmg-prod/images/actress-sydney-sweeney-arrives-for-the-2025-met-gala-at-the-news-photo-1746484984.pjpeg?crop=1.00xw:0.751xh;0,0.132xh&resize=640:*"
Sydney Fashion Week runway 2025,data/latest/images/Sydney_Fashion_Week_runway_2025_3d3ac9228ccda6d9.jpg,https://media.gettyimages.com/id/2244709234/photo/new-york-ny-sydney-sweeney-is-seen-on-november-5-2025-in-new-york-city.jpg?s=612x612&w=gi&k=20&c=Fb4lKf93Xkw_ru70I4ECn3gEXfTNxN1d4ngvXVRPE20=
Sydney Fashion Week runway 2025,data/latest/images/Sydney_Fashion_Week_runway_2025_949e394f16a74774.jpg,https://assets.vogue.com/photos/6909470a8cca2811000245fe/master/w_1600%2Cc_limit/GettyImages-2244396182.jpg
Sydney Fashion Week runway 2025,data/latest/images/Sydney_Fashion_Week_runway_2025_6a13cb5fa6034418.jpg,https://i.ytimg.com/vi/z3ANyYjTp6c/hq720.jpg?sqp=-oaymwEhCK4FEIIDSFryq4qpAxMIARUAAAAAGAElAADIQj0AgKJD&rs=AOn4CLCTTqnAJ7s1k4-cTv7fDGPiewGjFw
Sydney Fashion Week runway 2025,data/latest/images/Sydney_Fashion_Week_runway_2025_13a905ed0b18b8ab.jpg,https://lookaside.instagram.com/seo/google_widget/crawler/?media_id=3760921461646392088
Sydney Fashion Week runway 2025,data/latest/images/Sydney_Fashion_Week_runway_2025_68832c48b64a6dbe.jpg,https://media.gettyimages.com/id/2244709228/photo/new-york-ny-sydney-sweeney-is-seen-on-november-5-2025-in-new-york-city.jpg?s=612x612&w=gi&k=20&c=EJoyWIlnxO_6ZrJ2THjtD2kkjvoEvmKd8XYF2vnKqiw=
Sydney Fashion Week runway 2025,data/latest/images/Sydney_Fashion_Week_runway_2025_f38265912d33d4c4.jpg,https://s.yimg.com/ny/api/res/1.2/WpTc9PRq8bSMxwvaby9CxA--/YXBwaWQ9aGlnaGxhbmRlcjt3PTk2MDtoPTE0NDA7Y2Y9d2VicA--/https://media.zenfs.com/en/people_218/fbc6983db17884cfbaa00d1ab8701be2
Sydney Fashion Week runway 2025,data/latest/images/Sydney_Fashion_Week_runway_2025_9618ea28e584528b.jpg,https://i.ytimg.com/vi/IN0NqkFHPZg/hq720.jpg?sqp=-oaymwEhCK4FEIIDSFryq4qpAxMIARUAAAAAGAElAADIQj0AgKJD&rs=AOn4CLAEEWm0D0buUSpEPEaqE0bc50pl4g
Sydney Fashion Week runway 2025,data/latest/images/Sydney_Fashion_Week_runway_2025_73af062f5ff3c614.jpg,"https://hips.hearstapps.com/hmg-prod/images/actress-sydney-sweeney-arrives-for-the-2025-met-gala-at-the-news-photo-1746484984.pjpeg?crop=0.476xw:0.712xh;0.256xw,0.132xh&resize=1200:*"
Sydney Fashion Week runway 2025,data/latest/images/Sydney_Fashion_Week_runway_2025_8472cb9a5900d9d8.jpg,https://cdn.shopify.com/s/files/1/2087/6847/files/ADL_FASHION_WEEK_X_WILLOW_BAY_81aa0aa7-eebd-491e-8ce8-9eb5cdaa773e.jpg?v=1762212601
Sydney Fashion Week runway 2025,data/latest/images/Sydney_Fashion_Week_runway_2025_82ae5c7d9223c0a0.jpg,https://wwd.com/wp-content/uploads/2025/03/Balmain-Spring-2026-RTW-R-GG-26.jpg?w=800
Sydney Fashion Week runway 2025,data/latest/images/Sydney_Fashion_Week_runway_2025_24bb5b074bd70fad.jpg,https://blogger.googleusercontent.com/img/b/R29vZ2xl/AVvXsEit5tlAvDrhb6ylqW9_S3yOxQbhgZ_K2kC7pHURwL7YN0GEAUW-J_3yDFqBQ2Jj4uD20sJiKrvrYJSQl3uIIp1wX_tlfKHor8QVGdpH6b5IKd0fFN9hSW5yarFfhkiLLSITnZ_65Lk35M7KAWCQn6rWWjU__lcVfxThuMVf51xOvwr82uCKQfPWK9eB7Wtc/s16000/SydneySweeney%201.jpg
Sydney Fashion Week runway 2025,data/latest/images/Sydney_Fashion_Week_runway_2025_cb4c97e7b5075201.webp,https://images.squarespace-cdn.com/content/v1/55a4279ce4b0543aa4ee89c5/8dccd6d4-a98c-4ad4-80af-044aa906048b/OFWAugust2025LynleeFayeDesignsbyHeatherandJameson25.jpg?format=2500w
Sydney Fashion Week runway 2025,data/latest/images/Sydney_Fashion_Week_runway_2025_1099cb80b127631b.webp,https://api.photon.aremedia.net.au/wp-content/uploads/sites/5/2024/10/Paloma-Elsesser-walks-the-runway-for-the-Victorias-Secret-Fashion-Show-2024-Kevin-Mazur_Getty-Images-for-Victorias-Secret.jpg?resize=1080%2C1920
Sydney Fashion Week runway 2025,data/latest/images/Sydney_Fashion_Week_runway_2025_f72e094cb2a4dcee.jpg,https://www.thefashionspot.com/wp-content/uploads/sites/11/2025/10/victoriassecret-live-2025-featured.jpg?w=1024
Sydney Fashion Week runway 2025,data/latest/images/Sydney_Fashion_Week_runway_2025_8fc7e1ae90e06563.jpg,"https://hips.hearstapps.com/hmg-prod/images/1106-syd-00-690cfca9d0f91.jpg?crop=0.9998222222222223xw:1xh;0,0.0427xh"
Sydney Fashion Week runway 2025,data/latest/images/Sydney_Fashion_Week_runway_2025_02eb63f903f9e26a.jpg,https://s.yimg.com/ny/api/res/1.2/oeFIuu0GGQ6JYWFHGaIF3w--/YXBwaWQ9aGlnaGxhbmRlcjt3PTk2MDtoPTE0NDA7Y2Y9d2VicA--/https://media.zenfs.com/en/red_carpet_fashion_awards_237/b116b0b95744a5a7c5f14c87969a7575
Sydney Fashion Week runway 2025,data/latest/images/Sydney_Fashion_Week_runway_2025_02f7ee287988b91a.webp,https://api.photon.aremedia.net.au/wp-content/uploads/sites/5/2025/10/phoebe-tonkin-wedding-7-68f0529c0a538.jpg?resize=650%2C1156
Sydney Fashion Week runway 2025,data/latest/images/Sydney_Fashion_Week_runway_2025_5ab4c1e0d3e79033.webp,https://api.photon.aremedia.net.au/wp-content/uploads/sites/5/2025/10/gettyimages-2241294124-68f049e5eaa65-scaled.jpg?resize=650%2C975
Sydney Fashion Week runway 2025,data/latest/images/Sydney_Fashion_Week_runway_2025_8d40fda8f5c6bb74.jpg,https://celebmafia.com/wp-content/uploads/2025/11/sydney-sweeney-in-patou-fall-2025-look-at-colbert-taping-nyc-6.jpg
Sydney Fashion Week runway 2025,data/latest/images/Sydney_Fashion_Week_runway_2025_280536556e25b541.jpg,https://wwd.com/wp-content/uploads/2025/09/michael-kors-runway-ss26-GG_053.jpg
Sydney Fashion Week runway 2025,data/latest/images/Sydney_Fashion_Week_runway_2025_e5e2cb0b19867c76.jpg,https://s.yimg.com/ny/api/res/1.2/1KKS96xEeAkzDIgJ7NvTIQ--/YXBwaWQ9aGlnaGxhbmRlcjt3PTk2MDtoPTE0NDA7Y2Y9d2VicA--/https://media.zenfs.com/en/harper_s_bazaar_391/4450654547da929a1d90493751c6d195
Sydney Fashion Week runway 2025,data/latest/images/Sydney_Fashion_Week_runway_2025_d47927e943eef4f3.jpg,https://wwd.com/wp-content/uploads/2025/11/SS-2.jpg?w=1000&h=563&crop=1
Sydney Fashion Week runway 2025,data/latest/images/Sydney_Fashion_Week_runway_2025_d83d9986ecbc5947.jpg,https://hips.hearstapps.com/hmg-prod/images/leigh-anne-pinnock-seen-attending-the-ee72-london-launch-news-photo-1758403341.pjpeg
Sydney Fashion Week runway 2025,data/latest/images/Sydney_Fashion_Week_runway_2025_711d441432b0c5f3.jpg,https://fashionweekonline.com/wp-content/uploads/2025/11/013-copy-356x364.jpg
Sydney Fashion Week runway 2025,data/latest/images/Sydney_Fashion_Week_runway_2025_b4bd35b7aea3c099.jpg,https://blogger.googleusercontent.com/img/a/AVvXsEiVXROIbWxQtc5pmSxBJpzxbr9V1sb-wry9JLvECFq36jFZqUYk-SaCCwxpqB2Cq0hEJWUYYCIYTUBqqfX6E9Loc3CXvhEaKRUydL8BpfC_i_z7KpMo0ZU2KBCWmFyHUbsW_Mxb3fjVt9qimd_lAwdz1Iu7KCkBzkT6T1ihRV60gmD4mqu9oq4aR7geGfk=s1044
Sydney Fashion Week runway 2025,data/latest/images/Sydney_Fashion_Week_runway_2025_0c3ff3564ded29fe.jpg,https://wwd.com/wp-content/uploads/2025/11/BOSS_Spring_Summer_26_Fashion_Show_RUNWAY_FINALE_006_16x9__image-mid-res.jpeg?w=1000&h=563&crop=1
Sydney Fashion Week runway 2025,data/latest/images/Sydney_Fashion_Week_runway_2025_dd6aa8a9e64bc55c.webp,https://stylemagazines.com.au/carbon/assets/0007e9/00000b/nicky-850x850.jpg.webp
Sydney Fashion Week runway 2025,data/latest/images/Sydney_Fashion_Week_runway_2025_39018ee6f59afa94.png,https://cdn.nit.com.au/storage/8rbhF3cV92EWhWGJ1QvTKCiJGCt4rzfNblIopY7N.png?size=large
Sydney Fashion Week runway 2025,data/latest/images/Sydney_Fashion_Week_runway_2025_ed0efca9ae270f87.webp,https://api.photon.aremedia.net.au/wp-content/uploads/sites/5/2025/10/gettyimages-2241295632-68f0521a01814-scaled.jpg?resize=650%2C975
Sydney Fashion Week runway 2025,data/latest/images/Sydney_Fashion_Week_runway_2025_f8b14e97ab93f869.jpg,https://wwd.com/wp-content/uploads/2025/11/Maggie-Gillette-with-10-MGMT-Models.jpg?w=1024
Sydney Fashion Week runway 2025,data/latest/images/Sydney_Fashion_Week_runway_2025_2bc4b69508ff382e.jpg,https://i.dailymail.co.uk/1s/2025/11/06/21/103666143-0-image-a-102_1762464116334.jpg
Sydney Fashion Week runway 2025,data/latest/images/Sydney_Fashion_Week_runway_2025_6fd4284d23b831f8.jpg,https://blogger.googleusercontent.com/img/b/R29vZ2xl/AVvXsEgoiEgZb8ZLxhazEa3JzdKtIjUmBrkcJGEguRrqkC7t71wucay1k46KR9zcQuZn4D1RrQTFFmhpftHRGf7iiid737yVI13N1Afaf-FINY7ppk6hrFMMFZ7sPMOWA9xDzD8Px3Cn8uF_ALTOvqTYDy0LbiSAg-61N9KOMtbzdP8yg2ibGYBSUPlpkz_Q0o_Z/s2800/SydneySweeney%202.jpg
Sydney Fashion Week runway 2025,data/latest/images/Sydney_Fashion_Week_runway_2025_7c27fc14201cfbea.jpg,https://www.redcarpet-fashionawards.com/wp-content/uploads/2025/11/Cynthia-Erivo-Wore-Jean-Paul-Gaultier-To-The-Wicked-For-Good-Sao-Paulo-Event.jpg
Sydney Fashion Week runway 2025,data/latest/images/Sydney_Fashion_Week_runway_2025_ee30c3b3b5a9e8b0.webp,https://api.photon.aremedia.net.au/wp-content/uploads/sites/5/2025/01/4-678741327f371.jpg?resize=1080%2C1920
Sydney Fashion Week runway 2025,data/latest/images/Sydney_Fashion_Week_runway_2025_062522428e817598.jpg,https://media.gettyimages.com/id/2244401876/photo/ciara-and-sergio-hudson-at-the-2025-cfda-fashion-awards-held-at-the-american-museum-of.jpg?s=612x612&w=gi&k=20&c=FGVA4dXoz9MowD2an7TM8Fox9y0-2UgmiYmKqp9d0WI=
Sydney Fashion Week runway 2025,data/latest/images/Sydney_Fashion_Week_runway_2025_e10958537accae45.jpg,https://www.broadsheet.com.au/_next/image?url=https%3A%2F%2Fcdn.broadsheet.com.au%2Fcache%2Fa8%2F60%2Fa8605c72d61e64f2064ad5a56c52bd6d.webp&w=3840&q=75
Sydney Fashion Week runway 2025,data/latest/images/Sydney_Fashion_Week_runway_2025_8c064eadebf8bb29.jpg,https://www.hindustantimes.com/ht-img/img/2025/11/04/cropped/4-3/photo_1762258560850_1762258571527.jpg
Sydney Fashion Week runway 2025,data/latest/images/Sydney_Fashion_Week_runway_2025_175adeda191e8549.jpg,https://sacreative.co.za/wp-content/uploads/2025/03/Snapinst.app_484035039_18375929272139073_6834063349528347182_n_1080-828x1024.jpg
Los Angeles Fashion Week backstage 2026,data/latest/images/Los_Angeles_Fashion_Week_backstage_2026_32b6a5efacd12140.jpg,https://i.ytimg.com/vi/Zx8F6MMZ1bE/maxresdefault.jpg
Los Angeles Fashion Week backstage 2026,data/latest/images/Los_Angeles_Fashion_Week_backstage_2026_6c2833af2a45c4f5.jpg,https://wwd.com/wp-content/uploads/2025/09/coach-spring-2026-backstage-NW-22.jpg?w=1024
Los Angeles Fashion Week backstage 2026,data/latest/images/Los_Angeles_Fashion_Week_backstage_2026_16140ac7e9fe9812.jpg,https://i.ytimg.com/vi/JgLcwvY5RFI/hq720.jpg?sqp=-oaymwEhCK4FEIIDSFryq4qpAxMIARUAAAAAGAElAADIQj0AgKJD&rs=AOn4CLCaZrSXyaLGCD8funieNCC80XkvMQ
Los Angeles Fashion Week backstage 2026,data/latest/images/Los_Angeles_Fashion_Week_backstage_2026_369acd466aef4cee.jpg,https://i.ytimg.com/vi/Zx8F6MMZ1bE/sddefault.jpg?v=690ec109
Los Angeles Fashion Week backstage 2026,data/latest/images/Los_Angeles_Fashion_Week_backstage_2026_ebfbd3f952d551e5.jpg,https://creatorsfaire.com/storage/2025/11/b-fyne-runway-fashion-show-spring-summer-2026-7.jpg
Los Angeles Fashion Week backstage 2026,data/latest/images/Los_Angeles_Fashion_Week_backstage_2026_b41c486cb6ca5cb7.jpg,https://img.evbuc.com/https%3A%2F%2Fcdn.evbuc.com%2Fimages%2F952448303%2F255919772509%2F1%2Foriginal.20250204-165634?crop=focalpoint&fit=crop&w=600&auto=format%2Ccompress&q=75&sharp=10&fp-x=0.0852272727273&fp-y=0.801152737752&s=485335a6238a79a8a78b4e8bbc56ed13
Los Angeles Fashion Week backstage 2026,data/latest/images/Los_Angeles_Fashion_Week_backstage_2026_9199989682882acd.jpg,https://i.ytimg.com/vi/VG-RQAoOP7k/hq720.jpg?sqp=-oaymwEhCK4FEIIDSFryq4qpAxMIARUAAAAAGAElAADIQj0AgKJD&rs=AOn4CLCacl3tTM8yQDWymrKW8SRi2qJH0w
Los Angeles Fashion Week backstage 2026,data/latest/images/Los_Angeles_Fashion_Week_backstage_2026_85c8392015d26ff6.jpg,https://www.culvercity.gov/files/assets/public/v/1/images/news/2025/lumiere-fashion-festival_1.jpg?w=1200
Los Angeles Fashion Week backstage 2026,data/latest/images/Los_Angeles_Fashion_Week_backstage_2026_edef23f02bf204de.jpg,"https://res.cloudinary.com/shotgun/image/upload/c_limit,f_auto,fl_lossy,q_auto,w_1920/v1761593147/production/artworks/FEB26_1920_x_1080-32_dgdizn"
Los Angeles Fashion Week backstage 2026,data/latest/images/Los_Angeles_Fashion_Week_backstage_2026_ebfe812f8f64b9cf.webp,https://runway7fashion.com/wp-content/uploads/2025/11/runway7-designer-los-angeles.webp
Los Angeles Fashion Week backstage 2026,data/latest/images/Los_Angeles_Fashion_Week_backstage_2026_2369d569f13e520c.jpg,https://lookaside.instagram.com/seo/google_widget/crawler/?media_id=3758897028752075357
Los Angeles Fashion Week backstage 2026,data/latest/images/Los_Angeles_Fashion_Week_backstage_2026_197733b28c361488.jpg,https://lookaside.instagram.com/seo/google_widget/crawler/?media_id=3762144955096472884
Los Angeles Fashion Week backstage 2026,data/latest/images/Los_Angeles_Fashion_Week_backstage_2026_f5e910fda3997579.jpg,https://lookaside.instagram.com/seo/google_widget/crawler/?media_id=3759797096552775059
Los Angeles Fashion Week backstage 2026,data/latest/images/Los_Angeles_Fashion_Week_backstage_2026_a37f65b46df8d00d.jpg,https://lookaside.instagram.com/seo/google_widget/crawler/?media_id=3758971787532197364
Los Angeles Fashion Week backstage 2026,data/latest/images/Los_Angeles_Fashion_Week_backstage_2026_2c6307114c96ce21.jpg,https://images.newsfilecorp.com/files/7768/273000_d2b11bc3140d6b2c_008full.jpg
Los Angeles Fashion Week backstage 2026,data/latest/images/Los_Angeles_Fashion_Week_backstage_2026_8280795560c45d43.jpg,https://images.newsfilecorp.com/files/7768/273000_d2b11bc3140d6b2c_003full.jpg
Los Angeles Fashion Week backstage 2026,data/latest/images/Los_Angeles_Fashion_Week_backstage_2026_6d4885bf640d0532.jpg,https://theimpression.com/wp-content/uploads/2025/09/_oby0594-11745621.jpg
Los Angeles Fashion Week backstage 2026,data/latest/images/Los_Angeles_Fashion_Week_backstage_2026_3548e426fcfd34ab.jpg,https://fashionweekonline.com/wp-content/uploads/2024/09/image23-copy-1.jpg
Los Angeles Fashion Week backstage 2026,data/latest/images/Los_Angeles_Fashion_Week_backstage_2026_56bbc16726e54553.jpg,https://theimpression.com/wp-content/uploads/2025/09/_oby0831-11745621.jpg
Los Angeles Fashion Week backstage 2026,data/latest/images/Los_Angeles_Fashion_Week_backstage_2026_9b496194d86372a4.jpg,https://cphfw.fra1.cdn.digitaloceanspaces.com/_2000xAUTO_crop_center-center_none/SS26-Copenhagen-Fashion-Week-Forza-Collective-Backstage-Bryndis-Thorsteinsdottir-16-horizontal.jpg
Los Angeles Fashion Week backstage 2026,data/latest/images/Los_Angeles_Fashion_Week_backstage_2026_7e5f7d7b390be23b.jpg,https://images.newsfilecorp.com/files/7768/273000_d2b11bc3140d6b2c_020full.jpg
Los Angeles Fashion Week backstage 2026,data/latest/images/Los_Angeles_Fashion_Week_backstage_2026_416110367076e2f0.jpg,https://lookaside.instagram.com/seo/google_widget/crawler/?media_id=3762144955020993737
Los Angeles Fashion Week backstage 2026,data/latest/images/Los_Angeles_Fashion_Week_backstage_2026_37a74611cb551a42.jpg,"https://hips.hearstapps.com/hmg-prod/images/michelle-yeoh-is-seen-leaving-for-the-bottega-veneta-summer-news-photo-1759173497.pjpeg?crop=1xw:1xh;center,top"
Los Angeles Fashion Week backstage 2026,data/latest/images/Los_Angeles_Fashion_Week_backstage_2026_49254b8faf521df6.jpg,https://fashionweekonline.com/wp-content/uploads/2024/09/image25-copy-1.jpg
Los Angeles Fashion Week backstage 2026,data/latest/images/Los_Angeles_Fashion_Week_backstage_2026_244c3d644216fe02.jpg,https://media.gettyimages.com/id/2239608540/photo/paris-france-kendall-jenner-attends-the-chanel-womenswear-spring-summer-2026-show-as-part-of.jpg?s=612x612&w=gi&k=20&c=IG4qGOLMhBQTgQTn2ls2FeZ7RXyBq2_z_7mZ2QWb88Q=
Los Angeles Fashion Week backstage 2026,data/latest/images/Los_Angeles_Fashion_Week_backstage_2026_918b4e8ce7868be4.jpg,https://assets.vogue.com/photos/68c0618a62f37a1911fb79dc/master/w_775%2Cc_limit/NYFW-TARIFFS-STORY.jpg
Los Angeles Fashion Week backstage 2026,data/latest/images/Los_Angeles_Fashion_Week_backstage_2026_1aab88cff0f67df6.jpg,https://theimpression.com/wp-content/uploads/2025/09/_oby0634-11745621.jpg
Los Angeles Fashion Week backstage 2026,data/latest/images/Los_Angeles_Fashion_Week_backstage_2026_52cfc956da81b18e.jpg,https://wwd.com/wp-content/uploads/2025/09/michael-kors-runway-ss26-GG_053.jpg?w=1024
Los Angeles Fashion Week backstage 2026,data/latest/images/Los_Angeles_Fashion_Week_backstage_2026_42ba9a664d2b6974.jpg,"https://static.wixstatic.com/media/acc48d_2f48647ea7a049aeb22b585f354f54f4~mv2.jpg/v1/fill/w_782,h_400,al_c,q_80,usm_0.66_1.00_0.01,enc_avif,quality_auto/8U9A9386_GmbH_SS26_Backstage1_by_JeremyMoeller_for_BFW_edited.jpg"
Los Angeles Fashion Week backstage 2026,data/latest/images/Los_Angeles_Fashion_Week_backstage_2026_178766bbe6e6d3b0.jpg,"https://static.wixstatic.com/media/acc48d_0a1d32f21f17473bb5c24a6201b9a419~mv2.jpg/v1/fill/w_980,h_398,al_c,q_85,usm_0.66_1.00_0.01,enc_avif,quality_auto/sf1og_SS26_Backstage1_by_Ines_Bahr_for_BFW-17_edited.jpg"
Los Angeles Fashion Week backstage 2026,data/latest/images/Los_Angeles_Fashion_Week_backstage_2026_2f6afcba07905af8.jpg,https://i.ytimg.com/vi/7AS-lgaldf0/hqdefault.jpg
Los Angeles Fashion Week backstage 2026,data/latest/images/Los_Angeles_Fashion_Week_backstage_2026_c975a12ffdd0c34e.jpg,https://images.newsfilecorp.com/files/7768/273000_d2b11bc3140d6b2c_004full.jpg
Los Angeles Fashion Week backstage 2026,data/latest/images/Los_Angeles_Fashion_Week_backstage_2026_ed5d1abd0c675918.jpg,https://blogger.googleusercontent.com/img/a/AVvXsEiQcUy9dAtk7xUFMb7WEv9-U0Mw6sWeG1YjudtvfjYJBKSSdL2qhp6IwnJrKJTrSws4S3OHp_LJe4-xmXYPZJzJ3QwZO2CBuXrLisWudmB0IEruyLR6PB3f-JFXW-Ne5jVPyahY7quxAqiJsi7TwgFl1DCPKZmUhYMW2sgMAi6EAqeyjWIzq1YmF26HdM8=s1044
Los Angeles Fashion Week backstage 2026,data/latest/images/Los_Angeles_Fashion_Week_backstage_2026_5d88206db6fa6762.jpg,"https://assets.vogue.com/photos/5c657951ae327e2d3c56a5f7/4:3/w_2048,h_1536,c_limit/00-promo-image-marc-jacobs-backstage-fall-2019-ready-to-wear.jpg"
Los Angeles Fashion Week backstage 2026,data/latest/images/Los_Angeles_Fashion_Week_backstage_2026_c112e8b1474dc52e.jpg,https://theimpression.com/wp-content/uploads/2025/09/_oby0794-11745621.jpg
Los Angeles Fashion Week backstage 2026,data/latest/images/Los_Angeles_Fashion_Week_backstage_2026_f2247eeb1cb0a393.jpg,"https://hips.hearstapps.com/hmg-prod/images/fashion-trends-ss26-68fbaee27caa1.jpg?crop=0.502xw:1.00xh;0.250xw,0&resize=360:*"
Los Angeles Fashion Week backstage 2026,data/latest/images/Los_Angeles_Fashion_Week_backstage_2026_5e01f6ff10fbb06e.jpg,"https://static.wixstatic.com/media/acc48d_c2be7d8059244512ab368b1da28f9a60~mv2.jpg/v1/fill/w_518,h_291,al_c,q_80,enc_avif,quality_auto/MilkofLime_SS26_Backstage41_by_WoutVloeberghs_for_BFW.jpg"
Los Angeles Fashion Week backstage 2026,data/latest/images/Los_Angeles_Fashion_Week_backstage_2026_fd17e7391109ea62.jpg,"https://hips.hearstapps.com/hmg-prod/images/glenn-close-attends-the-giorgio-armani-fashion-show-during-news-photo-1759174348.pjpeg?crop=1xw:1xh;center,top"
Los Angeles Fashion Week backstage 2026,data/latest/images/Los_Angeles_Fashion_Week_backstage_2026_cc7aa20cd3eb227c.jpg,https://hips.hearstapps.com/hmg-prod/images/fashion-trends-ss26-68fbaee27caa1.jpg
Los Angeles Fashion Week backstage 2026,data/latest/images/Los_Angeles_Fashion_Week_backstage_2026_711d441432b0c5f3.jpg,https://fashionweekonline.com/wp-content/uploads/2025/11/013-copy-356x364.jpg
Los Angeles Fashion Week backstage 2026,data/latest/images/Los_Angeles_Fashion_Week_backstage_2026_d6f50f225bbc7bb2.jpg,https://theimpression.com/wp-content/uploads/2025/09/_oby0695-11745621.jpg
Los Angeles Fashion Week backstage 2026,data/latest/images/Los_Angeles_Fashion_Week_backstage_2026_dfd65c3979c41c1c.jpg,"https://hips.hearstapps.com/hmg-prod/images/samuel-l-jackson-attends-the-giorgio-armani-fashion-show-news-photo-1759174370.pjpeg?crop=1xw:1xh;center,top"
Los Angeles Fashion Week backstage 2026,data/latest/images/Los_Angeles_Fashion_Week_backstage_2026_b4e9d872952286ca.jpg,"https://static.wixstatic.com/media/acc48d_8766a80d519e4218983636bce8493ab2~mv2.jpg/v1/fill/w_980,h_682,al_c,q_85,usm_0.66_1.00_0.01,enc_avif,quality_auto/RichertBeil_SS26_Backstage1_by_Ines_Bahr_for_BFW-35_edited.jpg"
Los Angeles Fashion Week backstage 2026,data/latest/images/Los_Angeles_Fashion_Week_backstage_2026_68152fe1e4106abd.jpg,https://numero.com/wp-content/uploads/2021/01/thumb-olivier-rousteing-lenfant-prodige-de-la-mode-balmain.jpg
Los Angeles Fashion Week backstage 2026,data/latest/images/Los_Angeles_Fashion_Week_backstage_2026_9ba39ff4bbcb92d8.jpg,https://s.yimg.com/ny/api/res/1.2/qw_etssh_mQm9nVGoYqdiA--/YXBwaWQ9aGlnaGxhbmRlcjt3PTk2MDtoPTE0NDA7Y2Y9d2VicA--/https://media.zenfs.com/en/marie_claire_us_340/06fef625b6d5a9fc8ab9ff4507b74ab1
Los Angeles Fashion Week backstage 2026,data/latest/images/Los_Angeles_Fashion_Week_backstage_2026_f221ed7b4f04a859.jpg,https://cdn.tag-walk.com/list_nw/001-56b913af.jpg
Los Angeles Fashion Week backstage 2026,data/latest/images/Los_Angeles_Fashion_Week_backstage_2026_773e596b17103cac.jpg,"https://media.cnn.com/api/v1/images/stellar/prod/gettyimages-2239626466.jpg?c=16x9&q=h_270,w_480,c_fill"
Los Angeles Fashion Week backstage 2026,data/latest/images/Los_Angeles_Fashion_Week_backstage_2026_ff846ea3cb724f99.jpg,https://fashionweekonline.com/wp-content/uploads/2025/11/NZ9_5883-copy-356x364.jpg
Los Angeles Fashion Week backstage 2026,data/latest/images/Los_Angeles_Fashion_Week_backstage_2026_9d5d66f182fa6679.jpg,https://s.yimg.com/ny/api/res/1.2/fPh0GZMoJk_mlTIw961ZFw--/YXBwaWQ9aGlnaGxhbmRlcjt3PTk2MDtoPTE0Mzk7Y2Y9d2VicA--/https://media.zenfs.com/en/wwd_409/5c65c781d8d4dbce20c59ff136012c28
Los Angeles Fashion Week backstage 2026,data/latest/images/Los_Angeles_Fashion_Week_backstage_2026_fac81ab64740958b.jpg,https://dims.apnews.com/dims4/default/71e1d62/2147483647/strip/true/crop/5973x3982+0+0/resize/567x378!/quality/90/?url=https%3A%2F%2Fassets.apnews.com%2F1a%2F13%2Fc88fdfe4fe89502d9aa62f200ee9%2F42535ddf19f54b9289e2ddbc0b083b23
New York Fashion Week runway 2025,data/latest/images/New_York_Fashion_Week_runway_2025_a4cf61319c97dae9.jpg,https://img.evbuc.com/https%3A%2F%2Fcdn.evbuc.com%2Fimages%2F1103384693%2F460030077764%2F1%2Foriginal.20250823-165605?w=480&auto=format%2Ccompress&q=75&sharp=10&s=df25d8b099941e7c9ec3927fcd8a0169
New York Fashion Week runway 2025,data/latest/images/New_York_Fashion_Week_runway_2025_8c5a160cb665af6e.jpg,https://i.ytimg.com/vi/7InzCFDYQ7U/hq720.jpg?sqp=-oaymwEhCK4FEIIDSFryq4qpAxMIARUAAAAAGAElAADIQj0AgKJD&rs=AOn4CLAPanEhoD51TS64wqutzl-A8hFDQg
New York Fashion Week runway 2025,data/latest/images/New_York_Fashion_Week_runway_2025_aba937113d2406ef.jpg,https://media.gettyimages.com/id/2245570974/photo/jason-wu-runway-september-2025-new-york-fashion-week.jpg?s=1024x1024&w=gi&k=20&c=qwd0CFkqKHdqN094Cg1u7UMApy1JVgwp1DaluX_TQSc=
New York Fashion Week runway 2025,data/latest/images/New_York_Fashion_Week_runway_2025_7479a5381e1530d3.jpg,https://img.evbuc.com/https%3A%2F%2Fcdn.evbuc.com%2Fimages%2F1170109779%2F1908410641403%2F1%2Foriginal.20251104-155654?h=230&w=460&auto=format%2Ccompress&q=75&sharp=10&s=6b457ee4419c57b6dcaa06a308f1ac88
New York Fashion Week runway 2025,data/latest/images/New_York_Fashion_Week_runway_2025_585befe24a8c49ea.jpg,https://i.ytimg.com/vi/Cm86KpJYcCw/hq720.jpg?sqp=-oaymwE7CK4FEIIDSFryq4qpAy0IARUAAAAAGAElAADIQj0AgKJD8AEB-AH-CYAC0AWKAgwIABABGGUgXShXMA8=&rs=AOn4CLA5626vemyxYysEjK8ZVllNe6fcrQ
New York Fashion Week runway 2025,data/latest/images/New_York_Fashion_Week_runway_2025_55943a58214a6e2e.jpg,https://media.gettyimages.com/id/2245570969/photo/jason-wu-runway-september-2025-new-york-fashion-week.jpg?s=1024x1024&w=gi&k=20&c=bjXAiRRSnHTnWtYTQmXJPU96-HFC6DFq2H-4mQ1NylE=
New York Fashion Week runway 2025,data/latest/images/New_York_Fashion_Week_runway_2025_10319f527b45ea94.jpg,https://media.gettyimages.com/id/2245571002/photo/jason-wu-runway-september-2025-new-york-fashion-week.jpg?s=1024x1024&w=gi&k=20&c=_W0NcV_1rUIcxpMKKe7AjG1uSpO_lAD4w19R_5rjJVw=
New York Fashion Week runway 2025,data/latest/images/New_York_Fashion_Week_runway_2025_5255918be1357238.jpg,https://media.gettyimages.com/id/2245570990/photo/jason-wu-runway-september-2025-new-york-fashion-week.jpg?s=1024x1024&w=gi&k=20&c=Z86asgxHiq3sjOJII0Ze8ecskpqL2wgm8rI7TfXKfR0=
New York Fashion Week runway 2025,data/latest/images/New_York_Fashion_Week_runway_2025_c6ffdac0ea1b70d7.jpg,https://i.ytimg.com/vi/3JhqwWubqXE/hq720.jpg?sqp=-oaymwEhCK4FEIIDSFryq4qpAxMIARUAAAAAGAElAADIQj0AgKJD&rs=AOn4CLC5Pc1tZmoOIIinwZfuKB43b55W8w
New York Fashion Week runway 2025,data/latest/images/New_York_Fashion_Week_runway_2025_8553a02d9b03330a.jpg,https://i.ytimg.com/vi/dV_YpoDESl8/hq720.jpg?sqp=-oaymwEhCK4FEIIDSFryq4qpAxMIARUAAAAAGAElAADIQj0AgKJD&rs=AOn4CLBbvq0_6ZUxxlkh6kwh93UvI1xwKg
New York Fashion Week runway 2025,data/latest/images/New_York_Fashion_Week_runway_2025_20110784f63123be.jpg,https://creatorsfaire.com/storage/2025/10/almee-couture-runway-show-powered-by-art-hearts-fashion-nyfw-2025-for-spring-summer-2026-40.jpg
New York Fashion Week runway 2025,data/latest/images/New_York_Fashion_Week_runway_2025_99ca2c0184b3e1ba.jpg,https://creatorsfaire.com/storage/2025/10/almee-couture-runway-show-powered-by-art-hearts-fashion-nyfw-2025-for-spring-summer-2026-62.jpg
New York Fashion Week runway 2025,data/latest/images/New_York_Fashion_Week_runway_2025_4ab766d9a033fd12.jpg,https://creatorsfaire.com/storage/2025/10/almee-couture-runway-show-powered-by-art-hearts-fashion-nyfw-2025-for-spring-summer-2026-17.jpg
New York Fashion Week runway 2025,data/latest/images/New_York_Fashion_Week_runway_2025_e3019a8fbc1b380a.jpg,https://i.ytimg.com/vi/PiWz6Bui6Ho/hq720.jpg?sqp=-oaymwEhCK4FEIIDSFryq4qpAxMIARUAAAAAGAElAADIQj0AgKJD&rs=AOn4CLBJR8yd7-cDkjdBrtHPzxKKkMadSQ
New York Fashion Week runway 2025,data/latest/images/New_York_Fashion_Week_runway_2025_6c2a76624ece86f6.jpg,https://creatorsfaire.com/storage/2025/10/almee-couture-runway-show-powered-by-art-hearts-fashion-nyfw-2025-for-spring-summer-2026-55.jpg
New York Fashion Week runway 2025,data/latest/images/New_York_Fashion_Week_runway_2025_e089f306e1d6b923.jpg,https://creatorsfaire.com/storage/2025/10/almee-couture-runway-show-powered-by-art-hearts-fashion-nyfw-2025-for-spring-summer-2026-5.jpg
New York Fashion Week runway 2025,data/latest/images/New_York_Fashion_Week_runway_2025_34e780fed3541efd.webp,https://api.photon.aremedia.net.au/wp-content/uploads/sites/6/2025/09/new-york-fashion-week-68c39d79500b3.jpg?resize=720%2C405
New York Fashion Week runway 2025,data/latest/images/New_York_Fashion_Week_runway_2025_19e50a26c03c7e2e.jpg,"https://hips.hearstapps.com/hmg-prod/images/model-walks-the-runway-during-the-coach-ready-to-wear-fall-news-photo-1739791232.pjpeg?crop=1xw:0.99988xh;center,top&resize=980:*"
New York Fashion Week runway 2025,data/latest/images/New_York_Fashion_Week_runway_2025_cbb53b160a213630.jpg,https://media.nowfashion.com/wp-content/uploads/2025/02/Todd-Snyder-Ready-To-Wear-Fall-Winter-2025-New-York-Fashion-Week-Runway-033.jpg
New York Fashion Week runway 2025,data/latest/images/New_York_Fashion_Week_runway_2025_c8fde7b6d47d83ad.jpg,https://img.evbuc.com/https%3A%2F%2Fcdn.evbuc.com%2Fimages%2F1170271941%2F1908410641403%2F1%2Foriginal.20251106-011442?w=600&auto=format%2Ccompress&q=75&sharp=10&s=37c96fe1dbe321aa2f2cebc5fdf101e1
New York Fashion Week runway 2025,data/latest/images/New_York_Fashion_Week_runway_2025_0a633e7566d9ba51.jpg,https://www.bellanaija.com/wp-content/uploads/2025/11/1Z0A7388-scaled.jpg
New York Fashion Week runway 2025,data/latest/images/New_York_Fashion_Week_runway_2025_d2b03932ea9418c6.jpg,https://lookaside.instagram.com/seo/google_widget/crawler/?media_id=3757836548863761095
New York Fashion Week runway 2025,data/latest/images/New_York_Fashion_Week_runway_2025_eeac41418fae70fd.jpg,https://media.nowfashion.com/wp-content/uploads/2025/09/COS-Ready-To-Wear-Spring-Summer-2026-New-York-Fashion-Week-Runway-002.jpg
New York Fashion Week runway 2025,data/latest/images/New_York_Fashion_Week_runway_2025_5ab4c1e0d3e79033.webp,https://api.photon.aremedia.net.au/wp-content/uploads/sites/5/2025/10/gettyimages-2241294124-68f049e5eaa65-scaled.jpg?resize=650%2C975
New York Fashion Week runway 2025,data/latest/images/New_York_Fashion_Week_runway_2025_d428702fb3468683.gif,https://hips.hearstapps.com/hmg-prod/images/nyfw-winter25-trend-report-v2-67b4c49005f0e.gif
New York Fashion Week runway 2025,data/latest/images/New_York_Fashion_Week_runway_2025_1d79e6458f32898c.jpg,https://hips.hearstapps.com/hmg-prod/images/model-walks-the-runway-for-the-ralph-lauren-collection-fall-news-photo-1744918387.pjpeg
New York Fashion Week runway 2025,data/latest/images/New_York_Fashion_Week_runway_2025_dea2a7f756df5e26.png,https://www.stylerave.com/wp-content/uploads/2025/11/1000-x-1000-18-1.png
New York Fashion Week runway 2025,data/latest/images/New_York_Fashion_Week_runway_2025_1ab8915ae40ddb88.jpg,https://lookaside.instagram.com/seo/google_widget/crawler/?media_id=3758550197090284248
New York Fashion Week runway 2025,data/latest/images/New_York_Fashion_Week_runway_2025_a98ba9dbc7f06077.webp,https://runway7fashion.com/wp-content/uploads/2025/11/DSCF9388-1.webp
New York Fashion Week runway 2025,data/latest/images/New_York_Fashion_Week_runway_2025_ec76a3edded8afa4.jpg,https://tomandlorenzo.com/wp-content/uploads/2025/09/Ralph-Lauren-Spring-2026-Collection-NYFW-New-York-Fashion-Week-Runway-Tom-Lorenzo-Site-8.jpg
New York Fashion Week runway 2025,data/latest/images/New_York_Fashion_Week_runway_2025_09ea1a73bd5a5703.jpg,"https://hips.hearstapps.com/hmg-prod/images/model-walks-the-runway-during-the-s-s-2026-todd-snyder-news-photo-1758042904.pjpeg?crop=0.667xw:1.00xh;0.172xw,0&resize=640:*"
New York Fashion Week runway 2025,data/latest/images/New_York_Fashion_Week_runway_2025_fd8fd467c2d54499.jpg,https://www.bellanaija.com/wp-content/uploads/2025/11/1Z0A8723-scaled.jpg
New York Fashion Week runway 2025,data/latest/images/New_York_Fashion_Week_runway_2025_7526281d8e9e1a27.jpg,https://tomandlorenzo.com/wp-content/uploads/2025/09/Ralph-Lauren-Spring-2026-Collection-NYFW-New-York-Fashion-Week-Runway-TLO-6.jpg
New York Fashion Week runway 2025,data/latest/images/New_York_Fashion_Week_runway_2025_648808f74d7297a2.webp,https://static.srpcdigital.com/styles/1037xauto/public/2025-11/1262304_0.png.webp
New York Fashion Week runway 2025,data/latest/images/New_York_Fashion_Week_runway_2025_269ea7b2d8b35dfe.jpg,https://vmagazine.com/wp-content/uploads/2025/09/2235285911-683x1024.jpg
New York Fashion Week runway 2025,data/latest/images/New_York_Fashion_Week_runway_2025_99866014d44cdcbe.jpg,https://lookaside.instagram.com/seo/google_widget/crawler/?media_id=3760789486485701853
New York Fashion Week runway 2025,data/latest/images/New_York_Fashion_Week_runway_2025_1d70f0cf6d77eecc.jpg,https://s.yimg.com/ny/api/res/1.2/lKZMkK0cJangbfD3kM1VQA--/YXBwaWQ9aGlnaGxhbmRlcjt3PTEyNDI7aD02OTk7Y2Y9d2VicA--/https://s.yimg.com/os/creatr-uploaded-images/2025-11/e3f2f970-ba35-11f0-b5c5-7dcc509e61c3
New York Fashion Week runway 2025,data/latest/images/New_York_Fashion_Week_runway_2025_955b2605d5c739f7.jpg,https://88lately.com/wp-content/uploads/2025/11/WhatsApp-Image-2025-11-08-at-15.48.38-7-2-1024x1024.jpeg
New York Fashion Week runway 2025,data/latest/images/New_York_Fashion_Week_runway_2025_eeb2c5ac69e1cb2b.jpg,https://lookaside.instagram.com/seo/google_widget/crawler/?media_id=3760789486175367156
New York Fashion Week runway 2025,data/latest/images/New_York_Fashion_Week_runway_2025_47a0be34d632cb4e.jpg,"https://hips.hearstapps.com/hmg-prod/images/model-walks-the-runway-for-the-ulla-johnson-spring-summer-news-photo-1759939204.pjpeg?crop=1xw:1xh;center,top&resize=980:*"
New York Fashion Week runway 2025,data/latest/images/New_York_Fashion_Week_runway_2025_2936fb692c7eeeba.jpg,https://assets.vogue.com/photos/66f2a702fff0c6325700a47a/master/w_2560%2Cc_limit/00004-shuting-qiu-spring-2025-ready-to-wear-credit-gorunway.jpg
New York Fashion Week runway 2025,data/latest/images/New_York_Fashion_Week_runway_2025_90c5e05f48607dba.jpg,"https://akns-images.eonline.com/eol_images/Entire_Site/20250915/df1d8a44-165c-47ae-9d6b-35dfb724176a_1757958129.jpg?fit=around%7C634:1024&output-quality=90&crop=634:1024;center,top"
New York Fashion Week runway 2025,data/latest/images/New_York_Fashion_Week_runway_2025_423b3dec421214cc.jpg,https://img.evbuc.com/https%3A%2F%2Fcdn.evbuc.com%2Fimages%2F1168310993%2F2014167231483%2F1%2Foriginal.20251102-135329?crop=focalpoint&fit=crop&h=230&w=460&auto=format%2Ccompress&q=75&sharp=10&fp-x=0.5&fp-y=0.5&s=f6fa43be2bfca706061c4e8d67fd4dbc
New York Fashion Week runway 2025,data/latest/images/New_York_Fashion_Week_runway_2025_99c9466ffa0e3a91.jpg,https://www.artsatl.org/wp-content/uploads/Atlanta-Ballet-Luncheon-1-@kimevansphotos-10-20-2025-2380_Photos-by-Kim-Evans-and-courtesy-of-Atlanta-Ballet_.jpg
New York Fashion Week runway 2025,data/latest/images/New_York_Fashion_Week_runway_2025_9e1b4c7063f01279.jpg,https://www.artsatl.org/wp-content/uploads/Atlanta-Ballet-Luncheon-1-@kimevansphotos-10-20-2025-2342_Photos-by-Kim-Evans-and-courtesy-of-Atlanta-Ballet_.jpg
New York Fashion Week runway 2025,data/latest/images/New_York_Fashion_Week_runway_2025_f0512e0eca5a4e64.jpg,https://media.nowfashion.com/wp-content/uploads/2025/03/Zimmermann-Ready-To-Wear-Fall-Winter-2025-Paris-Fashion-Week-Runway-006.jpg
New York Fashion Week runway 2025,data/latest/images/New_York_Fashion_Week_runway_2025_103017cc41e03fac.webp,https://media.nowfashion.com/wp-content/uploads/2025/09/Michael-Kors-Ready-To-Wear-Spring-Summer-2026-New-York-Fashion-Week-Runway-001.jpg
New York Fashion Week runway 2025,data/latest/images/New_York_Fashion_Week_runway_2025_1e7d085501299b70.jpg,https://www.stylerave.com/wp-content/uploads/2025/11/SaveClip.App_570162883_18543197689025304_5237780397146642922_n.jpg
New York Fashion Week runway 2025,data/latest/images/New_York_Fashion_Week_runway_2025_bc1fa904c1cb9185.jpg,https://www.bellanaija.com/wp-content/uploads/2025/11/1Z0A7513-scaled.jpg
New York Fashion Week runway 2025,data/latest/images/New_York_Fashion_Week_runway_2025_cff033c76c27ada1.webp,https://images.squarespace-cdn.com/content/v1/5c34764c297114ca20d6777b/1758183933560-8ATF5UARWKQTSAIR1J9S/Look+17.jpg
New York Fashion Week runway 2025,data/latest/images/New_York_Fashion_Week_runway_2025_ccb934ac33e879b4.jpg,https://www.bellanaija.com/wp-content/uploads/2025/11/1Z0A8777-scaled.jpg
New York Fashion Week runway 2025,data/latest/images/New_York_Fashion_Week_runway_2025_f61d5eb90caea36d.jpg,https://imgix.bustle.com/uploads/getty/2025/11/4/3d0f89d9/new-york-new-york.jpg?w=390&h=585&fit=crop&crop=faces&dpr=2
New York Fashion Week runway 2025,data/latest/images/New_York_Fashion_Week_runway_2025_e56d960208c89596.png,https://images.303magazine.com/uploads/2025/11/Screenshot-2025-11-05-at-9.03.47-pm-1-1400x600.png
New York Fashion Week runway 2025,data/latest/images/New_York_Fashion_Week_runway_2025_02e397debe3fd332.jpg,https://images.303magazine.com/uploads/2025/11/2025-DFW-Spring_Brandi-McMichael_1-1400x600.jpg
New York Fashion Week runway 2025,data/latest/images/New_York_Fashion_Week_runway_2025_6dda9e30c05af127.jpg,https://c8.alamy.com/comp/3D316RF/new-york-usa-03rd-nov-2025-laura-harrier-walking-on-the-red-carpet-at-the-2025-cfda-fashion-awards-held-at-the-american-museum-of-natural-history-in-new-york-ny-on-november-3-2025-photo-by-anthony-beharsipa-usa-credit-sipa-usaalamy-live-news-3D316RF.jpg
New York Fashion Week runway 2025,data/latest/images/New_York_Fashion_Week_runway_2025_94b415288d12ed56.jpg,https://aimodelagency.com/wp-content/uploads/2025/11/fc898f0bthumbnail.jpeg
New York Fashion Week runway 2025,data/latest/images/New_York_Fashion_Week_runway_2025_1f59ba7170441e0f.jpg,https://www.reuters.com/resizer/v2/QBXSZ4TFLFO4JLFR5KK4EQR6R4.jpg?auth=eb6116115d576f96c2905043f576654f22c69495256f16c14572c8885c156082&width=1080&quality=80
editorial fashion 2025,data/latest/images/editorial_fashion_2025_66361b0d90004231.webp,https://assets.promptbase.com/Images%2FzVEalo9v8yn0W6x3bwql%2Fresized%2F1762247522007b_w_800x800.webp?alt=media&token=2b79b0bc-b48f-4684-9e96-1eff20a007c4
editorial fashion 2025,data/latest/images/editorial_fashion_2025_12c0b55450c19a22.webp,https://assets.promptbase.com/Thumbnails%2FzVEalo9v8yn0W6x3bwql%2Fresized%2F1762341553847f_800x800.webp?alt=media&token=7ad0eb12-6fef-4359-9381-d99d0b2e90b0
editorial fashion 2025,data/latest/images/editorial_fashion_2025_68c7d5ff46e148ae.webp,https://assets.promptbase.com/Images%2FzVEalo9v8yn0W6x3bwql%2Fresized%2F1762247522742y_w_800x800.webp?alt=media&token=76843c9b-188c-4554-9ee0-73a09bdc2050
editorial fashion 2025,data/latest/images/editorial_fashion_2025_34f9b50113e8604c.webp,https://assets.promptbase.com/Images%2FzVEalo9v8yn0W6x3bwql%2Fresized%2F1762247522844p_w_800x800.webp?alt=media&token=cbfdc38d-455e-48f9-8816-3600ea2fce93
editorial fashion 2025,data/latest/images/editorial_fashion_2025_84057ee18e13d87d.webp,https://assets.promptbase.com/Images%2FzVEalo9v8yn0W6x3bwql%2Fresized%2F1762247522537v_w_800x800.webp?alt=media&token=6058e9dc-638f-4ad9-9963-9f3c5bea086b
editorial fashion 2025,data/latest/images/editorial_fashion_2025_f6befc97682b71ef.jpg,https://bloximages.chicago2.vip.townnews.com/lufkindailynews.com/content/tncms/assets/v3/editorial/9/3b/93b2a183-95ac-5a9a-a894-9cb69b975f42/69098dab14301.image.jpg?resize=340%2C500
editorial fashion 2025,data/latest/images/editorial_fashion_2025_2e3cdadfba5bd2c2.jpg,https://bloximages.chicago2.vip.townnews.com/bdtonline.com/content/tncms/assets/v3/editorial/f/f1/ff17e65f-bfe6-5816-a495-703fc302d5ec/690f4a3bd21b2.image.jpg?resize=343%2C500
editorial fashion 2025,data/latest/images/editorial_fashion_2025_76381dd8901c2963.jpg,https://bloximages.newyork1.vip.townnews.com/chronicle-tribune.com/content/tncms/assets/v3/editorial/a/68/a68e9460-0a13-5612-a67c-d7ed9b53df3b/690eda927d5e7.image.jpg?resize=1200%2C866
editorial fashion 2025,data/latest/images/editorial_fashion_2025_8e612036109a9ef0.jpg,https://bloximages.newyork1.vip.townnews.com/nvdaily.com/content/tncms/assets/v3/editorial/3/0e/30ef57b1-5cff-5ed6-bc4b-fcc517d73624/690fba9d7f3ab.image.jpg?resize=410%2C500
editorial fashion 2025,data/latest/images/editorial_fashion_2025_e644da8d5e2d574a.jpg,https://photos.smugmug.com/Fashion-Shows/Fashion-Show-2025/Grancanariaswimweek-2025/Gisela-GrancanariaSwimWeek-2025/i-wHdNtLC/0/NVG4htD3hbg7ssPs4WD2wmRJvdkpD5nsxbKKdHRwt/XL/-003724074221025_B4A3824-Fashionweekgallery%20-%20Fashion%20Week%20stock-%20martinesq--XL.jpg
editorial fashion 2025,data/latest/images/editorial_fashion_2025_93205c3ca0920b7a.webp,https://images.squarespace-cdn.com/content/v1/6555025da8c1be623a890da1/22ad46b1-3211-42da-ab48-a459ab494195/Anok+Yai+Model+of+the+Year+by+Felipe+Espinal+portrait+editorial+fashion+portrait+best+model+of+the+year+2025+la+semana+de+la+moda+ketchup+files+5.jpg
editorial fashion 2025,data/latest/images/editorial_fashion_2025_df081c337ff0f1b9.jpg,https://bloximages.chicago2.vip.townnews.com/wvnews.com/content/tncms/assets/v3/editorial/a/07/a07eb535-833b-5f3d-929e-2c7e6ade1db1/690fbe3a71d5b.image.jpg?resize=377%2C500
editorial fashion 2025,data/latest/images/editorial_fashion_2025_bc7485679a7c4778.jpg,https://bloximages.chicago2.vip.townnews.com/wvnews.com/content/tncms/assets/v3/editorial/e/3a/e3ad3adb-f0a8-5ed6-a00c-2444d7577dac/6904c4b5f09b9.image.jpg?resize=700%2C432
editorial fashion 2025,data/latest/images/editorial_fashion_2025_7b7e2a4d7ca49d18.jpg,https://lookaside.instagram.com/seo/google_widget/crawler/?media_id=3760674675484634816
editorial fashion 2025,data/latest/images/editorial_fashion_2025_6ccd2f0f4adb5f5f.jpg,https://photos.smugmug.com/Fashion-Shows/Fashion-Show-2025/Grancanariaswimweek-2025/03-Victoria-Cimadevilla-GrancanariaSwimWeek-2025/i-JVK9gnm/1/NcgxGCtBRw5Qnp9qC3gpxKHZD26rGfphLSKgScxxT/XL/-003725022221025_B4A4772-Fashionweekgallery%20-%20Fashion%20Week%20stock-%20martinesq--XL.jpg
editorial fashion 2025,data/latest/images/editorial_fashion_2025_8e001aee3bcaec5f.jpg,https://lookaside.instagram.com/seo/google_widget/crawler/?media_id=3759637629701815421
editorial fashion 2025,data/latest/images/editorial_fashion_2025_9154abd32b9cf436.png,https://shaonewyork.com/cdn/shop/articles/ros_0c23848f-29b2-4ec1-aa5e-0fb8d0e226da.png?v=1762292765&width=1024
editorial fashion 2025,data/latest/images/editorial_fashion_2025_d1c123836d8f5eaa.jpg,https://bloximages.chicago2.vip.townnews.com/goshennews.com/content/tncms/assets/v3/editorial/3/86/3860d1ae-65c5-501f-8fc5-a95697e650aa/690d53cc61dbb.image.jpg?resize=371%2C500
editorial fashion 2025,data/latest/images/editorial_fashion_2025_22ed3fd08814a38f.jpg,https://lookaside.instagram.com/seo/google_widget/crawler/?media_id=3759637629710176888
editorial fashion 2025,data/latest/images/editorial_fashion_2025_2cf122fa7243c8a5.jpg,https://c8.alamy.com/comp/3CP12HT/sprayground-runway-show-london-fashion-week-2025-freemasons-hall-london-streetwear-luxury-meets-urban-creativity-in-an-energetic-collection-3CP12HT.jpg
editorial fashion 2025,data/latest/images/editorial_fashion_2025_49ae3ba46955a547.jpg,https://www.stylerave.com/wp-content/uploads/2025/11/IMG_2863-1-e1762415153500.jpg
editorial fashion 2025,data/latest/images/editorial_fashion_2025_1fa1c27d9903ccb1.jpg,https://mir-s3-cdn-cf.behance.net/projects/404/25f5be237488951.6901b697bd24e.jpg
editorial fashion 2025,data/latest/images/editorial_fashion_2025_15b88d706ee32520.jpg,https://images.riverisland.com/image/upload/t_editorialPreview/f_auto/q_auto/0_20251030_SC_DRESS-CODE_BLOG_THUMB.jpg?_a=DATAg1AAZAA0
editorial fashion 2025,data/latest/images/editorial_fashion_2025_8a2ef74becca45af.jpg,https://lookaside.instagram.com/seo/google_widget/crawler/?media_id=3758531003183605416
editorial fashion 2025,data/latest/images/editorial_fashion_2025_499954083bcd3433.jpg,https://theprestigemag.com/wp-content/uploads/2025/11/IMG_1977-how-to-get-featured-in-fashion-magazines-819x1024.jpeg
editorial fashion 2025,data/latest/images/editorial_fashion_2025_cb024b75ea3ad5aa.jpg,https://bloximages.newyork1.vip.townnews.com/dailycorinthian.com/content/tncms/assets/v3/editorial/a/aa/aaa5c289-c45c-5bc5-b9d7-fdcdf9f4de25/69098c8d095ce.image.jpg?resize=346%2C500
editorial fashion 2025,data/latest/images/editorial_fashion_2025_114ac39ac400b39f.jpg,https://gooddyeyoung.com/cdn/shop/articles/2025-Blog-Images-Mobile-hairfashion_9dfaa14a-5210-44eb-b20b-fab43da90c77_400x.jpg?v=1762450798
editorial fashion 2025,data/latest/images/editorial_fashion_2025_b4af06ffcf4cb59b.jpg,https://bloximages.newyork1.vip.townnews.com/nvdaily.com/content/tncms/assets/v3/editorial/a/89/a896363b-f6da-53ec-8bb2-0880f910947f/690d45be25f6e.image.jpg?resize=1200%2C826
editorial fashion 2025,data/latest/images/editorial_fashion_2025_cd71ceb194c61862.jpg,https://photos.smugmug.com/Fashion-Shows/Fashion-Show-2025/Grancanariaswimweek-2025/03-Victoria-Cimadevilla-GrancanariaSwimWeek-2025/i-tjG9vck/0/LzwSNkn8DHtDK8wDQh6LBN5Sqw7qWtQrGm2hc3tgB/XL/-003725021221025_B4A4771-Fashionweekgallery%20-%20Fashion%20Week%20stock-%20martinesq--XL.jpg
editorial fashion 2025,data/latest/images/editorial_fashion_2025_1888e7935c9329d9.jpg,https://bloximages.newyork1.vip.townnews.com/dailycorinthian.com/content/tncms/assets/v3/editorial/6/fb/6fb23c54-5212-545a-90a6-c20926e8c030/69098c90e945c.image.jpg?resize=345%2C500
editorial fashion 2025,data/latest/images/editorial_fashion_2025_601dbc3ef93fe032.jpg,https://s.yimg.com/ny/api/res/1.2/y2F9K_17tEYWj2UlelccXQ--/YXBwaWQ9aGlnaGxhbmRlcjt3PTk2MDtoPTE0NDA7Y2Y9d2VicA--/https://media.zenfs.com/en/elle_865/fcf58250dcdb382a4e1e2b1d1259fa0a
editorial fashion 2025,data/latest/images/editorial_fashion_2025_e8f7e66af1fcfa87.jpg,https://photos.smugmug.com/Fashion-Shows/Fashion-Show-2025/Grancanariaswimweek-2025/03-Victoria-Cimadevilla-GrancanariaSwimWeek-2025/i-GDF9fDZ/1/L6rJHtFwzn759vFKQNcSprcdgqq6CVnxTbzj6N8XQ/XL/-003725024221025_B4A4774-Fashionweekgallery%20-%20Fashion%20Week%20stock-%20martinesq--XL.jpg
editorial fashion 2025,data/latest/images/editorial_fashion_2025_a32e3701c7788650.jpg,https://www.shutterstock.com/editorial/image-editorial/M3T6Ue49N2D7A9z5ODkyOTM=/aap-rocky-440nw-15681331n.jpg
editorial fashion 2025,data/latest/images/editorial_fashion_2025_ce314caddded9957.jpg,https://lookaside.instagram.com/seo/google_widget/crawler/?media_id=3761585083989053373
editorial fashion 2025,data/latest/images/editorial_fashion_2025_9147e11cd026c2e8.jpg,"https://assets.vogue.com/photos/6909f4132581862a1e04cf7c/1:1/w_4928,h_4928,c_limit/L1027539.jpg"
editorial fashion 2025,data/latest/images/editorial_fashion_2025_d800bac07cedf560.webp,https://askaiworld.com/wp-content/uploads/2025/11/Top-10-Editorial-Fashion-Portrait-Prompts-2025-Guide-1024x683.webp
editorial fashion 2025,data/latest/images/editorial_fashion_2025_5553afba427f7cb3.webp,https://images.squarespace-cdn.com/content/v1/6555025da8c1be623a890da1/8de09a27-2ed9-42a8-9f38-390a292451ae/Anok+Yai+Model+of+the+Year+by+Felipe+Espinal+portrait+editorial+fashion+portrait+best+model+of+the+year+2025+la+semana+de+la+moda+ketchup+files+2.jpg
editorial fashion 2025,data/latest/images/editorial_fashion_2025_8639a002f488c27a.png,https://i0.wp.com/www.ctfashionmag.com/wp-content/uploads/2025/11/BEL01901.webp?fit=640%2C427&ssl=1
editorial fashion 2025,data/latest/images/editorial_fashion_2025_64397324420ccf3d.webp,https://img2.freejobalert.com/freejobalert/2025/11/8-qwen-ai-photo-editing-prompts-to-create-ultra-realistic-8k-fashion-editorial-portraits-f-690dc2b10f98872394225-1200.webp
editorial fashion 2025,data/latest/images/editorial_fashion_2025_31e6d1976c207d46.jpg,https://s.yimg.com/ny/api/res/1.2/f48589y4sFHNNkZX7MiuUQ--/YXBwaWQ9aGlnaGxhbmRlcjt3PTk2MDtoPTE0NDA7Y2Y9d2VicA--/https://media.zenfs.com/en/elle_865/1ac50a318c5b43c319ec7a71f6b22ade
editorial fashion 2025,data/latest/images/editorial_fashion_2025_5fbaba4f2f14ce76.jpg,https://www.shutterstock.com/editorial/image-editorial/M9T6Ue21N6z1kb26MjU5OTg=/street-style-440nw-15523283fq.jpg
editorial fashion 2025,data/latest/images/editorial_fashion_2025_9c8d94b55821c185.jpg,https://juniorstyle.net/wp/wp-content/uploads/2025/11/house-3-1.jpg
editorial fashion 2025,data/latest/images/editorial_fashion_2025_b6b6acc20d59dc4c.jpg,https://photos.smugmug.com/Fashion-Shows/Fashion-Show-2025/Grancanariaswimweek-2025/03-Victoria-Cimadevilla-GrancanariaSwimWeek-2025/i-DxwMksr/1/McRJmX4KGw4Wh8dPsbDPbtqKVMGRCSzTT6PBD28Ck/XL/-003725026221025_B4A4776-Fashionweekgallery%20-%20Fashion%20Week%20stock-%20martinesq--XL.jpg
editorial fashion 2025,data/latest/images/editorial_fashion_2025_fc2c29fb1ced5677.jpg,https://i.pinimg.com/736x/b5/5e/91/b55e91510bc825381fcf8199c68b1a6e.jpg
editorial fashion 2025,data/latest/images/editorial_fashion_2025_19a23134e92da2ba.jpg,https://www.shutterstock.com/editorial/image-editorial/M5TbUf21Nbz1k62eMjU4ODU=/street-style-440nw-15523283ec.jpg
editorial fashion 2025,data/latest/images/editorial_fashion_2025_f6c06fe5f0501cb1.png,https://i0.wp.com/www.ctfashionmag.com/wp-content/uploads/2025/11/BEL00746.webp?fit=640%2C960&ssl=1
editorial fashion 2025,data/latest/images/editorial_fashion_2025_8bda977cdabb83d3.webp,https://img2.freejobalert.com/freejobalert/2025/11/5-new-gemini-ai-prompts-for-editorial-fashion-photography-that-are-transforming-the-future-6911812d0128a88557716-1200.webp
editorial fashion 2025,data/latest/images/editorial_fashion_2025_c2190b64535baa3b.jpg,https://mylemonmagazine.com/wp-content/uploads/2025/11/PGI_0095-edit-scaled.jpg
editorial fashion 2025,data/latest/images/editorial_fashion_2025_e88dc0ebfd8dd349.jpg,https://shyamsaicharitabletrust.org/wp-content/uploads/2025/11/Gemini-21-Prompts-for-Stunning-Editorial-Photos.jpg
editorial fashion 2025,data/latest/images/editorial_fashion_2025_e19ef8f8a067bd9a.jpg,https://theprestigemag.com/wp-content/uploads/2025/11/IMG_1788-how-to-get-featured-in-fashion-magazines-2-819x1024.jpeg
editorial fashion 2025,data/latest/images/editorial_fashion_2025_e10958537accae45.jpg,https://www.broadsheet.com.au/_next/image?url=https%3A%2F%2Fcdn.broadsheet.com.au%2Fcache%2Fa8%2F60%2Fa8605c72d61e64f2064ad5a56c52bd6d.webp&w=3840&q=75
editorial fashion 2025,data/latest/images/editorial_fashion_2025_a5672cb7dc71fe08.webp,https://img-cdn.publive.online/filters:format(webp)/filters:format(webp)/elle-india/media/media_files/2025/11/03/mohit-rai-2-2025-11-03-13-11-55.jpeg
Milan Fashion Week runway 2026,data/latest/images/Milan_Fashion_Week_runway_2026_62487cf9e50dba3e.jpg,https://media.nowfashion.com/wp-content/uploads/2025/09/Boss-Ready-To-Wear-Spring-Summer-2026-Milan-Fashion-Week-Runway-003.jpg
Milan Fashion Week runway 2026,data/latest/images/Milan_Fashion_Week_runway_2026_874ba984945d0e72.webp,https://media.nowfashion.com/wp-content/uploads/2025/09/Luisa-Spagnoli-Ready-To-Wear-Spring-Summer-2026-Milan-Fashion-Week-Runway-001.jpg
Milan Fashion Week runway 2026,data/latest/images/Milan_Fashion_Week_runway_2026_8981cb36ddf6fcd6.jpg,https://img.evbuc.com/https%3A%2F%2Fcdn.evbuc.com%2Fimages%2F1170167634%2F1321641710703%2F1%2Foriginal.20251105-011804?crop=focalpoint&fit=crop&w=1000&auto=format%2Ccompress&q=75&sharp=10&fp-x=0.452&fp-y=0.478&s=227c09a994bc9db5e07f97dfb87c204c
Milan Fashion Week runway 2026,data/latest/images/Milan_Fashion_Week_runway_2026_2f6afcba07905af8.jpg,https://i.ytimg.com/vi/7AS-lgaldf0/hqdefault.jpg
Milan Fashion Week runway 2026,data/latest/images/Milan_Fashion_Week_runway_2026_925627f4b3ad0791.jpg,https://assets.vogue.com/photos/68d061bc1c407fb1b00dcaf8/master/w_2560%2Cc_limit/MFW-CHEAT-SHEET-STORY.jpg
Milan Fashion Week runway 2026,data/latest/images/Milan_Fashion_Week_runway_2026_d02e60f3edb71290.jpg,https://i.ytimg.com/vi/gUFhore9T_A/hq720.jpg?sqp=-oaymwEhCK4FEIIDSFryq4qpAxMIARUAAAAAGAElAADIQj0AgKJD&rs=AOn4CLDaAhVwq3QVDHnYIlCIpb4oyqkyDw
Milan Fashion Week runway 2026,data/latest/images/Milan_Fashion_Week_runway_2026_5e1cf442f56aeb78.webp,https://media.nowfashion.com/wp-content/uploads/2025/09/Boss-Ready-To-Wear-Spring-Summer-2026-Milan-Fashion-Week-Runway-009.jpg
Milan Fashion Week runway 2026,data/latest/images/Milan_Fashion_Week_runway_2026_81bfb23d463fe4c9.jpg,https://i.ytimg.com/vi/fWW3sEe3NxU/hq720.jpg?sqp=-oaymwEhCK4FEIIDSFryq4qpAxMIARUAAAAAGAElAADIQj0AgKJD&rs=AOn4CLBrkJpAypX0OlPD0qJJbOWTKSY1ng
Milan Fashion Week runway 2026,data/latest/images/Milan_Fashion_Week_runway_2026_c0bf510edc640893.jpg,https://tomandlorenzo.com/wp-content/uploads/2025/09/Prada-Spring-2026-Womenswear-Collection-Runway-Milan-Fashion-Week-TLO-20.jpg
Milan Fashion Week runway 2026,data/latest/images/Milan_Fashion_Week_runway_2026_fb9621b9aec26921.jpg,https://media.nowfashion.com/wp-content/uploads/2025/09/Ferragamo-Ready-To-Wear-Spring-Summer-2026-Milan-Fashion-Week-Runway-002.jpg
Milan Fashion Week runway 2026,data/latest/images/Milan_Fashion_Week_runway_2026_05bf53ae888796dc.jpg,https://wwd.com/wp-content/uploads/2025/09/Boss_RTW_SS26_Extras_GG_0021.jpg?w=800
Milan Fashion Week runway 2026,data/latest/images/Milan_Fashion_Week_runway_2026_d5ef83720db0aeb9.jpg,https://wwd.com/wp-content/uploads/2025/09/bottega-veneta-ss26-rtw-r-gg-0144.jpg?w=800
Milan Fashion Week runway 2026,data/latest/images/Milan_Fashion_Week_runway_2026_c00cf16e5be5bb3a.jpg,https://assets.vogue.com/photos/6909ede73dda481b04df2554/master/w_1280%2Cc_limit/00001-orange-culture-spring-2026-ready-to-wear-lagos-credit-brand.JPG
Milan Fashion Week runway 2026,data/latest/images/Milan_Fashion_Week_runway_2026_a146e8fc4be9fc25.jpg,https://media.nowfashion.com/wp-content/uploads/2025/09/Boss-Ready-To-Wear-Spring-Summer-2026-Milan-Fashion-Week-Runway-016.jpg
Milan Fashion Week runway 2026,data/latest/images/Milan_Fashion_Week_runway_2026_cbc7ab6cca853add.jpg,"https://hips.hearstapps.com/hmg-prod/images/fashion-trends-ss26-68fbaee27caa1.jpg?crop=0.670xw:1.00xh;0.167xw,0&resize=768:*"
Milan Fashion Week runway 2026,data/latest/images/Milan_Fashion_Week_runway_2026_6a0ad9f0d85ce948.jpg,https://media.gettyimages.com/id/2237204927/photo/etro-runway-milan-fashion-week-womenswear-spring-summer-2026.jpg?s=1024x1024&w=gi&k=20&c=fkMp8wnDpJg1_1tJfoY_WRNJyqE2WFWBJLPm2DFll6c=
Milan Fashion Week runway 2026,data/latest/images/Milan_Fashion_Week_runway_2026_63aa7fb03c21fed8.webp,https://images.squarespace-cdn.com/content/v1/6694c2db2145ed3febe82fff/1758886013640-RE6EUCMOS27K43ZDA788/Sportmax+S26+look+29.jpg?format=500w
Milan Fashion Week runway 2026,data/latest/images/Milan_Fashion_Week_runway_2026_3120bafcd6d0ce30.jpg,https://tomandlorenzo.com/wp-content/uploads/2025/09/Prada-Spring-2026-Womenswear-Collection-Runway-Milan-Fashion-Week-TLO-15.jpg
Milan Fashion Week runway 2026,data/latest/images/Milan_Fashion_Week_runway_2026_5955c1f78359b4d8.jpg,https://i.ytimg.com/vi/a4uQWQ3kf5M/hq720.jpg?sqp=-oaymwEhCK4FEIIDSFryq4qpAxMIARUAAAAAGAElAADIQj0AgKJD&rs=AOn4CLB8CzE3op1bz3rmaDutUvp_3Jv9sQ
Milan Fashion Week runway 2026,data/latest/images/Milan_Fashion_Week_runway_2026_5cf8c41488b2f574.jpg,https://media.gettyimages.com/id/2237392554/photo/milan-italy-a-model-walks-the-runway-at-the-genny-fashion-show-during-milan-fashion-week.jpg?s=612x612&w=gi&k=20&c=fNFpf17FwTFTj6TbMqUCD0Hk3sT8Jzbm670eLL7jHzw=
Milan Fashion Week runway 2026,data/latest/images/Milan_Fashion_Week_runway_2026_59eea1820542848c.jpg,https://img.evbuc.com/https%3A%2F%2Fcdn.evbuc.com%2Fimages%2F1168311533%2F2014167231483%2F1%2Foriginal.20251102-135500?crop=focalpoint&fit=crop&w=1000&auto=format%2Ccompress&q=75&sharp=10&fp-x=0.5&fp-y=0.5&s=4d3d0d84efcdf3124ae7a2bd6e0edcea
Milan Fashion Week runway 2026,data/latest/images/Milan_Fashion_Week_runway_2026_e69fa51732e27358.jpg,https://tomandlorenzo.com/wp-content/uploads/2025/06/Etro-Spring-2026-Menswear-Collection-Milan-Fashion-Week-TLO-1.jpg
Milan Fashion Week runway 2026,data/latest/images/Milan_Fashion_Week_runway_2026_80cdf04772dd7811.jpg,https://th.bing.com/th?id=ORMS.de21d3ad40c40289609c05bfbdf5e7ed&pid=Wdp&w=380&h=196&qlt=90&c=1&rs=1
Milan Fashion Week runway 2026,data/latest/images/Milan_Fashion_Week_runway_2026_6d4885bf640d0532.jpg,https://theimpression.com/wp-content/uploads/2025/09/_oby0594-11745621.jpg
Milan Fashion Week runway 2026,data/latest/images/Milan_Fashion_Week_runway_2026_bc8fb43a9c0db251.jpg,https://media.gettyimages.com/id/2237401118/photo/genny-runway-milan-fashion-week-womenswear-spring-summer-2026.jpg?s=594x594&w=gi&k=20&c=AAXu4tx_5cHzGQQTs4j6W1VYflnKUGMZhNIYnNqgRLE=
Milan Fashion Week runway 2026,data/latest/images/Milan_Fashion_Week_runway_2026_1aab88cff0f67df6.jpg,https://theimpression.com/wp-content/uploads/2025/09/_oby0634-11745621.jpg
Milan Fashion Week runway 2026,data/latest/images/Milan_Fashion_Week_runway_2026_01714c9b141975d4.jpg,https://i.ytimg.com/vi/8wniqgCpTZw/hq720.jpg?sqp=-oaymwEhCK4FEIIDSFryq4qpAxMIARUAAAAAGAElAADIQj0AgKJD&rs=AOn4CLBUC9kCd3vIelegzOLcnMLAJVBGSg
Milan Fashion Week runway 2026,data/latest/images/Milan_Fashion_Week_runway_2026_56bbc16726e54553.jpg,https://theimpression.com/wp-content/uploads/2025/09/_oby0831-11745621.jpg
Milan Fashion Week runway 2026,data/latest/images/Milan_Fashion_Week_runway_2026_4eeba4a35f3d37da.jpg,https://lookaside.instagram.com/seo/google_widget/crawler/?media_id=3758069352877904041
Milan Fashion Week runway 2026,data/latest/images/Milan_Fashion_Week_runway_2026_1a75a287657fec09.jpg,https://assets.vogue.com/photos/690e215c2e5cc058e6fe7a42/master/w_1280%2Cc_limit/00001-ernesto-naranjo-spring-2026-ready-to-wear-spain-credit-brand.jpg
Milan Fashion Week runway 2026,data/latest/images/Milan_Fashion_Week_runway_2026_fceccd6ec3d216a1.jpg,https://fashionweekonline.com/wp-content/uploads/2025/03/Anton-Giulio-Grande-1-copy.jpg
Milan Fashion Week runway 2026,data/latest/images/Milan_Fashion_Week_runway_2026_c2e8c4f024caffe5.jpg,https://img.evbuc.com/https%3A%2F%2Fcdn.evbuc.com%2Fimages%2F1170423928%2F1062058882043%2F1%2Foriginal.20251107-172016?crop=focalpoint&fit=crop&w=600&auto=format%2Ccompress&q=75&sharp=10&fp-x=0.5&fp-y=0.5&s=701de6507435c57227004a29aa012fd2
Milan Fashion Week runway 2026,data/latest/images/Milan_Fashion_Week_runway_2026_d20b9e6b70333381.jpg,https://fashionweekonline.com/wp-content/uploads/2025/11/karina-1invio-full_114-copy-356x364.jpg
Milan Fashion Week runway 2026,data/latest/images/Milan_Fashion_Week_runway_2026_2b01773d4048da19.jpg,https://lookaside.instagram.com/seo/google_widget/crawler/?media_id=3758077284717793134
Milan Fashion Week runway 2026,data/latest/images/Milan_Fashion_Week_runway_2026_8e0dc7da12324987.jpg,https://media.gettyimages.com/id/2221749389/photo/milan-italy-a-model-walks-the-runway-during-the-giorgio-armani-ready-to-wear-spring-summer.jpg?s=612x612&w=gi&k=20&c=i0mcZ3_LgG2-N9IcgT7ZFjyHFmeuh_YpkUtCmuGxlSY=
Milan Fashion Week runway 2026,data/latest/images/Milan_Fashion_Week_runway_2026_11c3f37054d900c0.jpg,https://s.yimg.com/ny/api/res/1.2/SFjh1CrWyte2EIyjaeIlrg--/YXBwaWQ9aGlnaGxhbmRlcjt3PTEyMDA7aD05MDA-/https://media.zenfs.com/en/aol_instyle_articles_696/de957109c4284dd5e314e555ee7e4e66
Milan Fashion Week runway 2026,data/latest/images/Milan_Fashion_Week_runway_2026_601fbd3159093226.webp,https://api.photon.aremedia.net.au/wp-content/uploads/sites/6/2025/09/milan-fashion-week-spring-2026-1920-x-1080-px-1080-x-1920-px-2-68d4c043a5aa7.jpg?fit=576%2C1024&resize=1080%2C1920
Milan Fashion Week runway 2026,data/latest/images/Milan_Fashion_Week_runway_2026_48c81a69487f8945.jpg,"https://hips.hearstapps.com/hmg-prod/images/olivia-palermo-attends-the-max-mara-front-row-during-milan-news-photo-1758879850.pjpeg?crop=0.937xw:0.939xh;0.0272xw,0.0443xh"
Milan Fashion Week runway 2026,data/latest/images/Milan_Fashion_Week_runway_2026_d036f7ab9dda5439.jpg,https://www.dailybloid.com/storage/media/2025/03/milan-fashion-week--fendi-fall-winter-2025-2026-collection-FENDI_FW25_21.jpg
Milan Fashion Week runway 2026,data/latest/images/Milan_Fashion_Week_runway_2026_c112e8b1474dc52e.jpg,https://theimpression.com/wp-content/uploads/2025/09/_oby0794-11745621.jpg
Milan Fashion Week runway 2026,data/latest/images/Milan_Fashion_Week_runway_2026_8fbcac18d07bdc1f.jpg,"https://hips.hearstapps.com/hmg-prod/images/demi-moore-at-the-gucci-fashion-show-as-part-of-spring-news-photo-1758711628.pjpeg?crop=0.893xw:0.894xh;0.0578xw,0.0454xh"
Milan Fashion Week runway 2026,data/latest/images/Milan_Fashion_Week_runway_2026_8f6b9baccc13b18a.webp,https://api.photon.aremedia.net.au/wp-content/uploads/sites/6/2025/09/milan-fashion-week-spring-2026-1920-x-1080-px-1080-x-1920-px-4-68d4c0421026e.jpg?fit=576%2C1024&resize=1080%2C1920
Milan Fashion Week runway 2026,data/latest/images/Milan_Fashion_Week_runway_2026_dacb2bc1c2e68476.webp,https://api.photon.aremedia.net.au/wp-content/uploads/sites/6/2025/09/milan-fashion-week-spring-2026-3-68d4a9bfaf313.jpg?fit=576%2C1024&resize=1080%2C1920
Milan Fashion Week runway 2026,data/latest/images/Milan_Fashion_Week_runway_2026_57b085d335eca7e7.png,https://www.stylerave.com/wp-content/uploads/2025/11/1000-x-1000-22-1.png
Milan Fashion Week runway 2026,data/latest/images/Milan_Fashion_Week_runway_2026_04ce65524ae006b6.jpg,https://imgix.bustle.com/uploads/image/2025/11/6/22a1bdfc/18th.jpg?w=390&h=312&fit=crop&crop=faces&dpr=2
Milan Fashion Week runway 2026,data/latest/images/Milan_Fashion_Week_runway_2026_2cacc58707fc8270.jpg,https://www.denimjeansobserver.com/mag/designer-denim-jeans-fashion/2026/ss/brands-a/anrealage-2026-spring-summer-womens-paris-fashion-week-heralbony-robotics-curved-wired-draped-11.jpg
Milan Fashion Week runway 2026,data/latest/images/Milan_Fashion_Week_runway_2026_d6f50f225bbc7bb2.jpg,https://theimpression.com/wp-content/uploads/2025/09/_oby0695-11745621.jpg
Milan Fashion Week runway 2026,data/latest/images/Milan_Fashion_Week_runway_2026_8a13003133d073f1.jpg,https://i0.wp.com/www.fashionality.nyc/wp-content/uploads/2025/11/SAGIO_SS26_LOOK8.jpg?ssl=1
Milan Fashion Week runway 2026,data/latest/images/Milan_Fashion_Week_runway_2026_c36514c7b9477c5c.jpg,https://rain-mag.com/uploads/optimized/unnamed-11-optimized-1762543337980.jpg
Milan Fashion Week runway 2026,data/latest/images/Milan_Fashion_Week_runway_2026_2ecbc2e608d86ca1.jpg,https://s.yimg.com/ny/api/res/1.2/eGO7hvW4lgMWzO64i.16bQ--/YXBwaWQ9aGlnaGxhbmRlcjt3PTY0MDtoPTk2MA--/https://media.zenfs.com/en/elle_ecomm_articles_938/ab2c114b5ba288f24d338fcb6439962a
Milan Fashion Week runway 2026,data/latest/images/Milan_Fashion_Week_runway_2026_5f69bfc84148df3f.webp,https://themessymuse.com/wp-content/uploads/2025/10/00002-stella-jean-spring-2026-ready-to-wear-credit-gorunway-683x1024.webp
Milan Fashion Week runway 2026,data/latest/images/Milan_Fashion_Week_runway_2026_8b6c36aee74b957d.jpg,https://b4209790.smushcdn.com/4209790/wp-content/uploads/2025/11/20F7-Fashion-Week-768x1024.jpeg?lossy=1&strip=1&webp=1
Milan Fashion Week runway 2026,data/latest/images/Milan_Fashion_Week_runway_2026_9d963244a91970c3.jpg,https://www.dailybloid.com/storage/media/2025/03/milan-fashion-week--fendi-fall-winter-2025-2026-collection-FENDI_FW25_74.jpg
Milan Fashion Week runway 2026,data/latest/images/Milan_Fashion_Week_runway_2026_68f0b2bdaf251d0f.png,https://tfashion.ai/_next/image?url=https%3A%2F%2Fimages.ctfassets.net%2F59pq84okjaya%2F5I0xtJpC15OvTvk6YyGa6Q%2Ffebea5eac390b5c5010e49241047eb84%2FEkran_Resmi_2025-10-02_15.36.58.png&w=3840&q=75
Milan Fashion Week runway 2026,data/latest/images/Milan_Fashion_Week_runway_2026_0c654fddfd7f62d7.png,https://hashtaglegend.com/wp-content/uploads/2025/11/00001-prada-spring-2026-menswear-credit-gorunway-1-683x1024.png
Milan Fashion Week runway 2026,data/latest/images/Milan_Fashion_Week_runway_2026_b07c8f128688a2a0.webp,https://api.photon.aremedia.net.au/wp-content/uploads/sites/5/2025/09/copy-of-mc-site-header-2-pics-horizontal-19-68d60c93bf44a.jpg?resize=1920%2C1080
runway fashion 2025,data/latest/images/runway_fashion_2025_1d70f0cf6d77eecc.jpg,https://s.yimg.com/ny/api/res/1.2/lKZMkK0cJangbfD3kM1VQA--/YXBwaWQ9aGlnaGxhbmRlcjt3PTEyNDI7aD02OTk7Y2Y9d2VicA--/https://s.yimg.com/os/creatr-uploaded-images/2025-11/e3f2f970-ba35-11f0-b5c5-7dcc509e61c3
runway fashion 2025,data/latest/images/runway_fashion_2025_5ab4c1e0d3e79033.webp,https://api.photon.aremedia.net.au/wp-content/uploads/sites/5/2025/10/gettyimages-2241294124-68f049e5eaa65-scaled.jpg?resize=650%2C975
runway fashion 2025,data/latest/images/runway_fashion_2025_c0a6c36c7ad98cd0.jpg,https://assets.vogue.com/photos/66e1c843c22905cb0212f62f/master/w_2560%2Cc_limit/00001-kallmeyer-spring-2025-ready-to-wear-credit-gorunway.jpg
runway fashion 2025,data/latest/images/runway_fashion_2025_dea2a7f756df5e26.png,https://www.stylerave.com/wp-content/uploads/2025/11/1000-x-1000-18-1.png
runway fashion 2025,data/latest/images/runway_fashion_2025_1c837228728f4bef.jpg,https://www.stellamccartney.com/dw/image/v2/BCWD_PRD/on/demandware.static/-/Library-Sites-StellaMcCartneySharedLibrary/default/dwa4d5a33c/images/Lookbooks/RTW/Summer25/SU25-SHOW-4x514.jpg?sw=1040&sh=1300
runway fashion 2025,data/latest/images/runway_fashion_2025_67005138eec04a78.jpg,https://www.stylerave.com/wp-content/uploads/2025/11/SaveClip.App_573145569_18543001144025304_153944299386062192_n.jpg
runway fashion 2025,data/latest/images/runway_fashion_2025_08821e39bb60c4f6.jpg,https://files.cdn.printful.com/o/upload/blog-post-img-upload/a6/a69c241023abb1da044f852126cb7cb9_t
runway fashion 2025,data/latest/images/runway_fashion_2025_78fb81c0d591e0a2.jpg,"https://hips.hearstapps.com/hmg-prod/images/this-combination-of-pictures-created-on-march-10-2025-shows-news-photo-1741645105.pjpeg?crop=0.96094xw:1xh;center,top&resize=1200:*"
runway fashion 2025,data/latest/images/runway_fashion_2025_cfc6c418f47a860f.jpg,https://www.stellamccartney.com/dw/image/v2/BCWD_PRD/on/demandware.static/-/Library-Sites-StellaMcCartneySharedLibrary/default/dw21cf8ff6/images/Lookbooks/RTW/Summer25/SU25-SHOW-4x511.jpg?sw=1040&sh=1300
runway fashion 2025,data/latest/images/runway_fashion_2025_adcc6cc061355dc3.jpg,https://hips.hearstapps.com/hmg-prod/images/model-walks-the-runway-during-the-valentino-le-meta-theatre-news-photo-1741557695.pjpeg?resize=640:*
runway fashion 2025,data/latest/images/runway_fashion_2025_38b8f0af9b770261.jpg,"https://hips.hearstapps.com/hmg-prod/images/this-combination-of-pictures-created-on-march-10-2025-shows-news-photo-1741645105.pjpeg?crop=0.48047xw:1xh;center,top&resize=1200:*"
runway fashion 2025,data/latest/images/runway_fashion_2025_4e8897d5f89e7cf5.jpg,https://i.ytimg.com/vi/S266dzOfuu0/hq720.jpg?sqp=-oaymwEhCK4FEIIDSFryq4qpAxMIARUAAAAAGAElAADIQj0AgKJD&rs=AOn4CLAmiO5vr1-HzV6p_CbvWTu7yaL1qw
runway fashion 2025,data/latest/images/runway_fashion_2025_e7642ea4b7e9de35.jpg,https://www.stellamccartney.com/dw/image/v2/BCWD_PRD/on/demandware.static/-/Library-Sites-StellaMcCartneySharedLibrary/default/dw2b1ce0cf/images/Lookbooks/RTW/Summer25/SU25-SHOW-4x512.jpg?sw=1040&sh=1300
runway fashion 2025,data/latest/images/runway_fashion_2025_74a7e4bdc067e0b1.jpg,https://assets.vogue.com/photos/67c0de027a373a2bccca1e71/master/w_2560%2Cc_limit/00001-roberto-cavalli-fall-2025-ready-to-wear-credit-gorunway.jpg
runway fashion 2025,data/latest/images/runway_fashion_2025_6da68d1287210017.webp,https://media.nowfashion.com/wp-content/uploads/2025/03/Zimmermann-Ready-To-Wear-Fall-Winter-2025-Paris-Fashion-Week-Runway-007.jpg
runway fashion 2025,data/latest/images/runway_fashion_2025_c80261de6618f37a.jpg,https://assets.vogue.com/photos/66fa9409edce1e8d0a080bb2/master/w_2560%2Cc_limit/00001-lutz-huelle-spring-2025-ready-to-wear-credit-gorunway.jpg
runway fashion 2025,data/latest/images/runway_fashion_2025_7a9df3c7cad45bbc.jpg,https://fashionweekonline.com/wp-content/uploads/2024/09/Time-RTW-SS25-Paris-15-copy.jpg
runway fashion 2025,data/latest/images/runway_fashion_2025_f0512e0eca5a4e64.jpg,https://media.nowfashion.com/wp-content/uploads/2025/03/Zimmermann-Ready-To-Wear-Fall-Winter-2025-Paris-Fashion-Week-Runway-006.jpg
runway fashion 2025,data/latest/images/runway_fashion_2025_05be84076fb58aee.jpg,https://cdn.fastpixel.io/fp/ret_img+v_d55a+w_683+h_1024+q_lossy+to_webp/esposagroup.com%2Fwp-content%2Fuploads%2F2025%2F07%2FGeorges-Hobeika-at-fashion-week-paris-2025-3-683x1024.jpg
runway fashion 2025,data/latest/images/runway_fashion_2025_a51e357136199a00.jpg,https://i.ytimg.com/vi/RmSjVzcF_WU/hq720.jpg?sqp=-oaymwEhCK4FEIIDSFryq4qpAxMIARUAAAAAGAElAADIQj0AgKJD&rs=AOn4CLBHnTsVBGkNZAk2Vxn_Pk3fnUH0hQ
runway fashion 2025,data/latest/images/runway_fashion_2025_993dc4bae11e7631.jpg,https://creatorsfaire.com/storage/2025/10/almee-couture-runway-show-powered-by-art-hearts-fashion-nyfw-2025-for-spring-summer-2026-38.jpg
runway fashion 2025,data/latest/images/runway_fashion_2025_0a73a5b354edcd78.jpg,"https://static.wixstatic.com/media/d9b8d2_c97ea76e14e4498c87e1b07b7402d3ac~mv2.jpeg/v1/fill/w_568,h_368,al_c,q_80,usm_0.66_1.00_0.01,enc_avif,quality_auto/d9b8d2_c97ea76e14e4498c87e1b07b7402d3ac~mv2.jpeg"
runway fashion 2025,data/latest/images/runway_fashion_2025_458425038ff62ea6.jpg,https://assets.vogue.com/photos/66ec790d2aa17896b5fa370e/16:9/pass/00001-moschino-spring-2025-ready-to-wear-credit-gorunway.jpg
runway fashion 2025,data/latest/images/runway_fashion_2025_24435c3f7513a33f.jpg,https://www.stellamccartney.com/dw/image/v2/BCWD_PRD/on/demandware.static/-/Library-Sites-StellaMcCartneySharedLibrary/default/dw951d8b47/images/Lookbooks/RTW/Summer25/SU25-SHOW-4x518.jpg?sw=1040&sh=1300
runway fashion 2025,data/latest/images/runway_fashion_2025_7ddb382b98dfbacd.jpg,https://www.stellamccartney.com/dw/image/v2/BCWD_PRD/on/demandware.static/-/Library-Sites-StellaMcCartneySharedLibrary/default/dw9eb343d1/images/Lookbooks/RTW/Summer25/SU25-SHOW-4x513.jpg?sw=1040&sh=1300
runway fashion 2025,data/latest/images/runway_fashion_2025_6ffa717a3d433d1a.jpg,https://tomandlorenzo.com/wp-content/uploads/2025/07/Tony-Ward-Fall-2025-Couture-Collection-Paris-Fashion-Week-Runway-TLO-12.jpg
runway fashion 2025,data/latest/images/runway_fashion_2025_cfda0433819692d1.jpg,https://i.ytimg.com/vi/_DJ2WDQKQ2I/maxresdefault.jpg
runway fashion 2025,data/latest/images/runway_fashion_2025_e4223dfc8003b4f9.webp,https://cassette.sphdigital.com.sg/image/harpersbazaar/141972d272155205477e22c35d481b266a09f9669d27bf0cc98dd9aeac23dd1c?w=660&q=85
runway fashion 2025,data/latest/images/runway_fashion_2025_7af66ecd40ea2958.jpg,https://media.nowfashion.com/wp-content/uploads/2025/03/Zimmermann-Ready-To-Wear-Fall-Winter-2025-Paris-Fashion-Week-Runway-037.jpg
runway fashion 2025,data/latest/images/runway_fashion_2025_a22829637fa7241c.webp,https://b3903846.smushcdn.com/3903846/wp-content/uploads/2025/11/MEGA_2025_WEBSITE_FEATURED_JAKARTA-FASHION-WEEK-2025-DAY-2-P.webp?lossy=2&strip=1&webp=1
runway fashion 2025,data/latest/images/runway_fashion_2025_e089f306e1d6b923.jpg,https://creatorsfaire.com/storage/2025/10/almee-couture-runway-show-powered-by-art-hearts-fashion-nyfw-2025-for-spring-summer-2026-5.jpg
runway fashion 2025,data/latest/images/runway_fashion_2025_02f7ee287988b91a.webp,https://api.photon.aremedia.net.au/wp-content/uploads/sites/5/2025/10/phoebe-tonkin-wedding-7-68f0529c0a538.jpg?resize=650%2C1156
runway fashion 2025,data/latest/images/runway_fashion_2025_6815bb39aa5fa3f0.jpg,https://tomandlorenzo.com/wp-content/uploads/2025/07/Tony-Ward-Fall-2025-Couture-Collection-Paris-Fashion-Week-Runway-TLO-22.jpg
runway fashion 2025,data/latest/images/runway_fashion_2025_b4bd35b7aea3c099.jpg,https://blogger.googleusercontent.com/img/a/AVvXsEiVXROIbWxQtc5pmSxBJpzxbr9V1sb-wry9JLvECFq36jFZqUYk-SaCCwxpqB2Cq0hEJWUYYCIYTUBqqfX6E9Loc3CXvhEaKRUydL8BpfC_i_z7KpMo0ZU2KBCWmFyHUbsW_Mxb3fjVt9qimd_lAwdz1Iu7KCkBzkT6T1ihRV60gmD4mqu9oq4aR7geGfk=s1044
runway fashion 2025,data/latest/images/runway_fashion_2025_02e397debe3fd332.jpg,https://images.303magazine.com/uploads/2025/11/2025-DFW-Spring_Brandi-McMichael_1-1400x600.jpg
runway fashion 2025,data/latest/images/runway_fashion_2025_9b9b7dc0faba08bd.jpg,https://cdn.fastpixel.io/fp/ret_img+v_ad87+w_1152+h_768+q_lossy+to_webp/esposagroup.com%2Fwp-content%2Fuploads%2F2025%2F07%2FFashion-Week-Paris-2025.jpg
runway fashion 2025,data/latest/images/runway_fashion_2025_52636437d82c4f72.png,https://www.chrislavish.com/wp-content/uploads/2025/11/Screenshot-2025-11-04-181639.png
runway fashion 2025,data/latest/images/runway_fashion_2025_ac8d5ba4e4979a68.webp,https://cassette.sphdigital.com.sg/image/harpersbazaar/91b0e5dac68e13d43f5f72e70ff084d1d77d85bf448b62ea67eed0472f6152b6?w=660&q=85
runway fashion 2025,data/latest/images/runway_fashion_2025_892a9d4e5c90aeed.jpg,https://i.ytimg.com/vi/M5i_tqJCn64/hq720.jpg?sqp=-oaymwEhCK4FEIIDSFryq4qpAxMIARUAAAAAGAElAADIQj0AgKJD&rs=AOn4CLBAm1mozwgvx2Y8C4vwRhNHoEJH1Q
runway fashion 2025,data/latest/images/runway_fashion_2025_b59fe4146bc358fd.webp,https://cassette.sphdigital.com.sg/image/harpersbazaar/e94535f8e50c76ce5a7d2c555b0f34e0374d08ce2e30c1cce93366212de24a6f?w=660&q=85
runway fashion 2025,data/latest/images/runway_fashion_2025_aafc94548001d744.jpg,https://graziamagazine.com/wp-content/uploads/2024/09/GettyImages-2174191617-scaled.jpg
runway fashion 2025,data/latest/images/runway_fashion_2025_e56d960208c89596.png,https://images.303magazine.com/uploads/2025/11/Screenshot-2025-11-05-at-9.03.47-pm-1-1400x600.png
runway fashion 2025,data/latest/images/runway_fashion_2025_7ae0ef32167e4606.jpg,https://assets.vogue.com/photos/67bb50d25043392de1c29d77/master/w_2560%2Cc_limit/00003-chet-lo-fall-2025-ready-to-wear-credit-gorunway.jpg
runway fashion 2025,data/latest/images/runway_fashion_2025_a49e51709497dbb1.png,https://stylecaster.com/wp-content/uploads/2024/09/swimwear-with-everyday-clothes.png?w=800
runway fashion 2025,data/latest/images/runway_fashion_2025_4a5d6743faa22ec5.jpg,"https://hips.hearstapps.com/hmg-prod/images/model-walks-the-runway-for-the-ralph-lauren-collection-fall-news-photo-1744918540.pjpeg?crop=0.9999xw:1xh;center,top"
runway fashion 2025,data/latest/images/runway_fashion_2025_e2bc59bb9a50bbf3.webp,https://api.photon.aremedia.net.au/wp-content/uploads/sites/5/2025/01/9-67986933866af.jpg?resize=1080%2C1920
runway fashion 2025,data/latest/images/runway_fashion_2025_087558e0956dc57f.jpg,https://fashionweekonline.com/wp-content/uploads/2024/09/Time-RTW-SS25-Paris-35-copy.jpg
runway fashion 2025,data/latest/images/runway_fashion_2025_ee30c3b3b5a9e8b0.webp,https://api.photon.aremedia.net.au/wp-content/uploads/sites/5/2025/01/4-678741327f371.jpg?resize=1080%2C1920
runway fashion 2025,data/latest/images/runway_fashion_2025_a756947f32a1dd49.jpg,https://media.nowfashion.com/wp-content/uploads/2025/03/Zimmermann-Ready-To-Wear-Fall-Winter-2025-Paris-Fashion-Week-Runway-010.jpg
runway fashion 2025,data/latest/images/runway_fashion_2025_43a48df123863f70.jpg,https://lookaside.instagram.com/seo/google_widget/crawler/?media_id=3757757572678696776
runway fashion 2025,data/latest/images/runway_fashion_2025_6261fb11c357cefe.webp,https://api.photon.aremedia.net.au/wp-content/uploads/sites/5/2025/01/5-6798692f22a8e.jpg?resize=1080%2C1920
runway fashion 2025,data/latest/images/runway_fashion_2025_347e4e00e9e1c5ce.jpg,https://images-prod.anothermag.com/1400/azure/another-prod/450/2/452537.jpg
runway fashion 2025,data/latest/images/runway_fashion_2025_5f89db4782338d6c.jpg,https://cdn.mos.cms.futurecdn.net/xAU5xaCYQiXppebVQ8ACsd.jpg
runway fashion 2025,data/latest/images/runway_fashion_2025_ddf50efb99dc5f8f.jpg,https://lookaside.instagram.com/seo/google_widget/crawler/?media_id=3760128635085630498
runway fashion 2025,data/latest/images/runway_fashion_2025_18b5e822472e79a0.jpg,https://fashionweekonline.com/wp-content/uploads/2024/09/Time-RTW-SS25-Paris-39-copy.jpg
runway fashion 2025,data/latest/images/runway_fashion_2025_4dbf11698f58212b.jpg,https://media.modernluxury.com/ntgpghfuax/uploads/2025/11/04/9A7E2A3D-62E5-48A2-B34D-76FDD5356B37.jpg
runway fashion 2025,data/latest/images/runway_fashion_2025_f624158e7228ae2c.jpg,https://graziamagazine.com/wp-content/uploads/2024/09/GettyImages-2174191492-scaled.jpg
Tokyo Fashion Week street style 2025,data/latest/images/Tokyo_Fashion_Week_street_style_2025_2392c1ac767274e2.jpg,https://i.ytimg.com/vi/C53_0RxTGKk/hq720.jpg?sqp=-oaymwEhCK4FEIIDSFryq4qpAxMIARUAAAAAGAElAADIQj0AgKJD&rs=AOn4CLBSgO27wdU_aptBJ731Yp20gqyXDQ
Tokyo Fashion Week street style 2025,data/latest/images/Tokyo_Fashion_Week_street_style_2025_0b4ba755974d36fb.jpg,https://assets.vogue.com/photos/6908ca06776db16835835b87/3:4/w_1600%2Cc_limit/LAGOSFASHIONWEEK2025_STREETSTYLE_DAY3_STEPHENTAYO_002.jpg
Tokyo Fashion Week street style 2025,data/latest/images/Tokyo_Fashion_Week_street_style_2025_29ab73239f1010d6.png,https://thezenithmagazine.com/wp-content/uploads/2025/03/image-179.png
Tokyo Fashion Week street style 2025,data/latest/images/Tokyo_Fashion_Week_street_style_2025_c5f4efa32650abc7.jpg,https://fashionista.com/.image/ar_16:9%2Cc_fill%2Ccs_srgb%2Cfl_progressive%2Cg_faces:center%2Cq_auto:good%2Cw_620/MTY3NzAxNzQxMDU4NDAxMzc5/tokyo-fashion-week-street-style-spring-2020.jpg
Tokyo Fashion Week street style 2025,data/latest/images/Tokyo_Fashion_Week_street_style_2025_65ce0a77d0ac3196.jpg,https://assets.vogue.com/photos/65f9c45f3b27bac6a585e17d/1:1/w_354%2Cc_limit/KIKO-KOSTANDINOV-vogue-business-story.jpg
Tokyo Fashion Week street style 2025,data/latest/images/Tokyo_Fashion_Week_street_style_2025_a42285058b50fbf7.jpg,"https://hips.hearstapps.com/hmg-prod/images/guest-is-seen-wearing-a-multicolor-coat-trousers-and-camper-news-photo-1745919740.pjpeg?crop=1xw:1xh;center,top"
Tokyo Fashion Week street style 2025,data/latest/images/Tokyo_Fashion_Week_street_style_2025_eb6ea280ef3a647b.jpg,https://cdn.mos.cms.futurecdn.net/uELvZpwZzEnnCrtdVWtq4M.jpg
Tokyo Fashion Week street style 2025,data/latest/images/Tokyo_Fashion_Week_street_style_2025_9a87334949b26243.jpg,https://lookaside.instagram.com/seo/google_widget/crawler/?media_id=3760021624281079816
Tokyo Fashion Week street style 2025,data/latest/images/Tokyo_Fashion_Week_street_style_2025_cece3cd99ad33d80.jpg,https://lookaside.instagram.com/seo/google_widget/crawler/?media_id=3761823226151372054
Tokyo Fashion Week street style 2025,data/latest/images/Tokyo_Fashion_Week_street_style_2025_ee1240965493b61b.jpg,https://media.gettyimages.com/id/1457120766/photo/street-style-spring-summer-2016-tokyo-fashion-week-japan-14-oct-2015.jpg?s=594x594&w=gi&k=20&c=iF8Mm4mKlE2sI3bI19ziwM1PSbDW_sN30Evr0SnmMhA=
Tokyo Fashion Week street style 2025,data/latest/images/Tokyo_Fashion_Week_street_style_2025_4066b70d8e577f8c.jpg,https://lookaside.instagram.com/seo/google_widget/crawler/?media_id=3761823226109476051
Tokyo Fashion Week street style 2025,data/latest/images/Tokyo_Fashion_Week_street_style_2025_10e1010c9abd75da.jpg,https://assets.vogue.com/photos/64f60ae7cd749e35966b69e7/1:1/w_354%2Cc_limit/tokyo-fashion-week-vogbus-sep5-story.jpg
Tokyo Fashion Week street style 2025,data/latest/images/Tokyo_Fashion_Week_street_style_2025_13356502bf95e138.jpg,https://www.thefashionspot.com/wp-content/uploads/sites/11/gallery/tokyo-street-style/tokyo-str-f18-103.jpg
Tokyo Fashion Week street style 2025,data/latest/images/Tokyo_Fashion_Week_street_style_2025_bf31e016cedd5bdf.jpg,https://media.gettyimages.com/id/1386474543/photo/day-six-rakuten-fashion-week-tokyo-2022-a-w.jpg?s=1024x1024&w=gi&k=20&c=NxnCsyp71hGmNveV67Lw0c7uT6dWcW68sn2hgHjlvho=
Tokyo Fashion Week street style 2025,data/latest/images/Tokyo_Fashion_Week_street_style_2025_d20e9494d69c1158.jpg,https://smart.dhgate.com/wp-content/uploads/2025/09/90e51aea0a3366778d91aaf5d040c18b.jpg
Tokyo Fashion Week street style 2025,data/latest/images/Tokyo_Fashion_Week_street_style_2025_b4c0b88277c7aea9.jpg,https://assets.vogue.com/photos/68b6ec667f4a0743ca30e5e7/1:1/w_354%2Cc_limit/TFW-ANNIVERSARY-STORY.jpg
Tokyo Fashion Week street style 2025,data/latest/images/Tokyo_Fashion_Week_street_style_2025_ceebde0f5fcdd0fb.jpg,https://lookaside.instagram.com/seo/google_widget/crawler/?media_id=3761823226143015673
Tokyo Fashion Week street style 2025,data/latest/images/Tokyo_Fashion_Week_street_style_2025_67cae26ff1737cea.jpg,https://lookaside.instagram.com/seo/google_widget/crawler/?media_id=3761823226126265328
Tokyo Fashion Week street style 2025,data/latest/images/Tokyo_Fashion_Week_street_style_2025_ccc341fc8a7fb8c1.png,https://textilevaluechain.in/wp-content/uploads/2025/11/Tvc-2025-11-04T111511.203.png
Tokyo Fashion Week street style 2025,data/latest/images/Tokyo_Fashion_Week_street_style_2025_c622477b1ce78357.jpg,https://i.ytimg.com/vi/B-4itY_zpmk/hq720.jpg?sqp=-oaymwEhCK4FEIIDSFryq4qpAxMIARUAAAAAGAElAADIQj0AgKJD&rs=AOn4CLCpHdspswkdtrSXLDkIezeVp0C-eQ
Tokyo Fashion Week street style 2025,data/latest/images/Tokyo_Fashion_Week_street_style_2025_e83fcb6fd787d537.jpg,https://fashionista.com/.image/ar_4:3%2Cc_fill%2Ccs_srgb%2Cfl_progressive%2Cq_auto:good%2Cw_1200/MTYyODk4OTk1MzQ4MjUyMjQ4/seoul-fashion-week-street-style-fall-2019.jpg
Tokyo Fashion Week street style 2025,data/latest/images/Tokyo_Fashion_Week_street_style_2025_250f4b9f6fa10b57.jpg,"https://substackcdn.com/image/fetch/$s_!1_4r!,w_474,c_limit,f_auto,q_auto:good,fl_progressive:steep/https%3A%2F%2Fsubstack-post-media.s3.amazonaws.com%2Fpublic%2Fimages%2Fb92de8ca-bc00-4ce6-9e80-fd7591ea6026_2667x4000.jpeg"
Tokyo Fashion Week street style 2025,data/latest/images/Tokyo_Fashion_Week_street_style_2025_da40021e265f7a68.jpg,https://assets.vogue.com/photos/5ab6ef80c5b9cc56a7d911b9/master/w_1024%2Cc_limit/06-tokyo-fw-18-street-style-day-6.jpg
Tokyo Fashion Week street style 2025,data/latest/images/Tokyo_Fashion_Week_street_style_2025_253a8e581093b422.webp,https://media.thecoolhour.com/wp-content/uploads/2025/10/27185149/th-ambush.webp
Tokyo Fashion Week street style 2025,data/latest/images/Tokyo_Fashion_Week_street_style_2025_b7b9ea8d81c8054a.webp,https://cassette.sphdigital.com.sg/image/harpersbazaar/87f0b509429b10a805321257046e5625be798e4efab885a71729efc95375f5e9?w=280&q=85
Tokyo Fashion Week street style 2025,data/latest/images/Tokyo_Fashion_Week_street_style_2025_4bba912b2a487f9c.jpg,https://image-cdn.hypb.st/https%3A%2F%2Fhypebeast.com%2Fimage%2F2025%2F10%2F31%2Fthe-couture-club-runway-fall-winter-2025-collection-release-info-0.jpg?fit=max&cbr=1&q=90&w=750&h=500
Tokyo Fashion Week street style 2025,data/latest/images/Tokyo_Fashion_Week_street_style_2025_5bb2dcb67e75f972.jpg,https://media.gettyimages.com/id/1458395387/photo/taw-tokyo-fashion-week-fall-2015-tokyo.jpg?s=1024x1024&w=gi&k=20&c=KQi83ZZEYku_sptdJJ6SVa0UzwFgvzsPD8qOnXWYj4s=
Tokyo Fashion Week street style 2025,data/latest/images/Tokyo_Fashion_Week_street_style_2025_04038a08b4883a65.jpg,https://wwd.com/wp-content/uploads/2025/11/GettyImages-2244773085.jpg?w=1000
Tokyo Fashion Week street style 2025,data/latest/images/Tokyo_Fashion_Week_street_style_2025_8ed2894385088010.webp,https://cassette.sphdigital.com.sg/image/harpersbazaar/61ec9e7a7d286ae22211d46409cb35761ba809b1a8708c4ce689445c04fdf509?w=280&q=85
Tokyo Fashion Week street style 2025,data/latest/images/Tokyo_Fashion_Week_street_style_2025_ebda64f680fd5c82.jpg,https://smart.dhgate.com/wp-content/uploads/2025/09/TK-2018-05-05-006-001-Harajuku.jpg
Tokyo Fashion Week street style 2025,data/latest/images/Tokyo_Fashion_Week_street_style_2025_484effcbb8dc7529.jpg,https://i.ytimg.com/vi/Fm1ZZsaU7R4/hq720.jpg?sqp=-oaymwEhCK4FEIIDSFryq4qpAxMIARUAAAAAGAElAADIQj0AgKJD&rs=AOn4CLB_16waOYzWi5TulIDkTv-ZtxLl6A
Tokyo Fashion Week street style 2025,data/latest/images/Tokyo_Fashion_Week_street_style_2025_768a0f768f1e2549.webp,https://media.thecoolhour.com/wp-content/uploads/2025/10/27185046/imgi_28_17.webp
Tokyo Fashion Week street style 2025,data/latest/images/Tokyo_Fashion_Week_street_style_2025_4d2b11835f02057f.png,https://jingdaily.com/_next/image?url=https%3A%2F%2Fcdn.sanity.io%2Fimages%2Ff8lauh0h%2Fproduction%2F7d4b04a6a69322088aa4fa86f625b8b446c77444-2096x1346.png%3Fq%3D95%26fit%3Dmax%26auto%3Dformat&w=3840&q=95
Tokyo Fashion Week street style 2025,data/latest/images/Tokyo_Fashion_Week_street_style_2025_39a5a76d20dd5ead.jpg,https://media.gettyimages.com/id/161510798/photo/street-style-day-5-fall-2013-new-york-fashion-week.jpg?s=594x594&w=gi&k=20&c=NO4kejRgBV2LzsypShG-WCa-txM1l1vxxcL_FXgKbYw=
Tokyo Fashion Week street style 2025,data/latest/images/Tokyo_Fashion_Week_street_style_2025_dde9bf5add928e87.webp,https://media.thecoolhour.com/wp-content/uploads/2025/11/02134842/benmoyal-redefines-street-elegance-for-spring-summer-2026-32.webp
Tokyo Fashion Week street style 2025,data/latest/images/Tokyo_Fashion_Week_street_style_2025_149512b8a35e58b4.png,https://pauseonline.s3.eu-west-2.amazonaws.com/wp-content/uploads/2025/11/Copy-of-Untitled-1200-x-800-px-3-600x403.png
Tokyo Fashion Week street style 2025,data/latest/images/Tokyo_Fashion_Week_street_style_2025_3a1ef37f0b787558.jpg,https://img.businessoffashion.com/resizer/v2/PZ5PP4YESBBM5AXHZMFBUHUV7E.png?focal=898%2C483&auth=700725150b7b71717c7d57ee84ce039cab551a1db58c52bcbfdf50f2d7594ba0&width=800&height=450
Tokyo Fashion Week street style 2025,data/latest/images/Tokyo_Fashion_Week_street_style_2025_8aff395e141670da.webp,https://media.ebony.com/sytwmfsyue/styles/card-social/2025/06/30/GettyImages-2221962446.jpg.webp?version=690fe933226a5
Tokyo Fashion Week street style 2025,data/latest/images/Tokyo_Fashion_Week_street_style_2025_1c6eaede1aa246e8.png,https://cdn.mos.cms.futurecdn.net/96oSGCGvYxPmtLsTEhUwd8.png
Tokyo Fashion Week street style 2025,data/latest/images/Tokyo_Fashion_Week_street_style_2025_333c9a26b6455b44.jpg,https://fashionweekonline.com/wp-content/uploads/2024/09/Ruohan_ss25_runway_press_look006-copy.jpg
Tokyo Fashion Week street style 2025,data/latest/images/Tokyo_Fashion_Week_street_style_2025_aecd1a103ccab9eb.jpg,https://voguesg.s3.ap-southeast-1.amazonaws.com/wp-content/uploads/2025/10/03112609/BANNER-2.jpg
Tokyo Fashion Week street style 2025,data/latest/images/Tokyo_Fashion_Week_street_style_2025_fe61b2c753b58084.jpg,https://fashionweekonline.com/wp-content/uploads/2024/03/Shiatzy-Chen-Autumn-Winter-2024-2025-Collection-Scene-of-Ink-1000x580.jpg
Tokyo Fashion Week street style 2025,data/latest/images/Tokyo_Fashion_Week_street_style_2025_cd5491c85820fa16.jpg,https://tokyo.record.style/wp-content/uploads/2025/11/002_BrianScottPeterson_20250908_112A1864-scaled.jpg
Tokyo Fashion Week street style 2025,data/latest/images/Tokyo_Fashion_Week_street_style_2025_8e4c8a7c1a4c7c68.jpg,https://static01.nyt.com/images/2025/11/04/multimedia/04LOTW-BROOKS-01-pmqb/04LOTW-BROOKS-01-pmqb-mobileMasterAt3x.jpg
Tokyo Fashion Week street style 2025,data/latest/images/Tokyo_Fashion_Week_street_style_2025_3ce3497a691f6120.jpg,https://fashionweekonline.com/wp-content/uploads/2024/10/021-copy-2.jpg
Tokyo Fashion Week street style 2025,data/latest/images/Tokyo_Fashion_Week_street_style_2025_defc62c873cc37ea.jpg,https://sharpmagazine.com/wp-content/uploads/2018/03/0V1A5016.jpg
Tokyo Fashion Week street style 2025,data/latest/images/Tokyo_Fashion_Week_street_style_2025_bf943e5fbb353c58.jpg,https://news.samsungcnt.com/upload/2.0/wp-content/uploads/sites/3/2025/11/1200px-8seconds-Expands-the-K-Pop-Universe-with-%E2%80%98K-Pop-Demon-Hunters-Collaboration.jpg
